DATA_COMPRA,COD_CLIENTE,COD_PRODUTO,NOME_PRODUTO
20200515,99DL9N01,26243,SUPORTE UNIV. BEDIN BU-25                    
20200515,99DL9N01,26243,SUPORTE UNIV. BEDIN BU-25                    
20200515,77602301,21653,SUPORTE TV UNIVERSAL LCD/LED 10 A 71 SBRUB750
20200515,22047601,21653,SUPORTE TV UNIVERSAL LCD/LED 10 A 71 SBRUB750
20200515,69222401,21653,SUPORTE TV UNIVERSAL LCD/LED 10 A 71 SBRUB750
20200515,99L6ZO01,21653,SUPORTE TV UNIVERSAL LCD/LED 10 A 71 SBRUB750
20200515,99JBQK01,25996,"TELEVISOR 32"" 32S6500S HD LED SEMP TCL       "
20200515,06554901,21653,SUPORTE TV UNIVERSAL LCD/LED 10 A 71 SBRUB750
20200515,9OP7MT01,21653,SUPORTE TV UNIVERSAL LCD/LED 10 A 71 SBRUB750
20200515,86842301,20599,ROTEADOR RE160 300 MBPS NOVO (05)            
20200515,99CVEA01,21653,SUPORTE TV UNIVERSAL LCD/LED 10 A 71 SBRUB750
20200515,9OB8YL01,21653,SUPORTE TV UNIVERSAL LCD/LED 10 A 71 SBRUB750
20200515,47477801,21653,SUPORTE TV UNIVERSAL LCD/LED 10 A 71 SBRUB750
20200515,47477801,26325,"TELEVISOR SMART 43"" 43S5300 HD BLUET SEMP TCL"
20200515,99MH4O01,25996,"TELEVISOR 32"" 32S6500S HD LED SEMP TCL       "
20200515,99MH4O01,21653,SUPORTE TV UNIVERSAL LCD/LED 10 A 71 SBRUB750
20200515,18227501,19525,RADIO RECEPTOR 2 FXS RM PFT22AC              
20200515,01952001,24716,RECEPTOR MIDIA BOX HDTV B3                   
20200515,22990901,21653,SUPORTE TV UNIVERSAL LCD/LED 10 A 71 SBRUB750
20200515,99DP0Q01,21653,SUPORTE TV UNIVERSAL LCD/LED 10 A 71 SBRUB750
20200515,01952001,21029,ANTENA 1.70 MT MULTIPONTO CENTURY            
20200515,54951201,25996,"TELEVISOR 32"" 32S6500S HD LED SEMP TCL       "
20200515,20655301,21653,SUPORTE TV UNIVERSAL LCD/LED 10 A 71 SBRUB750
20200515,99E7G601,21653,SUPORTE TV UNIVERSAL LCD/LED 10 A 71 SBRUB750
20200515,99C02V01,21653,SUPORTE TV UNIVERSAL LCD/LED 10 A 71 SBRUB750
20200515,31550601,21653,SUPORTE TV UNIVERSAL LCD/LED 10 A 71 SBRUB750
20200515,54951201,21653,SUPORTE TV UNIVERSAL LCD/LED 10 A 71 SBRUB750
20200515,99LZ4U01,21653,SUPORTE TV UNIVERSAL LCD/LED 10 A 71 SBRUB750
20200515,84626701,21653,SUPORTE TV UNIVERSAL LCD/LED 10 A 71 SBRUB750
20200515,84626701,26325,"TELEVISOR SMART 43"" 43S5300 HD BLUET SEMP TCL"
20200515,99HGL501,25904,"TELEVISOR SMART 50"" UHD BT UN50RU7100 SAMSUNG"
20200515,99HGL501,21653,SUPORTE TV UNIVERSAL LCD/LED 10 A 71 SBRUB750
20200515,9O9FL901,26327,"TELEVISOR SMART 55"" 55P8M 4K UHD BLT SEMP TCL"
20200515,9O9FL901,21653,SUPORTE TV UNIVERSAL LCD/LED 10 A 71 SBRUB750
20200515,90571901,26574,SMARTPHONE SAMSUNG GAL A30S 64GB BRANCO      
20200515,09360301,21653,SUPORTE TV UNIVERSAL LCD/LED 10 A 71 SBRUB750
20200515,9OFZMC01,21653,SUPORTE TV UNIVERSAL LCD/LED 10 A 71 SBRUB750
20200515,9OONYI01,25728,SMARTPHONE SAMSUNG GAL J4 CORE 16GB PRETO    
20200515,9O5P8X01,26585,SMARTPHONE MOTOROLA MOTO ONE MACRO 64GB AZUL 
20200515,9OBZW301,21653,SUPORTE TV UNIVERSAL LCD/LED 10 A 71 SBRUB750
20200515,02058601,21653,SUPORTE TV UNIVERSAL LCD/LED 10 A 71 SBRUB750
20200515,99CD5001,25996,"TELEVISOR 32"" 32S6500S HD LED SEMP TCL       "
20200515,99CD5001,21653,SUPORTE TV UNIVERSAL LCD/LED 10 A 71 SBRUB750
20200515,9O6LMF01,21653,SUPORTE TV UNIVERSAL LCD/LED 10 A 71 SBRUB750
20200515,99EJVN01,25998,"TELEVISOR 43"" 43S6500FS FULL HD SEMP TCL     "
20200515,99EJVN01,21653,SUPORTE TV UNIVERSAL LCD/LED 10 A 71 SBRUB750
20200515,99G8ZP01,26432,AUTO RADIO AR-06 PRETO                       
20200515,23867001,21653,SUPORTE TV UNIVERSAL LCD/LED 10 A 71 SBRUB750
20200515,99MVFR01,21653,SUPORTE TV UNIVERSAL LCD/LED 10 A 71 SBRUB750
20200515,99COO101,21653,SUPORTE TV UNIVERSAL LCD/LED 10 A 71 SBRUB750
20200515,9O024B01,21653,SUPORTE TV UNIVERSAL LCD/LED 10 A 71 SBRUB750
20200515,YZ342601,21653,SUPORTE TV UNIVERSAL LCD/LED 10 A 71 SBRUB750
20200515,YZ0XQY01,21653,SUPORTE TV UNIVERSAL LCD/LED 10 A 71 SBRUB750
20200515,YYZEOI01,21653,SUPORTE TV UNIVERSAL LCD/LED 10 A 71 SBRUB750
20200515,YZ362201,25996,"TELEVISOR 32"" 32S6500S HD LED SEMP TCL       "
20200515,YZ362201,21653,SUPORTE TV UNIVERSAL LCD/LED 10 A 71 SBRUB750
20200514,99BU6Z01,21653,SUPORTE TV UNIVERSAL LCD/LED 10 A 71 SBRUB750
20200514,19765101,21653,SUPORTE TV UNIVERSAL LCD/LED 10 A 71 SBRUB750
20200514,9O6IO301,21653,SUPORTE TV UNIVERSAL LCD/LED 10 A 71 SBRUB750
20200514,9OM5F901,21653,SUPORTE TV UNIVERSAL LCD/LED 10 A 71 SBRUB750
20200514,9OP1U801,21653,SUPORTE TV UNIVERSAL LCD/LED 10 A 71 SBRUB750
20200514,9NY7KH01,21653,SUPORTE TV UNIVERSAL LCD/LED 10 A 71 SBRUB750
20200514,14147601,21653,SUPORTE TV UNIVERSAL LCD/LED 10 A 71 SBRUB750
20200514,33584301,21653,SUPORTE TV UNIVERSAL LCD/LED 10 A 71 SBRUB750
20200514,64662601,21653,SUPORTE TV UNIVERSAL LCD/LED 10 A 71 SBRUB750
20200514,63837301,26545,SMARTPHONE SAMSUNG GAL A10S 32GB AZUL        
20200514,9O03ZV01,26325,"TELEVISOR SMART 43"" 43S5300 HD BLUET SEMP TCL"
20200514,9O03ZV01,21653,SUPORTE TV UNIVERSAL LCD/LED 10 A 71 SBRUB750
20200514,99O77R01,21653,SUPORTE TV UNIVERSAL LCD/LED 10 A 71 SBRUB750
20200514,99O77R01,25727,SMARTPHONE SAMSUNG GAL J2 CORE 16GB PRATA    
20200514,99KDE601,25996,"TELEVISOR 32"" 32S6500S HD LED SEMP TCL       "
20200514,10221401,26582,SMARTPHONE MOTOROLA MOTO G8 PLAY 32GB VERM   
20200514,9OR8VZ01,21653,SUPORTE TV UNIVERSAL LCD/LED 10 A 71 SBRUB750
20200514,24163701,21653,SUPORTE TV UNIVERSAL LCD/LED 10 A 71 SBRUB750
20200514,99AU9201,25726,SMARTPHONE SAMSUNG GAL J2 CORE 16GB PRETO    
20200514,9OQR8501,21653,SUPORTE TV UNIVERSAL LCD/LED 10 A 71 SBRUB750
20200514,9OQR8501,26243,SUPORTE UNIV. BEDIN BU-25                    
20200514,9O6YXI01,21653,SUPORTE TV UNIVERSAL LCD/LED 10 A 71 SBRUB750
20200514,99KGTN01,21653,SUPORTE TV UNIVERSAL LCD/LED 10 A 71 SBRUB750
20200514,99KGTN01,25998,"TELEVISOR 43"" 43S6500FS FULL HD SEMP TCL     "
20200514,21661301,21653,SUPORTE TV UNIVERSAL LCD/LED 10 A 71 SBRUB750
20200514,00740801,21653,SUPORTE TV UNIVERSAL LCD/LED 10 A 71 SBRUB750
20200514,58095001,21653,SUPORTE TV UNIVERSAL LCD/LED 10 A 71 SBRUB750
20200514,99MAME01,26579,SMARTPHONE MOTOROLA MOTO E6 PLAY 32GB CINZA  
20200514,YYZTG801,19525,RADIO RECEPTOR 2 FXS RM PFT22AC              
20200514,9OCW5601,26525,SMARTPHONE LG K12 MAX AZUL                   
20200514,9NXEDG01,21653,SUPORTE TV UNIVERSAL LCD/LED 10 A 71 SBRUB750
20200514,YZ304001,26584,SMARTPHONE MOTOROLA MOTO G8 PLUS 64GB CEREJA 
20200514,YZ304001,21653,SUPORTE TV UNIVERSAL LCD/LED 10 A 71 SBRUB750
20200514,YYZEOI01,25354,"TELEVISOR SMART 32"" UN32J4290 SAMSUNG        "
20200514,YZ171701,25998,"TELEVISOR 43"" 43S6500FS FULL HD SEMP TCL     "
20200514,YZ171701,21653,SUPORTE TV UNIVERSAL LCD/LED 10 A 71 SBRUB750
20200513,YZ0ZZM01,21653,SUPORTE TV UNIVERSAL LCD/LED 10 A 71 SBRUB750
20200513,YZ245101,25996,"TELEVISOR 32"" 32S6500S HD LED SEMP TCL       "
20200513,YZ245101,21653,SUPORTE TV UNIVERSAL LCD/LED 10 A 71 SBRUB750
20200513,YZ237501,21653,SUPORTE TV UNIVERSAL LCD/LED 10 A 71 SBRUB750
20200513,YZ268501,21653,SUPORTE TV UNIVERSAL LCD/LED 10 A 71 SBRUB750
20200513,YZ268501,25996,"TELEVISOR 32"" 32S6500S HD LED SEMP TCL       "
20200513,03846101,21653,SUPORTE TV UNIVERSAL LCD/LED 10 A 71 SBRUB750
20200513,9NXEDG01,25356,"TELEVISOR SMART 49"" UN49J5290 SAMSUNG        "
20200513,90305501,21653,SUPORTE TV UNIVERSAL LCD/LED 10 A 71 SBRUB750
20200513,99D5P701,25995,"TELEVISOR 24"" S1300 L1850 HD LED SEMP TCL    "
20200513,99D5P701,21653,SUPORTE TV UNIVERSAL LCD/LED 10 A 71 SBRUB750
20200513,23548301,21653,SUPORTE TV UNIVERSAL LCD/LED 10 A 71 SBRUB750
20200513,99EJVN01,26583,SMARTPHONE MOTOROLA MOTO G8 PLUS 64GB AZUL SF
20200513,20618501,23802,BOOMBOX BX-19 BIVOLT UP DYNAMIC              
20200513,20618501,21653,SUPORTE TV UNIVERSAL LCD/LED 10 A 71 SBRUB750
20200513,99I5NZ01,25172,SMARTPHONE LG K9 TV LM-X210BMW PRETO         
20200513,12777901,26590,RADIO PORTATIL TR04B C/CD/BLUETOOTH SEMP     
20200513,99CQZA01,21653,SUPORTE TV UNIVERSAL LCD/LED 10 A 71 SBRUB750
20200513,9OHDB201,21653,SUPORTE TV UNIVERSAL LCD/LED 10 A 71 SBRUB750
20200513,9ORAO101,25996,"TELEVISOR 32"" 32S6500S HD LED SEMP TCL       "
20200513,9ORAO101,21653,SUPORTE TV UNIVERSAL LCD/LED 10 A 71 SBRUB750
20200513,99E5U001,25998,"TELEVISOR 43"" 43S6500FS FULL HD SEMP TCL     "
20200513,99E5U001,21653,SUPORTE TV UNIVERSAL LCD/LED 10 A 71 SBRUB750
20200513,24929801,25728,SMARTPHONE SAMSUNG GAL J4 CORE 16GB PRETO    
20200513,15673901,24716,RECEPTOR MIDIA BOX HDTV B3                   
20200513,99D39U01,25435,TABLET NB732 MINI MS50X PRETO                
20200513,98337901,21653,SUPORTE TV UNIVERSAL LCD/LED 10 A 71 SBRUB750
20200513,98337901,26324,"TELEVISOR SMART 32"" 32S5300 HD BLUET SEMP TCL"
20200513,99H8LA01,25356,"TELEVISOR SMART 49"" UN49J5290 SAMSUNG        "
20200513,99H8LA01,21653,SUPORTE TV UNIVERSAL LCD/LED 10 A 71 SBRUB750
20200513,99INJD01,26324,"TELEVISOR SMART 32"" 32S5300 HD BLUET SEMP TCL"
20200513,99INJD01,21653,SUPORTE TV UNIVERSAL LCD/LED 10 A 71 SBRUB750
20200513,01572601,25250,SMARTPHONE SAMSUNG GAL J6 64GB DB VIOLETA    
20200513,01572601,26574,SMARTPHONE SAMSUNG GAL A30S 64GB BRANCO      
20200513,01572601,25366,TABLET NB728 MINI MS40G PRETO                
20200513,25818001,26630,TABLET NB316 M7S 16GB QUAD CORE PRETO        
20200513,99BY1501,26569,SMARTPHONE SAMSUNG GAL A10S 32GB PRETO       
20200513,9OQV3R01,21653,SUPORTE TV UNIVERSAL LCD/LED 10 A 71 SBRUB750
20200513,9OQV3R01,21029,ANTENA 1.70 MT MULTIPONTO CENTURY            
20200513,15067001,25580,SMARTPHONE SAMSUNG GAL J6 PLUS 32GB PRETO    
20200513,99CAR601,25998,"TELEVISOR 43"" 43S6500FS FULL HD SEMP TCL     "
20200513,99CAR601,21653,SUPORTE TV UNIVERSAL LCD/LED 10 A 71 SBRUB750
20200513,02888801,21653,SUPORTE TV UNIVERSAL LCD/LED 10 A 71 SBRUB750
20200513,99IU0W01,26545,SMARTPHONE SAMSUNG GAL A10S 32GB AZUL        
20200513,90727901,21653,SUPORTE TV UNIVERSAL LCD/LED 10 A 71 SBRUB750
20200513,96261801,21653,SUPORTE TV UNIVERSAL LCD/LED 10 A 71 SBRUB750
20200513,99CUU101,21653,SUPORTE TV UNIVERSAL LCD/LED 10 A 71 SBRUB750
20200513,9OJ1Q001,21653,SUPORTE TV UNIVERSAL LCD/LED 10 A 71 SBRUB750
20200513,999D8S01,21653,SUPORTE TV UNIVERSAL LCD/LED 10 A 71 SBRUB750
20200513,11378201,24716,RECEPTOR MIDIA BOX HDTV B3                   
20200513,11378201,25996,"TELEVISOR 32"" 32S6500S HD LED SEMP TCL       "
20200513,11378201,21029,ANTENA 1.70 MT MULTIPONTO CENTURY            
20200513,11378201,21653,SUPORTE TV UNIVERSAL LCD/LED 10 A 71 SBRUB750
20200513,03237901,21653,SUPORTE TV UNIVERSAL LCD/LED 10 A 71 SBRUB750
20200513,99L7EO01,26527,SMARTPHONE LG K40S LMX430 BMW PRETO          
20200513,19927801,21653,SUPORTE TV UNIVERSAL LCD/LED 10 A 71 SBRUB750
20200513,99PO6701,21823,PEN DRIVE SONY R 8GB USMRGR                  
20200513,9ODLAJ01,21653,SUPORTE TV UNIVERSAL LCD/LED 10 A 71 SBRUB750
20200513,9OBUM401,21653,SUPORTE TV UNIVERSAL LCD/LED 10 A 71 SBRUB750
20200513,9O2ZOE01,26545,SMARTPHONE SAMSUNG GAL A10S 32GB AZUL        
20200513,99KZVD01,25996,"TELEVISOR 32"" 32S6500S HD LED SEMP TCL       "
20200513,91224501,26573,SMARTPHONE SAMSUNG GAL A30S 64GB PRETO       
20200513,9OMYH601,21653,SUPORTE TV UNIVERSAL LCD/LED 10 A 71 SBRUB750
20200513,36377301,26243,SUPORTE UNIV. BEDIN BU-25                    
20200513,36377301,21653,SUPORTE TV UNIVERSAL LCD/LED 10 A 71 SBRUB750
20200513,99D6IK01,21653,SUPORTE TV UNIVERSAL LCD/LED 10 A 71 SBRUB750
20200512,36377301,25996,"TELEVISOR 32"" 32S6500S HD LED SEMP TCL       "
20200512,77097301,26573,SMARTPHONE SAMSUNG GAL A30S 64GB PRETO       
20200512,68364701,21653,SUPORTE TV UNIVERSAL LCD/LED 10 A 71 SBRUB750
20200512,99M10K01,21653,SUPORTE TV UNIVERSAL LCD/LED 10 A 71 SBRUB750
20200512,26300701,21653,SUPORTE TV UNIVERSAL LCD/LED 10 A 71 SBRUB750
20200512,99D89J01,21653,SUPORTE TV UNIVERSAL LCD/LED 10 A 71 SBRUB750
20200512,9OFT3F01,21653,SUPORTE TV UNIVERSAL LCD/LED 10 A 71 SBRUB750
20200512,9OEBM901,21653,SUPORTE TV UNIVERSAL LCD/LED 10 A 71 SBRUB750
20200512,9OEDDR01,23807,KIT AUTOMOTIVO AU 953 MP3+4 ALTO FALANTES    
20200512,9O7J1801,21653,SUPORTE TV UNIVERSAL LCD/LED 10 A 71 SBRUB750
20200512,9NZ8OC01,21653,SUPORTE TV UNIVERSAL LCD/LED 10 A 71 SBRUB750
20200512,58422501,25996,"TELEVISOR 32"" 32S6500S HD LED SEMP TCL       "
20200512,58422501,21653,SUPORTE TV UNIVERSAL LCD/LED 10 A 71 SBRUB750
20200512,9O1WFB01,21653,SUPORTE TV UNIVERSAL LCD/LED 10 A 71 SBRUB750
20200512,99BXV801,21653,SUPORTE TV UNIVERSAL LCD/LED 10 A 71 SBRUB750
20200512,9OLQ1I01,21653,SUPORTE TV UNIVERSAL LCD/LED 10 A 71 SBRUB750
20200512,9OLUGN01,21653,SUPORTE TV UNIVERSAL LCD/LED 10 A 71 SBRUB750
20200512,9OJ1Q001,25998,"TELEVISOR 43"" 43S6500FS FULL HD SEMP TCL     "
20200512,9OJZVW01,22978,CONJ.SC-AKX100LBK PANASONIC                  
20200512,9OHDE301,25998,"TELEVISOR 43"" 43S6500FS FULL HD SEMP TCL     "
20200512,9OHDE301,21653,SUPORTE TV UNIVERSAL LCD/LED 10 A 71 SBRUB750
20200512,9OITIQ01,21653,SUPORTE TV UNIVERSAL LCD/LED 10 A 71 SBRUB750
20200512,70315401,21653,SUPORTE TV UNIVERSAL LCD/LED 10 A 71 SBRUB750
20200512,80210501,26243,SUPORTE UNIV. BEDIN BU-25                    
20200512,99HGF301,21653,SUPORTE TV UNIVERSAL LCD/LED 10 A 71 SBRUB750
20200512,9NY7KH01,26527,SMARTPHONE LG K40S LMX430 BMW PRETO          
20200512,10159801,24716,RECEPTOR MIDIA BOX HDTV B3                   
20200512,05551301,21653,SUPORTE TV UNIVERSAL LCD/LED 10 A 71 SBRUB750
20200512,99D7V901,21653,SUPORTE TV UNIVERSAL LCD/LED 10 A 71 SBRUB750
20200512,05737301,21653,SUPORTE TV UNIVERSAL LCD/LED 10 A 71 SBRUB750
20200512,99HWBI01,25250,SMARTPHONE SAMSUNG GAL J6 64GB DB VIOLETA    
20200512,65080501,21653,SUPORTE TV UNIVERSAL LCD/LED 10 A 71 SBRUB750
20200512,65080501,26243,SUPORTE UNIV. BEDIN BU-25                    
20200512,21217501,26324,"TELEVISOR SMART 32"" 32S5300 HD BLUET SEMP TCL"
20200512,21217501,21653,SUPORTE TV UNIVERSAL LCD/LED 10 A 71 SBRUB750
20200512,9NYXEM01,26327,"TELEVISOR SMART 55"" 55P8M 4K UHD BLT SEMP TCL"
20200512,9NYXEM01,21653,SUPORTE TV UNIVERSAL LCD/LED 10 A 71 SBRUB750
20200512,9O7DGP01,21653,SUPORTE TV UNIVERSAL LCD/LED 10 A 71 SBRUB750
20200512,15714001,25728,SMARTPHONE SAMSUNG GAL J4 CORE 16GB PRETO    
20200512,99EBUC01,26548,SMARTPHONE SAMSUNG GAL A10S 32GB VERMELHO    
20200512,21509201,21653,SUPORTE TV UNIVERSAL LCD/LED 10 A 71 SBRUB750
20200512,19749201,21653,SUPORTE TV UNIVERSAL LCD/LED 10 A 71 SBRUB750
20200512,9OLBOD01,25998,"TELEVISOR 43"" 43S6500FS FULL HD SEMP TCL     "
20200512,9OLBOD01,21653,SUPORTE TV UNIVERSAL LCD/LED 10 A 71 SBRUB750
20200512,36507601,23447,REPETIDOR RE051 300MPS WPS MULTILASER        
20200512,9O47XZ01,21653,SUPORTE TV UNIVERSAL LCD/LED 10 A 71 SBRUB750
20200512,99AH2R01,25996,"TELEVISOR 32"" 32S6500S HD LED SEMP TCL       "
20200512,99AH2R01,21653,SUPORTE TV UNIVERSAL LCD/LED 10 A 71 SBRUB750
20200512,46685201,21653,SUPORTE TV UNIVERSAL LCD/LED 10 A 71 SBRUB750
20200512,9OJXRM01,21653,SUPORTE TV UNIVERSAL LCD/LED 10 A 71 SBRUB750
20200512,19965901,21653,SUPORTE TV UNIVERSAL LCD/LED 10 A 71 SBRUB750
20200512,19965901,26324,"TELEVISOR SMART 32"" 32S5300 HD BLUET SEMP TCL"
20200512,9O5R5A01,25998,"TELEVISOR 43"" 43S6500FS FULL HD SEMP TCL     "
20200512,9O5R5A01,21653,SUPORTE TV UNIVERSAL LCD/LED 10 A 71 SBRUB750
20200512,YZ135101,26325,"TELEVISOR SMART 43"" 43S5300 HD BLUET SEMP TCL"
20200512,YZ135101,21653,SUPORTE TV UNIVERSAL LCD/LED 10 A 71 SBRUB750
20200512,PPQFAN01,26243,SUPORTE UNIV. BEDIN BU-25                    
20200512,PPQFAN01,21653,SUPORTE TV UNIVERSAL LCD/LED 10 A 71 SBRUB750
20200512,9OBOP601,25998,"TELEVISOR 43"" 43S6500FS FULL HD SEMP TCL     "
20200512,9OBOP601,26724,SMARTPHONE SAMSUNG GAL A51 128GB AZUL        
20200512,9OBOP601,21653,SUPORTE TV UNIVERSAL LCD/LED 10 A 71 SBRUB750
20200512,YZ0LXR01,21653,SUPORTE TV UNIVERSAL LCD/LED 10 A 71 SBRUB750
20200512,YYZ3DS01,26243,SUPORTE UNIV. BEDIN BU-25                    
20200512,000PP501,26243,SUPORTE UNIV. BEDIN BU-25                    
20200512,YZ183301,21653,SUPORTE TV UNIVERSAL LCD/LED 10 A 71 SBRUB750
20200512,YZ139501,21653,SUPORTE TV UNIVERSAL LCD/LED 10 A 71 SBRUB750
20200512,YZ0YKA01,21653,SUPORTE TV UNIVERSAL LCD/LED 10 A 71 SBRUB750
20200511,21664601,21653,SUPORTE TV UNIVERSAL LCD/LED 10 A 71 SBRUB750
20200511,23481501,21653,SUPORTE TV UNIVERSAL LCD/LED 10 A 71 SBRUB750
20200511,02606601,21653,SUPORTE TV UNIVERSAL LCD/LED 10 A 71 SBRUB750
20200511,69572501,21653,SUPORTE TV UNIVERSAL LCD/LED 10 A 71 SBRUB750
20200511,20283001,21653,SUPORTE TV UNIVERSAL LCD/LED 10 A 71 SBRUB750
20200511,99LYOR01,21653,SUPORTE TV UNIVERSAL LCD/LED 10 A 71 SBRUB750
20200511,99LYOR01,25354,"TELEVISOR SMART 32"" UN32J4290 SAMSUNG        "
20200511,99IA4X01,21653,SUPORTE TV UNIVERSAL LCD/LED 10 A 71 SBRUB750
20200511,9OFDB101,25998,"TELEVISOR 43"" 43S6500FS FULL HD SEMP TCL     "
20200511,9OFDB101,21653,SUPORTE TV UNIVERSAL LCD/LED 10 A 71 SBRUB750
20200511,9NZ8OC01,26325,"TELEVISOR SMART 43"" 43S5300 HD BLUET SEMP TCL"
20200511,99PLQ401,21653,SUPORTE TV UNIVERSAL LCD/LED 10 A 71 SBRUB750
20200511,99PLQ401,25998,"TELEVISOR 43"" 43S6500FS FULL HD SEMP TCL     "
20200511,99PLQ401,26528,SMARTPHONE LG K40S LMX430 BMW AZUL           
20200511,9NZI8401,21653,SUPORTE TV UNIVERSAL LCD/LED 10 A 71 SBRUB750
20200511,99F35W01,25998,"TELEVISOR 43"" 43S6500FS FULL HD SEMP TCL     "
20200511,99F35W01,21653,SUPORTE TV UNIVERSAL LCD/LED 10 A 71 SBRUB750
20200511,20782401,21653,SUPORTE TV UNIVERSAL LCD/LED 10 A 71 SBRUB750
20200511,9OKAG101,21653,SUPORTE TV UNIVERSAL LCD/LED 10 A 71 SBRUB750
20200511,9OKAG101,25998,"TELEVISOR 43"" 43S6500FS FULL HD SEMP TCL     "
20200511,15269901,21653,SUPORTE TV UNIVERSAL LCD/LED 10 A 71 SBRUB750
20200511,99JD0Y01,20599,ROTEADOR RE160 300 MBPS NOVO (05)            
20200511,99BYZ901,25996,"TELEVISOR 32"" 32S6500S HD LED SEMP TCL       "
20200511,99BYZ901,21653,SUPORTE TV UNIVERSAL LCD/LED 10 A 71 SBRUB750
20200511,99KW5H01,25729,SMARTPHONE SAMSUNG GAL J4 CORE 16GB COBRE    
20200511,78448301,25871,SMARTPHONE LG K12 PLUS PRETO                 
20200511,93758101,25727,SMARTPHONE SAMSUNG GAL J2 CORE 16GB PRATA    
20200511,07694301,26325,"TELEVISOR SMART 43"" 43S5300 HD BLUET SEMP TCL"
20200511,07694301,21653,SUPORTE TV UNIVERSAL LCD/LED 10 A 71 SBRUB750
20200511,99EC1K01,21653,SUPORTE TV UNIVERSAL LCD/LED 10 A 71 SBRUB750
20200511,99IL1H01,26724,SMARTPHONE SAMSUNG GAL A51 128GB AZUL        
20200511,9O6PVJ01,21653,SUPORTE TV UNIVERSAL LCD/LED 10 A 71 SBRUB750
20200511,9O6PVJ01,26325,"TELEVISOR SMART 43"" 43S5300 HD BLUET SEMP TCL"
20200511,99M5L201,21653,SUPORTE TV UNIVERSAL LCD/LED 10 A 71 SBRUB750
20200511,9OFN4E01,25435,TABLET NB732 MINI MS50X PRETO                
20200511,71073401,21653,SUPORTE TV UNIVERSAL LCD/LED 10 A 71 SBRUB750
20200511,9O81K201,21653,SUPORTE TV UNIVERSAL LCD/LED 10 A 71 SBRUB750
20200511,9O81K201,26243,SUPORTE UNIV. BEDIN BU-25                    
20200511,99KTJI01,25172,SMARTPHONE LG K9 TV LM-X210BMW PRETO         
20200511,9O22WB01,25996,"TELEVISOR 32"" 32S6500S HD LED SEMP TCL       "
20200511,9O22WB01,25998,"TELEVISOR 43"" 43S6500FS FULL HD SEMP TCL     "
20200511,9O22WB01,21653,SUPORTE TV UNIVERSAL LCD/LED 10 A 71 SBRUB750
20200511,9OJPYX01,21653,SUPORTE TV UNIVERSAL LCD/LED 10 A 71 SBRUB750
20200511,9O9BET01,25998,"TELEVISOR 43"" 43S6500FS FULL HD SEMP TCL     "
20200511,9NZMT401,21653,SUPORTE TV UNIVERSAL LCD/LED 10 A 71 SBRUB750
20200511,9OKTSL01,21653,SUPORTE TV UNIVERSAL LCD/LED 10 A 71 SBRUB750
20200511,99FSZB01,26243,SUPORTE UNIV. BEDIN BU-25                    
20200511,YYZOUV01,26545,SMARTPHONE SAMSUNG GAL A10S 32GB AZUL        
20200511,YYYGL101,21653,SUPORTE TV UNIVERSAL LCD/LED 10 A 71 SBRUB750
20200511,YZ0ZMA01,25996,"TELEVISOR 32"" 32S6500S HD LED SEMP TCL       "
20200511,YZ0ZMA01,21653,SUPORTE TV UNIVERSAL LCD/LED 10 A 71 SBRUB750
20200511,YZ0ZZM01,25996,"TELEVISOR 32"" 32S6500S HD LED SEMP TCL       "
20200510,99MFEK01,26325,"TELEVISOR SMART 43"" 43S5300 HD BLUET SEMP TCL"
20200510,99MFEK01,21653,SUPORTE TV UNIVERSAL LCD/LED 10 A 71 SBRUB750
20200510,9O1WFB01,25354,"TELEVISOR SMART 32"" UN32J4290 SAMSUNG        "
20200510,9ONCDH01,25996,"TELEVISOR 32"" 32S6500S HD LED SEMP TCL       "
20200510,9ONCDH01,21653,SUPORTE TV UNIVERSAL LCD/LED 10 A 71 SBRUB750
20200510,99I3MR01,21653,SUPORTE TV UNIVERSAL LCD/LED 10 A 71 SBRUB750
20200510,99I3MR01,25998,"TELEVISOR 43"" 43S6500FS FULL HD SEMP TCL     "
20200510,9ODQGX01,25729,SMARTPHONE SAMSUNG GAL J4 CORE 16GB COBRE    
20200510,13287901,26524,SMARTPHONE LG K12 MAX PRETO                  
20200510,80210501,25356,"TELEVISOR SMART 49"" UN49J5290 SAMSUNG        "
20200510,80210501,21653,SUPORTE TV UNIVERSAL LCD/LED 10 A 71 SBRUB750
20200510,9OJ1L201,21855,CELULAR BLU JENNY 2.8 T276 DB PRETO-VERMEL   
20200510,9OJ1L201,25996,"TELEVISOR 32"" 32S6500S HD LED SEMP TCL       "
20200510,9OJ1L201,26525,SMARTPHONE LG K12 MAX AZUL                   
20200510,9OJ1L201,21653,SUPORTE TV UNIVERSAL LCD/LED 10 A 71 SBRUB750
20200510,05021001,15712,SUPORTE PRETO TV LCD 10 A 55 ART.SBRP120     
20200510,99IFCW01,21653,SUPORTE TV UNIVERSAL LCD/LED 10 A 71 SBRUB750
20200510,999T0K01,26324,"TELEVISOR SMART 32"" 32S5300 HD BLUET SEMP TCL"
20200510,999T0K01,26527,SMARTPHONE LG K40S LMX430 BMW PRETO          
20200510,9O2U1S01,26326,"TELEVISOR SMART 50"" 50P8M 4K UHD BLT SEMP TCL"
20200510,9O2U1S01,21653,SUPORTE TV UNIVERSAL LCD/LED 10 A 71 SBRUB750
20200510,05022901,21653,SUPORTE TV UNIVERSAL LCD/LED 10 A 71 SBRUB750
20200510,05022901,26571,SMARTPHONE SAMSUNG GAL A20S 32GB AZUL        
20200510,9OJ4OO01,21653,SUPORTE TV UNIVERSAL LCD/LED 10 A 71 SBRUB750
20200510,9O1C2701,26243,SUPORTE UNIV. BEDIN BU-25                    
20200510,97885901,21653,SUPORTE TV UNIVERSAL LCD/LED 10 A 71 SBRUB750
20200510,9OBJZH01,25998,"TELEVISOR 43"" 43S6500FS FULL HD SEMP TCL     "
20200510,9OBJZH01,21653,SUPORTE TV UNIVERSAL LCD/LED 10 A 71 SBRUB750
20200510,9NZLFD01,26326,"TELEVISOR SMART 50"" 50P8M 4K UHD BLT SEMP TCL"
20200510,9NZLFD01,21653,SUPORTE TV UNIVERSAL LCD/LED 10 A 71 SBRUB750
20200510,YZ0ZHW01,25998,"TELEVISOR 43"" 43S6500FS FULL HD SEMP TCL     "
20200510,YZ0ZHW01,21653,SUPORTE TV UNIVERSAL LCD/LED 10 A 71 SBRUB750
20200509,81858201,26570,SMARTPHONE SAMSUNG GAL A20S 32GB PRETO       
20200509,03709901,21653,SUPORTE TV UNIVERSAL LCD/LED 10 A 71 SBRUB750
20200509,03709901,26324,"TELEVISOR SMART 32"" 32S5300 HD BLUET SEMP TCL"
20200509,99761801,25996,"TELEVISOR 32"" 32S6500S HD LED SEMP TCL       "
20200509,99761801,21653,SUPORTE TV UNIVERSAL LCD/LED 10 A 71 SBRUB750
20200509,99D8RT01,23802,BOOMBOX BX-19 BIVOLT UP DYNAMIC              
20200509,22184501,21653,SUPORTE TV UNIVERSAL LCD/LED 10 A 71 SBRUB750
20200509,22184501,26325,"TELEVISOR SMART 43"" 43S5300 HD BLUET SEMP TCL"
20200509,99I0X601,25996,"TELEVISOR 32"" 32S6500S HD LED SEMP TCL       "
20200509,9NZGYX01,26581,SMARTPHONE MOTOROLA MOTO G8 PLAY 32GB PT ONIX
20200509,9O30MY01,25998,"TELEVISOR 43"" 43S6500FS FULL HD SEMP TCL     "
20200509,9O30MY01,21653,SUPORTE TV UNIVERSAL LCD/LED 10 A 71 SBRUB750
20200509,9O46QU01,21653,SUPORTE TV UNIVERSAL LCD/LED 10 A 71 SBRUB750
20200509,9O46QU01,25354,"TELEVISOR SMART 32"" UN32J4290 SAMSUNG        "
20200509,9O46QU01,25354,"TELEVISOR SMART 32"" UN32J4290 SAMSUNG        "
20200509,9O7YPD01,21653,SUPORTE TV UNIVERSAL LCD/LED 10 A 71 SBRUB750
20200509,9ODL6601,21653,SUPORTE TV UNIVERSAL LCD/LED 10 A 71 SBRUB750
20200509,99J0VD01,21653,SUPORTE TV UNIVERSAL LCD/LED 10 A 71 SBRUB750
20200509,9O65U601,26527,SMARTPHONE LG K40S LMX430 BMW PRETO          
20200509,9OCXLB01,21653,SUPORTE TV UNIVERSAL LCD/LED 10 A 71 SBRUB750
20200509,9OHGMM01,26528,SMARTPHONE LG K40S LMX430 BMW AZUL           
20200509,9OJONQ01,21653,SUPORTE TV UNIVERSAL LCD/LED 10 A 71 SBRUB750
20200509,48748501,21653,SUPORTE TV UNIVERSAL LCD/LED 10 A 71 SBRUB750
20200509,48748501,26325,"TELEVISOR SMART 43"" 43S5300 HD BLUET SEMP TCL"
20200509,99FRBV01,26527,SMARTPHONE LG K40S LMX430 BMW PRETO          
20200509,96261801,25996,"TELEVISOR 32"" 32S6500S HD LED SEMP TCL       "
20200509,99H1GX01,21653,SUPORTE TV UNIVERSAL LCD/LED 10 A 71 SBRUB750
20200509,18865001,21653,SUPORTE TV UNIVERSAL LCD/LED 10 A 71 SBRUB750
20200509,18865001,26325,"TELEVISOR SMART 43"" 43S5300 HD BLUET SEMP TCL"
20200509,63114901,25996,"TELEVISOR 32"" 32S6500S HD LED SEMP TCL       "
20200509,99C2WL01,24911,"TELEVISOR SMART 43"" S3900FS SEMP TCL         "
20200509,99C2WL01,21653,SUPORTE TV UNIVERSAL LCD/LED 10 A 71 SBRUB750
20200509,19749101,21653,SUPORTE TV UNIVERSAL LCD/LED 10 A 71 SBRUB750
20200509,01997001,26327,"TELEVISOR SMART 55"" 55P8M 4K UHD BLT SEMP TCL"
20200509,01997001,21653,SUPORTE TV UNIVERSAL LCD/LED 10 A 71 SBRUB750
20200509,99F4DY01,25245,TABLET NB731 MINI MS50G DOURADO/BRANCO       
20200509,69193501,26326,"TELEVISOR SMART 50"" 50P8M 4K UHD BLT SEMP TCL"
20200509,69193501,21653,SUPORTE TV UNIVERSAL LCD/LED 10 A 71 SBRUB750
20200509,29055701,25996,"TELEVISOR 32"" 32S6500S HD LED SEMP TCL       "
20200509,24929801,21653,SUPORTE TV UNIVERSAL LCD/LED 10 A 71 SBRUB750
20200509,24929801,26324,"TELEVISOR SMART 32"" 32S5300 HD BLUET SEMP TCL"
20200509,9NXFEM01,25356,"TELEVISOR SMART 49"" UN49J5290 SAMSUNG        "
20200509,9NXFEM01,21653,SUPORTE TV UNIVERSAL LCD/LED 10 A 71 SBRUB750
20200509,9O6C2K01,21653,SUPORTE TV UNIVERSAL LCD/LED 10 A 71 SBRUB750
20200509,9OMWEX01,21653,SUPORTE TV UNIVERSAL LCD/LED 10 A 71 SBRUB750
20200509,9OMWEX01,25998,"TELEVISOR 43"" 43S6500FS FULL HD SEMP TCL     "
20200509,999Y9401,25729,SMARTPHONE SAMSUNG GAL J4 CORE 16GB COBRE    
20200509,9OQ48L01,21653,SUPORTE TV UNIVERSAL LCD/LED 10 A 71 SBRUB750
20200509,9OQ48L01,26325,"TELEVISOR SMART 43"" 43S5300 HD BLUET SEMP TCL"
20200509,9O9EDY01,21653,SUPORTE TV UNIVERSAL LCD/LED 10 A 71 SBRUB750
20200509,9O9EDY01,25669,"TELEVISOR SMART 43"" 43LK5750PSA.BWZ LG       "
20200509,9OEBZU01,24851,TABLET NB706 MINI MS50L PRETO/GRAFIT         
20200509,9O1M5C01,21653,SUPORTE TV UNIVERSAL LCD/LED 10 A 71 SBRUB750
20200509,9O1M5C01,25998,"TELEVISOR 43"" 43S6500FS FULL HD SEMP TCL     "
20200509,91906801,21653,SUPORTE TV UNIVERSAL LCD/LED 10 A 71 SBRUB750
20200509,9O0HFL01,26243,SUPORTE UNIV. BEDIN BU-25                    
20200509,05983601,21653,SUPORTE TV UNIVERSAL LCD/LED 10 A 71 SBRUB750
20200509,05983601,25996,"TELEVISOR 32"" 32S6500S HD LED SEMP TCL       "
20200509,99COZP01,21653,SUPORTE TV UNIVERSAL LCD/LED 10 A 71 SBRUB750
20200509,31956001,25172,SMARTPHONE LG K9 TV LM-X210BMW PRETO         
20200509,09946801,26325,"TELEVISOR SMART 43"" 43S5300 HD BLUET SEMP TCL"
20200509,09946801,21653,SUPORTE TV UNIVERSAL LCD/LED 10 A 71 SBRUB750
20200509,31956001,21855,CELULAR BLU JENNY 2.8 T276 DB PRETO-VERMEL   
20200509,01337801,21653,SUPORTE TV UNIVERSAL LCD/LED 10 A 71 SBRUB750
20200509,9O68KL01,26606,SMARTPHONE LG K50S 32GB AZUL                 
20200509,41520101,25717,"TELEVISOR SMART 50"" 50UK6520 UHD 4K LG       "
20200509,41520101,21653,SUPORTE TV UNIVERSAL LCD/LED 10 A 71 SBRUB750
20200509,41520101,26243,SUPORTE UNIV. BEDIN BU-25                    
20200509,20618501,25998,"TELEVISOR 43"" 43S6500FS FULL HD SEMP TCL     "
20200509,07407401,25998,"TELEVISOR 43"" 43S6500FS FULL HD SEMP TCL     "
20200509,07407401,21653,SUPORTE TV UNIVERSAL LCD/LED 10 A 71 SBRUB750
20200509,9OQ2G801,25904,"TELEVISOR SMART 50"" UHD BT UN50RU7100 SAMSUNG"
20200509,9OQ2G801,21653,SUPORTE TV UNIVERSAL LCD/LED 10 A 71 SBRUB750
20200509,99DFUP01,25729,SMARTPHONE SAMSUNG GAL J4 CORE 16GB COBRE    
20200509,99BYRT01,21653,SUPORTE TV UNIVERSAL LCD/LED 10 A 71 SBRUB750
20200509,9O7AKL01,26527,SMARTPHONE LG K40S LMX430 BMW PRETO          
20200509,99IU2001,21653,SUPORTE TV UNIVERSAL LCD/LED 10 A 71 SBRUB750
20200509,99IU2001,25355,"TELEVISOR SMART 43"" UN43J5290 SAMSUNG        "
20200509,YZ0YKU01,21653,SUPORTE TV UNIVERSAL LCD/LED 10 A 71 SBRUB750
20200509,YZ0YJ801,21653,SUPORTE TV UNIVERSAL LCD/LED 10 A 71 SBRUB750
20200509,YZ0JUK01,26326,"TELEVISOR SMART 50"" 50P8M 4K UHD BLT SEMP TCL"
20200509,YZ0JUK01,21653,SUPORTE TV UNIVERSAL LCD/LED 10 A 71 SBRUB750
20200509,YZ0YMW01,21653,SUPORTE TV UNIVERSAL LCD/LED 10 A 71 SBRUB750
20200509,YZ0YKA01,25998,"TELEVISOR 43"" 43S6500FS FULL HD SEMP TCL     "
20200508,YZ0PDS01,21653,SUPORTE TV UNIVERSAL LCD/LED 10 A 71 SBRUB750
20200508,YZ0XQY01,25996,"TELEVISOR 32"" 32S6500S HD LED SEMP TCL       "
20200508,YZ0XRM01,25998,"TELEVISOR 43"" 43S6500FS FULL HD SEMP TCL     "
20200508,YZ0XRM01,21653,SUPORTE TV UNIVERSAL LCD/LED 10 A 71 SBRUB750
20200508,YZ0XNO01,21653,SUPORTE TV UNIVERSAL LCD/LED 10 A 71 SBRUB750
20200508,000PP501,21653,SUPORTE TV UNIVERSAL LCD/LED 10 A 71 SBRUB750
20200508,YZ0XH901,21653,SUPORTE TV UNIVERSAL LCD/LED 10 A 71 SBRUB750
20200508,66OH6D01,25998,"TELEVISOR 43"" 43S6500FS FULL HD SEMP TCL     "
20200508,66OH6D01,21653,SUPORTE TV UNIVERSAL LCD/LED 10 A 71 SBRUB750
20200508,YZ0X9501,25996,"TELEVISOR 32"" 32S6500S HD LED SEMP TCL       "
20200508,YZ0X9501,21653,SUPORTE TV UNIVERSAL LCD/LED 10 A 71 SBRUB750
20200508,YZ0XB701,21653,SUPORTE TV UNIVERSAL LCD/LED 10 A 71 SBRUB750
20200508,YZ0XB701,26325,"TELEVISOR SMART 43"" 43S5300 HD BLUET SEMP TCL"
20200508,99ATWR01,25354,"TELEVISOR SMART 32"" UN32J4290 SAMSUNG        "
20200508,99ATWR01,25871,SMARTPHONE LG K12 PLUS PRETO                 
20200508,99ATWR01,21653,SUPORTE TV UNIVERSAL LCD/LED 10 A 71 SBRUB750
20200508,9O0EIL01,21653,SUPORTE TV UNIVERSAL LCD/LED 10 A 71 SBRUB750
20200508,9OL2V001,21653,SUPORTE TV UNIVERSAL LCD/LED 10 A 71 SBRUB750
20200508,9OL2V001,25996,"TELEVISOR 32"" 32S6500S HD LED SEMP TCL       "
20200508,9O1XUU01,25995,"TELEVISOR 24"" S1300 L1850 HD LED SEMP TCL    "
20200508,9O1XUU01,21653,SUPORTE TV UNIVERSAL LCD/LED 10 A 71 SBRUB750
20200508,99CN5A01,21653,SUPORTE TV UNIVERSAL LCD/LED 10 A 71 SBRUB750
20200508,9OJXRM01,21653,SUPORTE TV UNIVERSAL LCD/LED 10 A 71 SBRUB750
20200508,9OEWNR01,26527,SMARTPHONE LG K40S LMX430 BMW PRETO          
20200508,9OEWNR01,25242,PEN DRIVE MC163 2X1 LEITOR USB SD 32GB       
20200508,9OKBF801,25996,"TELEVISOR 32"" 32S6500S HD LED SEMP TCL       "
20200508,99I62M01,21653,SUPORTE TV UNIVERSAL LCD/LED 10 A 71 SBRUB750
20200508,99I62M01,25998,"TELEVISOR 43"" 43S6500FS FULL HD SEMP TCL     "
20200508,99614201,21653,SUPORTE TV UNIVERSAL LCD/LED 10 A 71 SBRUB750
20200508,13095801,26572,SMARTPHONE SAMSUNG GAL A20S 32GB VERMELHO    
20200508,98219901,26545,SMARTPHONE SAMSUNG GAL A10S 32GB AZUL        
20200508,16775901,21653,SUPORTE TV UNIVERSAL LCD/LED 10 A 71 SBRUB750
20200508,16775901,26325,"TELEVISOR SMART 43"" 43S5300 HD BLUET SEMP TCL"
20200508,18270901,25996,"TELEVISOR 32"" 32S6500S HD LED SEMP TCL       "
20200508,05022901,25996,"TELEVISOR 32"" 32S6500S HD LED SEMP TCL       "
20200508,9O0NTD01,25998,"TELEVISOR 43"" 43S6500FS FULL HD SEMP TCL     "
20200508,9O0NTD01,21653,SUPORTE TV UNIVERSAL LCD/LED 10 A 71 SBRUB750
20200508,999F4R01,21653,SUPORTE TV UNIVERSAL LCD/LED 10 A 71 SBRUB750
20200508,999F4R01,26324,"TELEVISOR SMART 32"" 32S5300 HD BLUET SEMP TCL"
20200508,00699701,21653,SUPORTE TV UNIVERSAL LCD/LED 10 A 71 SBRUB750
20200508,06317001,21653,SUPORTE TV UNIVERSAL LCD/LED 10 A 71 SBRUB750
20200508,06317001,26326,"TELEVISOR SMART 50"" 50P8M 4K UHD BLT SEMP TCL"
20200508,99C3R901,21653,SUPORTE TV UNIVERSAL LCD/LED 10 A 71 SBRUB750
20200508,99BOCX01,21653,SUPORTE TV UNIVERSAL LCD/LED 10 A 71 SBRUB750
20200508,21321701,25996,"TELEVISOR 32"" 32S6500S HD LED SEMP TCL       "
20200508,21321701,21653,SUPORTE TV UNIVERSAL LCD/LED 10 A 71 SBRUB750
20200508,21321701,26386,SMARTPHONE LG K8 PLUS AZUL                   
20200508,21321701,26548,SMARTPHONE SAMSUNG GAL A10S 32GB VERMELHO    
20200508,21321701,21653,SUPORTE TV UNIVERSAL LCD/LED 10 A 71 SBRUB750
20200508,22117801,21653,SUPORTE TV UNIVERSAL LCD/LED 10 A 71 SBRUB750
20200508,99KW5H01,25998,"TELEVISOR 43"" 43S6500FS FULL HD SEMP TCL     "
20200508,99KW5H01,21653,SUPORTE TV UNIVERSAL LCD/LED 10 A 71 SBRUB750
20200508,60472001,25246,PEN DRIVE PD590 64GB TWIST PRETO             
20200508,13008801,24913,SMARTPHONE MOTOROLA MOTO G6 PLAY XT1922 DB IN
20200508,99CWCE01,21653,SUPORTE TV UNIVERSAL LCD/LED 10 A 71 SBRUB750
20200508,25611201,26324,"TELEVISOR SMART 32"" 32S5300 HD BLUET SEMP TCL"
20200508,25611201,21653,SUPORTE TV UNIVERSAL LCD/LED 10 A 71 SBRUB750
20200508,16462801,21653,SUPORTE TV UNIVERSAL LCD/LED 10 A 71 SBRUB750
20200508,9OQE5G01,25671,SMARTPHONE LG K11 PLUS DB PRETO              
20200508,9OQLBW01,21653,SUPORTE TV UNIVERSAL LCD/LED 10 A 71 SBRUB750
20200508,9OQLBW01,26324,"TELEVISOR SMART 32"" 32S5300 HD BLUET SEMP TCL"
20200508,9O14JE01,21653,SUPORTE TV UNIVERSAL LCD/LED 10 A 71 SBRUB750
20200508,9O14JE01,25998,"TELEVISOR 43"" 43S6500FS FULL HD SEMP TCL     "
20200508,99MZEH01,21653,SUPORTE TV UNIVERSAL LCD/LED 10 A 71 SBRUB750
20200508,77773001,17868,FONE OUVIDO BLUETOOTH SAMSUNG                
20200508,99BG8X01,25998,"TELEVISOR 43"" 43S6500FS FULL HD SEMP TCL     "
20200508,99BG8X01,26581,SMARTPHONE MOTOROLA MOTO G8 PLAY 32GB PT ONIX
20200508,99BG8X01,21653,SUPORTE TV UNIVERSAL LCD/LED 10 A 71 SBRUB750
20200508,9OKCD001,25996,"TELEVISOR 32"" 32S6500S HD LED SEMP TCL       "
20200508,9OKCD001,21653,SUPORTE TV UNIVERSAL LCD/LED 10 A 71 SBRUB750
20200508,07044501,21653,SUPORTE TV UNIVERSAL LCD/LED 10 A 71 SBRUB750
20200508,24332801,21653,SUPORTE TV UNIVERSAL LCD/LED 10 A 71 SBRUB750
20200508,24332801,26325,"TELEVISOR SMART 43"" 43S5300 HD BLUET SEMP TCL"
20200508,9OJN0Q01,22978,CONJ.SC-AKX100LBK PANASONIC                  
20200508,9OJT2T01,26571,SMARTPHONE SAMSUNG GAL A20S 32GB AZUL        
20200508,9OJ1Q001,25729,SMARTPHONE SAMSUNG GAL J4 CORE 16GB COBRE    
20200508,9OGL5N01,25996,"TELEVISOR 32"" 32S6500S HD LED SEMP TCL       "
20200508,9OGL5N01,21653,SUPORTE TV UNIVERSAL LCD/LED 10 A 71 SBRUB750
20200508,99L4P201,21653,SUPORTE TV UNIVERSAL LCD/LED 10 A 71 SBRUB750
20200508,27355001,26548,SMARTPHONE SAMSUNG GAL A10S 32GB VERMELHO    
20200508,9OCVPQ01,25729,SMARTPHONE SAMSUNG GAL J4 CORE 16GB COBRE    
20200508,30678601,21653,SUPORTE TV UNIVERSAL LCD/LED 10 A 71 SBRUB750
20200508,30678601,25996,"TELEVISOR 32"" 32S6500S HD LED SEMP TCL       "
20200508,99BG7101,21653,SUPORTE TV UNIVERSAL LCD/LED 10 A 71 SBRUB750
20200508,16163701,25996,"TELEVISOR 32"" 32S6500S HD LED SEMP TCL       "
20200508,16163701,21653,SUPORTE TV UNIVERSAL LCD/LED 10 A 71 SBRUB750
20200508,999P7101,25354,"TELEVISOR SMART 32"" UN32J4290 SAMSUNG        "
20200508,72744601,21653,SUPORTE TV UNIVERSAL LCD/LED 10 A 71 SBRUB750
20200508,20283001,26325,"TELEVISOR SMART 43"" 43S5300 HD BLUET SEMP TCL"
20200507,YZ0VVP01,21653,SUPORTE TV UNIVERSAL LCD/LED 10 A 71 SBRUB750
20200507,YZ0VWV01,25669,"TELEVISOR SMART 43"" 43LK5750PSA.BWZ LG       "
20200507,YZ0VWV01,21653,SUPORTE TV UNIVERSAL LCD/LED 10 A 71 SBRUB750
20200507,YZ0ULI01,21653,SUPORTE TV UNIVERSAL LCD/LED 10 A 71 SBRUB750
20200507,000PP501,21855,CELULAR BLU JENNY 2.8 T276 DB PRETO-VERMEL   
20200507,YZ0VOR01,21653,SUPORTE TV UNIVERSAL LCD/LED 10 A 71 SBRUB750
20200507,YZ0VOR01,25354,"TELEVISOR SMART 32"" UN32J4290 SAMSUNG        "
20200507,YZ0WMV01,21653,SUPORTE TV UNIVERSAL LCD/LED 10 A 71 SBRUB750
20200507,YZ0WMV01,25998,"TELEVISOR 43"" 43S6500FS FULL HD SEMP TCL     "
20200507,YZ0W5901,21653,SUPORTE TV UNIVERSAL LCD/LED 10 A 71 SBRUB750
20200507,9OBXFM01,21653,SUPORTE TV UNIVERSAL LCD/LED 10 A 71 SBRUB750
20200507,9NY6VM01,22618,CELULAR RIU-I R200 DB PRETO-AMARELO          
20200507,95601101,25355,"TELEVISOR SMART 43"" UN43J5290 SAMSUNG        "
20200507,9O5CIQ01,21653,SUPORTE TV UNIVERSAL LCD/LED 10 A 71 SBRUB750
20200507,99B1NT01,26573,SMARTPHONE SAMSUNG GAL A30S 64GB PRETO       
20200507,99B1NT01,21653,SUPORTE TV UNIVERSAL LCD/LED 10 A 71 SBRUB750
20200507,98880201,25729,SMARTPHONE SAMSUNG GAL J4 CORE 16GB COBRE    
20200507,99KPAE01,21653,SUPORTE TV UNIVERSAL LCD/LED 10 A 71 SBRUB750
20200507,99DI0Y01,26178,"TELEVISOR SMART 49"" 49SK6200 HD LED 4K SEMP T"
20200507,99FSZB01,25998,"TELEVISOR 43"" 43S6500FS FULL HD SEMP TCL     "
20200507,9O6MH701,21653,SUPORTE TV UNIVERSAL LCD/LED 10 A 71 SBRUB750
20200507,9O6MH701,25189,"TELEVISOR SMART 55"" 4K QN55Q6FNA SAMSUNG     "
20200507,9OI76901,25998,"TELEVISOR 43"" 43S6500FS FULL HD SEMP TCL     "
20200507,9OI76901,21653,SUPORTE TV UNIVERSAL LCD/LED 10 A 71 SBRUB750
20200507,9NY9ON01,21653,SUPORTE TV UNIVERSAL LCD/LED 10 A 71 SBRUB750
20200507,9NY9ON01,26325,"TELEVISOR SMART 43"" 43S5300 HD BLUET SEMP TCL"
20200507,11982801,26243,SUPORTE UNIV. BEDIN BU-25                    
20200507,11982801,26243,SUPORTE UNIV. BEDIN BU-25                    
20200507,11982801,26243,SUPORTE UNIV. BEDIN BU-25                    
20200507,11982801,21653,SUPORTE TV UNIVERSAL LCD/LED 10 A 71 SBRUB750
20200507,9O47XZ01,25356,"TELEVISOR SMART 49"" UN49J5290 SAMSUNG        "
20200507,32255901,25730,SMARTPHONE SAMSUNG GAL J4 CORE 16GB AZUL     
20200507,80956201,21653,SUPORTE TV UNIVERSAL LCD/LED 10 A 71 SBRUB750
20200507,03143101,21653,SUPORTE TV UNIVERSAL LCD/LED 10 A 71 SBRUB750
20200507,03143101,26326,"TELEVISOR SMART 50"" 50P8M 4K UHD BLT SEMP TCL"
20200507,99I5NZ01,21653,SUPORTE TV UNIVERSAL LCD/LED 10 A 71 SBRUB750
20200507,99614201,25998,"TELEVISOR 43"" 43S6500FS FULL HD SEMP TCL     "
20200507,10221401,21653,SUPORTE TV UNIVERSAL LCD/LED 10 A 71 SBRUB750
20200507,99D8LQ01,25998,"TELEVISOR 43"" 43S6500FS FULL HD SEMP TCL     "
20200507,99D8LQ01,21653,SUPORTE TV UNIVERSAL LCD/LED 10 A 71 SBRUB750
20200507,9ORC6A01,21653,SUPORTE TV UNIVERSAL LCD/LED 10 A 71 SBRUB750
20200507,999A0T01,21653,SUPORTE TV UNIVERSAL LCD/LED 10 A 71 SBRUB750
20200507,21509201,25998,"TELEVISOR 43"" 43S6500FS FULL HD SEMP TCL     "
20200507,9O959C01,21653,SUPORTE TV UNIVERSAL LCD/LED 10 A 71 SBRUB750
20200507,9O959C01,25998,"TELEVISOR 43"" 43S6500FS FULL HD SEMP TCL     "
20200507,9OB8QM01,21653,SUPORTE TV UNIVERSAL LCD/LED 10 A 71 SBRUB750
20200507,999Y9401,26605,SMARTPHONE LG K50S 32GB PRETO                
20200507,99K15801,26524,SMARTPHONE LG K12 MAX PRETO                  
20200507,99K15801,26326,"TELEVISOR SMART 50"" 50P8M 4K UHD BLT SEMP TCL"
20200507,99M1CE01,26630,TABLET NB316 M7S 16GB QUAD CORE PRETO        
20200507,99NF6201,21653,SUPORTE TV UNIVERSAL LCD/LED 10 A 71 SBRUB750
20200507,9NZ6HP01,21653,SUPORTE TV UNIVERSAL LCD/LED 10 A 71 SBRUB750
20200507,9NZ6HP01,25998,"TELEVISOR 43"" 43S6500FS FULL HD SEMP TCL     "
20200507,99B65S01,21653,SUPORTE TV UNIVERSAL LCD/LED 10 A 71 SBRUB750
20200507,99JFDE01,25996,"TELEVISOR 32"" 32S6500S HD LED SEMP TCL       "
20200507,99JFDE01,21653,SUPORTE TV UNIVERSAL LCD/LED 10 A 71 SBRUB750
20200507,99CLIS01,26325,"TELEVISOR SMART 43"" 43S5300 HD BLUET SEMP TCL"
20200507,99CLIS01,21653,SUPORTE TV UNIVERSAL LCD/LED 10 A 71 SBRUB750
20200507,84126001,25172,SMARTPHONE LG K9 TV LM-X210BMW PRETO         
20200507,38272301,25728,SMARTPHONE SAMSUNG GAL J4 CORE 16GB PRETO    
20200507,9OQXLI01,25996,"TELEVISOR 32"" 32S6500S HD LED SEMP TCL       "
20200507,99CUTB01,25998,"TELEVISOR 43"" 43S6500FS FULL HD SEMP TCL     "
20200507,99CUTB01,21653,SUPORTE TV UNIVERSAL LCD/LED 10 A 71 SBRUB750
20200507,04266501,21653,SUPORTE TV UNIVERSAL LCD/LED 10 A 71 SBRUB750
20200507,04266501,25996,"TELEVISOR 32"" 32S6500S HD LED SEMP TCL       "
20200507,99MZEH01,25996,"TELEVISOR 32"" 32S6500S HD LED SEMP TCL       "
20200507,9OQXLI01,21653,SUPORTE TV UNIVERSAL LCD/LED 10 A 71 SBRUB750
20200507,9OOTHN01,26243,SUPORTE UNIV. BEDIN BU-25                    
20200507,9OJT2T01,25998,"TELEVISOR 43"" 43S6500FS FULL HD SEMP TCL     "
20200507,9OJT2T01,21653,SUPORTE TV UNIVERSAL LCD/LED 10 A 71 SBRUB750
20200507,91354601,26243,SUPORTE UNIV. BEDIN BU-25                    
20200507,99A2MF01,21653,SUPORTE TV UNIVERSAL LCD/LED 10 A 71 SBRUB750
20200507,02414001,21653,SUPORTE TV UNIVERSAL LCD/LED 10 A 71 SBRUB750
20200507,99G0LE01,25998,"TELEVISOR 43"" 43S6500FS FULL HD SEMP TCL     "
20200507,99G0LE01,21653,SUPORTE TV UNIVERSAL LCD/LED 10 A 71 SBRUB750
20200507,9O250M01,21653,SUPORTE TV UNIVERSAL LCD/LED 10 A 71 SBRUB750
20200507,69695201,25998,"TELEVISOR 43"" 43S6500FS FULL HD SEMP TCL     "
20200507,69695201,21653,SUPORTE TV UNIVERSAL LCD/LED 10 A 71 SBRUB750
20200507,99FAGS01,26548,SMARTPHONE SAMSUNG GAL A10S 32GB VERMELHO    
20200507,9ONCK201,21653,SUPORTE TV UNIVERSAL LCD/LED 10 A 71 SBRUB750
20200507,9OCXZB01,25172,SMARTPHONE LG K9 TV LM-X210BMW PRETO         
20200507,9OGOVF01,21653,SUPORTE TV UNIVERSAL LCD/LED 10 A 71 SBRUB750
20200507,9OGOVF01,25996,"TELEVISOR 32"" 32S6500S HD LED SEMP TCL       "
20200507,99DL9N01,26545,SMARTPHONE SAMSUNG GAL A10S 32GB AZUL        
20200507,99DL9N01,26545,SMARTPHONE SAMSUNG GAL A10S 32GB AZUL        
20200507,29767401,25172,SMARTPHONE LG K9 TV LM-X210BMW PRETO         
20200507,99FLT201,26526,SMARTPHONE LG K12 MAX PLATINUM               
20200507,99D6IK01,25996,"TELEVISOR 32"" 32S6500S HD LED SEMP TCL       "
20200506,YYYTMR01,21653,SUPORTE TV UNIVERSAL LCD/LED 10 A 71 SBRUB750
20200506,YZ0IML01,25998,"TELEVISOR 43"" 43S6500FS FULL HD SEMP TCL     "
20200506,YZ0UKE01,21653,SUPORTE TV UNIVERSAL LCD/LED 10 A 71 SBRUB750
20200506,YZ0ULI01,26326,"TELEVISOR SMART 50"" 50P8M 4K UHD BLT SEMP TCL"
20200506,YYYQXG01,21653,SUPORTE TV UNIVERSAL LCD/LED 10 A 71 SBRUB750
20200506,YYYQXG01,25998,"TELEVISOR 43"" 43S6500FS FULL HD SEMP TCL     "
20200506,YZ0UYW01,21653,SUPORTE TV UNIVERSAL LCD/LED 10 A 71 SBRUB750
20200506,YZ0UYW01,25998,"TELEVISOR 43"" 43S6500FS FULL HD SEMP TCL     "
20200506,9NY6VM01,22616,CELULAR RIU-I R200 DB PRETO-AZUL             
20200506,35600301,26606,SMARTPHONE LG K50S 32GB AZUL                 
20200506,27367801,25367,TABLET NB729 MINI MS40G BRANCO               
20200506,25585801,21653,SUPORTE TV UNIVERSAL LCD/LED 10 A 71 SBRUB750
20200506,9OMZNV01,26630,TABLET NB316 M7S 16GB QUAD CORE PRETO        
20200506,9OJ28K01,21653,SUPORTE TV UNIVERSAL LCD/LED 10 A 71 SBRUB750
20200506,99KLZN01,25729,SMARTPHONE SAMSUNG GAL J4 CORE 16GB COBRE    
20200506,03504101,21653,SUPORTE TV UNIVERSAL LCD/LED 10 A 71 SBRUB750
20200506,9O9BET01,21653,SUPORTE TV UNIVERSAL LCD/LED 10 A 71 SBRUB750
20200506,9O9VGQ01,25996,"TELEVISOR 32"" 32S6500S HD LED SEMP TCL       "
20200506,9O9VGQ01,21653,SUPORTE TV UNIVERSAL LCD/LED 10 A 71 SBRUB750
20200506,99J69N01,26574,SMARTPHONE SAMSUNG GAL A30S 64GB BRANCO      
20200506,00036201,25435,TABLET NB732 MINI MS50X PRETO                
20200506,99GMP701,26571,SMARTPHONE SAMSUNG GAL A20S 32GB AZUL        
20200506,99GMP701,26630,TABLET NB316 M7S 16GB QUAD CORE PRETO        
20200506,9O3OQ301,26571,SMARTPHONE SAMSUNG GAL A20S 32GB AZUL        
20200506,9O1XTS01,21653,SUPORTE TV UNIVERSAL LCD/LED 10 A 71 SBRUB750
20200506,99J3GW01,21653,SUPORTE TV UNIVERSAL LCD/LED 10 A 71 SBRUB750
20200506,99LCW201,21653,SUPORTE TV UNIVERSAL LCD/LED 10 A 71 SBRUB750
20200506,9OR35Y01,25998,"TELEVISOR 43"" 43S6500FS FULL HD SEMP TCL     "
20200506,9OR35Y01,21653,SUPORTE TV UNIVERSAL LCD/LED 10 A 71 SBRUB750
20200506,99PX5L01,26325,"TELEVISOR SMART 43"" 43S5300 HD BLUET SEMP TCL"
20200506,99PX5L01,21653,SUPORTE TV UNIVERSAL LCD/LED 10 A 71 SBRUB750
20200506,9O1SI801,21653,SUPORTE TV UNIVERSAL LCD/LED 10 A 71 SBRUB750
20200506,41843201,21653,SUPORTE TV UNIVERSAL LCD/LED 10 A 71 SBRUB750
20200506,41843201,25996,"TELEVISOR 32"" 32S6500S HD LED SEMP TCL       "
20200506,99IEK801,26324,"TELEVISOR SMART 32"" 32S5300 HD BLUET SEMP TCL"
20200506,99IEK801,21653,SUPORTE TV UNIVERSAL LCD/LED 10 A 71 SBRUB750
20200506,15025401,26632,SMARTPHONE MOTOROLA MOTO G8 64GB BLUE        
20200506,02682501,26525,SMARTPHONE LG K12 MAX AZUL                   
20200506,99F1KN01,25996,"TELEVISOR 32"" 32S6500S HD LED SEMP TCL       "
20200506,99F1KN01,21653,SUPORTE TV UNIVERSAL LCD/LED 10 A 71 SBRUB750
20200506,22422801,26545,SMARTPHONE SAMSUNG GAL A10S 32GB AZUL        
20200506,99ENE901,21653,SUPORTE TV UNIVERSAL LCD/LED 10 A 71 SBRUB750
20200506,72679101,21653,SUPORTE TV UNIVERSAL LCD/LED 10 A 71 SBRUB750
20200506,9OQV3R01,21653,SUPORTE TV UNIVERSAL LCD/LED 10 A 71 SBRUB750
20200506,22117801,25998,"TELEVISOR 43"" 43S6500FS FULL HD SEMP TCL     "
20200506,99FE8V01,21647,DVD D-15 KARAOKE MONDIAL                     
20200506,99DP0Q01,25996,"TELEVISOR 32"" 32S6500S HD LED SEMP TCL       "
20200506,07842401,21653,SUPORTE TV UNIVERSAL LCD/LED 10 A 71 SBRUB750
20200506,34467501,26325,"TELEVISOR SMART 43"" 43S5300 HD BLUET SEMP TCL"
20200506,99K66B01,21653,SUPORTE TV UNIVERSAL LCD/LED 10 A 71 SBRUB750
20200506,9O7JCQ01,26723,SMARTPHONE SAMSUNG GAL A51 128GB BRANCO      
20200506,11750601,26247,SMARTPHONE LG K8 PLUS PRETO                  
20200506,999NOS01,21653,SUPORTE TV UNIVERSAL LCD/LED 10 A 71 SBRUB750
20200506,74619501,21653,SUPORTE TV UNIVERSAL LCD/LED 10 A 71 SBRUB750
20200506,06535001,26570,SMARTPHONE SAMSUNG GAL A20S 32GB PRETO       
20200506,92402101,21653,SUPORTE TV UNIVERSAL LCD/LED 10 A 71 SBRUB750
20200506,92402101,25996,"TELEVISOR 32"" 32S6500S HD LED SEMP TCL       "
20200506,19118201,21653,SUPORTE TV UNIVERSAL LCD/LED 10 A 71 SBRUB750
20200505,YZ0NKQ01,25998,"TELEVISOR 43"" 43S6500FS FULL HD SEMP TCL     "
20200505,YZ0NKQ01,21653,SUPORTE TV UNIVERSAL LCD/LED 10 A 71 SBRUB750
20200505,YZ0I1S01,21653,SUPORTE TV UNIVERSAL LCD/LED 10 A 71 SBRUB750
20200505,YZ0TP901,21653,SUPORTE TV UNIVERSAL LCD/LED 10 A 71 SBRUB750
20200505,000WNR01,21653,SUPORTE TV UNIVERSAL LCD/LED 10 A 71 SBRUB750
20200505,9OCW5601,26525,SMARTPHONE LG K12 MAX AZUL                   
20200505,9O0GOY01,26527,SMARTPHONE LG K40S LMX430 BMW PRETO          
20200505,10271201,25185,"TELEVISOR SMART 55"" 4K UN55NU7400 SAMSUNG    "
20200505,10271201,21653,SUPORTE TV UNIVERSAL LCD/LED 10 A 71 SBRUB750
20200505,9O0EIL01,26527,SMARTPHONE LG K40S LMX430 BMW PRETO          
20200505,9O4U4X01,25172,SMARTPHONE LG K9 TV LM-X210BMW PRETO         
20200505,9OR7WW01,26528,SMARTPHONE LG K40S LMX430 BMW AZUL           
20200505,9999WE01,25998,"TELEVISOR 43"" 43S6500FS FULL HD SEMP TCL     "
20200505,9999WE01,25245,TABLET NB731 MINI MS50G DOURADO/BRANCO       
20200505,9999WE01,21653,SUPORTE TV UNIVERSAL LCD/LED 10 A 71 SBRUB750
20200505,61698301,26545,SMARTPHONE SAMSUNG GAL A10S 32GB AZUL        
20200505,61698301,21653,SUPORTE TV UNIVERSAL LCD/LED 10 A 71 SBRUB750
20200505,61698301,25354,"TELEVISOR SMART 32"" UN32J4290 SAMSUNG        "
20200505,9O2ZVC01,25906,"TELEVISOR SMART 65"" UHD BT UN65RU7100 SAMSUNG"
20200505,9O2ZVC01,21653,SUPORTE TV UNIVERSAL LCD/LED 10 A 71 SBRUB750
20200505,9O61EC01,25356,"TELEVISOR SMART 49"" UN49J5290 SAMSUNG        "
20200505,9O61EC01,21653,SUPORTE TV UNIVERSAL LCD/LED 10 A 71 SBRUB750
20200505,99I5NZ01,25998,"TELEVISOR 43"" 43S6500FS FULL HD SEMP TCL     "
20200505,9OQ47A01,25729,SMARTPHONE SAMSUNG GAL J4 CORE 16GB COBRE    
20200505,09360301,25996,"TELEVISOR 32"" 32S6500S HD LED SEMP TCL       "
20200505,99ME5M01,21653,SUPORTE TV UNIVERSAL LCD/LED 10 A 71 SBRUB750
20200505,9OEBZU01,25582,SMARTPHONE LG K11 PLUS DB DOURADO            
20200505,9O3OQ301,21653,SUPORTE TV UNIVERSAL LCD/LED 10 A 71 SBRUB750
20200505,9O34DF01,26572,SMARTPHONE SAMSUNG GAL A20S 32GB VERMELHO    
20200505,38793001,25996,"TELEVISOR 32"" 32S6500S HD LED SEMP TCL       "
20200505,38793001,21653,SUPORTE TV UNIVERSAL LCD/LED 10 A 71 SBRUB750
20200505,99ETYF01,21653,SUPORTE TV UNIVERSAL LCD/LED 10 A 71 SBRUB750
20200505,84874601,21653,SUPORTE TV UNIVERSAL LCD/LED 10 A 71 SBRUB750
20200505,16462801,25996,"TELEVISOR 32"" 32S6500S HD LED SEMP TCL       "
20200505,98337901,26579,SMARTPHONE MOTOROLA MOTO E6 PLAY 32GB CINZA  
20200505,9O6CEB01,21653,SUPORTE TV UNIVERSAL LCD/LED 10 A 71 SBRUB750
20200505,9O6CEB01,25996,"TELEVISOR 32"" 32S6500S HD LED SEMP TCL       "
20200505,99ESOS01,26545,SMARTPHONE SAMSUNG GAL A10S 32GB AZUL        
20200505,99ESOS01,25729,SMARTPHONE SAMSUNG GAL J4 CORE 16GB COBRE    
20200505,15067001,26325,"TELEVISOR SMART 43"" 43S5300 HD BLUET SEMP TCL"
20200505,15067001,25435,TABLET NB732 MINI MS50X PRETO                
20200505,15067001,21653,SUPORTE TV UNIVERSAL LCD/LED 10 A 71 SBRUB750
20200505,91286201,26571,SMARTPHONE SAMSUNG GAL A20S 32GB AZUL        
20200505,9OQ99F01,21653,SUPORTE TV UNIVERSAL LCD/LED 10 A 71 SBRUB750
20200505,04266501,26574,SMARTPHONE SAMSUNG GAL A30S 64GB BRANCO      
20200505,9OP1U801,25729,SMARTPHONE SAMSUNG GAL J4 CORE 16GB COBRE    
20200505,999D8S01,26326,"TELEVISOR SMART 50"" 50P8M 4K UHD BLT SEMP TCL"
20200505,9OPA0101,21653,SUPORTE TV UNIVERSAL LCD/LED 10 A 71 SBRUB750
20200505,99DP0Q01,25996,"TELEVISOR 32"" 32S6500S HD LED SEMP TCL       "
20200505,99KBO301,25996,"TELEVISOR 32"" 32S6500S HD LED SEMP TCL       "
20200505,99KBO301,21653,SUPORTE TV UNIVERSAL LCD/LED 10 A 71 SBRUB750
20200505,9OI6W001,25172,SMARTPHONE LG K9 TV LM-X210BMW PRETO         
20200505,99PMH901,21653,SUPORTE TV UNIVERSAL LCD/LED 10 A 71 SBRUB750
20200505,10184201,21653,SUPORTE TV UNIVERSAL LCD/LED 10 A 71 SBRUB750
20200505,9OD78B01,26545,SMARTPHONE SAMSUNG GAL A10S 32GB AZUL        
20200505,9OBLUO01,26324,"TELEVISOR SMART 32"" 32S5300 HD BLUET SEMP TCL"
20200505,9OBLUO01,21653,SUPORTE TV UNIVERSAL LCD/LED 10 A 71 SBRUB750
20200505,9OEDJW01,25996,"TELEVISOR 32"" 32S6500S HD LED SEMP TCL       "
20200505,9ODL6601,26325,"TELEVISOR SMART 43"" 43S5300 HD BLUET SEMP TCL"
20200505,99LFSX01,25996,"TELEVISOR 32"" 32S6500S HD LED SEMP TCL       "
20200505,99LFSX01,21653,SUPORTE TV UNIVERSAL LCD/LED 10 A 71 SBRUB750
20200505,9O7YPD01,25998,"TELEVISOR 43"" 43S6500FS FULL HD SEMP TCL     "
20200505,99I18T01,21653,SUPORTE TV UNIVERSAL LCD/LED 10 A 71 SBRUB750
20200505,99I18T01,23904,"TELEVISOR SMART 49"" UN49J5200 SAMSUNG        "
20200505,53816701,25998,"TELEVISOR 43"" 43S6500FS FULL HD SEMP TCL     "
20200505,02606601,25996,"TELEVISOR 32"" 32S6500S HD LED SEMP TCL       "
20200505,52755901,21653,SUPORTE TV UNIVERSAL LCD/LED 10 A 71 SBRUB750
20200505,99FLT201,26545,SMARTPHONE SAMSUNG GAL A10S 32GB AZUL        
20200505,99CA4F01,25172,SMARTPHONE LG K9 TV LM-X210BMW PRETO         
20200505,01862801,21653,SUPORTE TV UNIVERSAL LCD/LED 10 A 71 SBRUB750
20200505,55786301,21653,SUPORTE TV UNIVERSAL LCD/LED 10 A 71 SBRUB750
20200505,40500901,23802,BOOMBOX BX-19 BIVOLT UP DYNAMIC              
20200504,YZ0TCZ01,26325,"TELEVISOR SMART 43"" 43S5300 HD BLUET SEMP TCL"
20200504,YZ0TCZ01,21653,SUPORTE TV UNIVERSAL LCD/LED 10 A 71 SBRUB750
20200504,YZ0SOA01,26325,"TELEVISOR SMART 43"" 43S5300 HD BLUET SEMP TCL"
20200504,YZ0SOA01,21653,SUPORTE TV UNIVERSAL LCD/LED 10 A 71 SBRUB750
20200504,YZ07XW01,26324,"TELEVISOR SMART 32"" 32S5300 HD BLUET SEMP TCL"
20200504,YZ07XW01,21653,SUPORTE TV UNIVERSAL LCD/LED 10 A 71 SBRUB750
20200504,YZ0TDX01,25996,"TELEVISOR 32"" 32S6500S HD LED SEMP TCL       "
20200504,YZ0TDX01,25726,SMARTPHONE SAMSUNG GAL J2 CORE 16GB PRETO    
20200504,YZ0TDX01,21653,SUPORTE TV UNIVERSAL LCD/LED 10 A 71 SBRUB750
20200504,YZ0TDX01,25727,SMARTPHONE SAMSUNG GAL J2 CORE 16GB PRATA    
20200504,YZ0SM401,21653,SUPORTE TV UNIVERSAL LCD/LED 10 A 71 SBRUB750
20200504,99EZAJ01,21653,SUPORTE TV UNIVERSAL LCD/LED 10 A 71 SBRUB750
20200504,999JM701,21653,SUPORTE TV UNIVERSAL LCD/LED 10 A 71 SBRUB750
20200504,999JM701,25356,"TELEVISOR SMART 49"" UN49J5290 SAMSUNG        "
20200504,20834701,21653,SUPORTE TV UNIVERSAL LCD/LED 10 A 71 SBRUB750
20200504,82924501,21855,CELULAR BLU JENNY 2.8 T276 DB PRETO-VERMEL   
20200504,82924501,26243,SUPORTE UNIV. BEDIN BU-25                    
20200504,9OGW6C01,26386,SMARTPHONE LG K8 PLUS AZUL                   
20200504,09360301,25172,SMARTPHONE LG K9 TV LM-X210BMW PRETO         
20200504,9ORC6A01,26325,"TELEVISOR SMART 43"" 43S5300 HD BLUET SEMP TCL"
20200504,9NY89A01,21653,SUPORTE TV UNIVERSAL LCD/LED 10 A 71 SBRUB750
20200504,9NZ1RN01,26324,"TELEVISOR SMART 32"" 32S5300 HD BLUET SEMP TCL"
20200504,9NZ1RN01,21653,SUPORTE TV UNIVERSAL LCD/LED 10 A 71 SBRUB750
20200504,9O5WKX01,21653,SUPORTE TV UNIVERSAL LCD/LED 10 A 71 SBRUB750
20200504,9OR35Y01,23802,BOOMBOX BX-19 BIVOLT UP DYNAMIC              
20200504,9NY87M01,25582,SMARTPHONE LG K11 PLUS DB DOURADO            
20200504,99GF3901,25998,"TELEVISOR 43"" 43S6500FS FULL HD SEMP TCL     "
20200504,99EYUW01,26324,"TELEVISOR SMART 32"" 32S5300 HD BLUET SEMP TCL"
20200504,99EYUW01,21653,SUPORTE TV UNIVERSAL LCD/LED 10 A 71 SBRUB750
20200504,44100901,21653,SUPORTE TV UNIVERSAL LCD/LED 10 A 71 SBRUB750
20200504,9OLQ1I01,25996,"TELEVISOR 32"" 32S6500S HD LED SEMP TCL       "
20200504,98594401,25998,"TELEVISOR 43"" 43S6500FS FULL HD SEMP TCL     "
20200504,98594401,21653,SUPORTE TV UNIVERSAL LCD/LED 10 A 71 SBRUB750
20200504,10252901,21653,SUPORTE TV UNIVERSAL LCD/LED 10 A 71 SBRUB750
20200504,47353401,26630,TABLET NB316 M7S 16GB QUAD CORE PRETO        
20200504,90074601,26545,SMARTPHONE SAMSUNG GAL A10S 32GB AZUL        
20200504,9OOTHN01,26326,"TELEVISOR SMART 50"" 50P8M 4K UHD BLT SEMP TCL"
20200504,9OBZ0R01,26324,"TELEVISOR SMART 32"" 32S5300 HD BLUET SEMP TCL"
20200504,9OBZ0R01,21653,SUPORTE TV UNIVERSAL LCD/LED 10 A 71 SBRUB750
20200504,04100801,21653,SUPORTE TV UNIVERSAL LCD/LED 10 A 71 SBRUB750
20200504,99FLT201,25435,TABLET NB732 MINI MS50X PRETO                
20200504,16190301,21653,SUPORTE TV UNIVERSAL LCD/LED 10 A 71 SBRUB750
20200504,16190301,25998,"TELEVISOR 43"" 43S6500FS FULL HD SEMP TCL     "
20200504,03688801,26325,"TELEVISOR SMART 43"" 43S5300 HD BLUET SEMP TCL"
20200504,03353501,25996,"TELEVISOR 32"" 32S6500S HD LED SEMP TCL       "
20200504,03353501,21653,SUPORTE TV UNIVERSAL LCD/LED 10 A 71 SBRUB750
20200504,03353501,26545,SMARTPHONE SAMSUNG GAL A10S 32GB AZUL        
20200504,09105201,21653,SUPORTE TV UNIVERSAL LCD/LED 10 A 71 SBRUB750
20200504,34336101,25996,"TELEVISOR 32"" 32S6500S HD LED SEMP TCL       "
20200504,34336101,21653,SUPORTE TV UNIVERSAL LCD/LED 10 A 71 SBRUB750
20200503,9O9BET01,25728,SMARTPHONE SAMSUNG GAL J4 CORE 16GB PRETO    
20200503,95094401,21653,SUPORTE TV UNIVERSAL LCD/LED 10 A 71 SBRUB750
20200503,95094401,25356,"TELEVISOR SMART 49"" UN49J5290 SAMSUNG        "
20200503,91835301,25354,"TELEVISOR SMART 32"" UN32J4290 SAMSUNG        "
20200503,91835301,21653,SUPORTE TV UNIVERSAL LCD/LED 10 A 71 SBRUB750
20200503,9O63DZ01,21653,SUPORTE TV UNIVERSAL LCD/LED 10 A 71 SBRUB750
20200503,9O63DZ01,25356,"TELEVISOR SMART 49"" UN49J5290 SAMSUNG        "
20200503,99CWCE01,25998,"TELEVISOR 43"" 43S6500FS FULL HD SEMP TCL     "
20200503,61213801,26548,SMARTPHONE SAMSUNG GAL A10S 32GB VERMELHO    
20200503,15003701,25727,SMARTPHONE SAMSUNG GAL J2 CORE 16GB PRATA    
20200503,99PW7601,22620,CELULAR RIU-I R200 DB BRANCO-ROSA            
20200503,99PW7601,22617,CELULAR RIU-I R200 DB PRETO-VERMELHO         
20200503,99PMH901,25729,SMARTPHONE SAMSUNG GAL J4 CORE 16GB COBRE    
20200503,9OLQC101,21653,SUPORTE TV UNIVERSAL LCD/LED 10 A 71 SBRUB750
20200503,99JU3D01,26326,"TELEVISOR SMART 50"" 50P8M 4K UHD BLT SEMP TCL"
20200502,YYZ4WG01,22506,ROTEADOR RE057 150MBPS 1 ANT.4PTS.LAN        
20200502,YZ0QW001,21653,SUPORTE TV UNIVERSAL LCD/LED 10 A 71 SBRUB750
20200502,YZ0RTY01,25998,"TELEVISOR 43"" 43S6500FS FULL HD SEMP TCL     "
20200502,YZ0RTY01,21653,SUPORTE TV UNIVERSAL LCD/LED 10 A 71 SBRUB750
20200502,YZ0RRW01,25998,"TELEVISOR 43"" 43S6500FS FULL HD SEMP TCL     "
20200502,YZ0RRW01,21653,SUPORTE TV UNIVERSAL LCD/LED 10 A 71 SBRUB750
20200502,YZ0SBE01,21653,SUPORTE TV UNIVERSAL LCD/LED 10 A 71 SBRUB750
20200502,YZ0HVB01,21653,SUPORTE TV UNIVERSAL LCD/LED 10 A 71 SBRUB750
20200502,YZ0RRA01,25996,"TELEVISOR 32"" 32S6500S HD LED SEMP TCL       "
20200502,YZ0RRA01,21653,SUPORTE TV UNIVERSAL LCD/LED 10 A 71 SBRUB750
20200502,YZ0RXM01,21653,SUPORTE TV UNIVERSAL LCD/LED 10 A 71 SBRUB750
20200502,YZ0RXM01,25355,"TELEVISOR SMART 43"" UN43J5290 SAMSUNG        "
20200502,YZ0RUE01,25998,"TELEVISOR 43"" 43S6500FS FULL HD SEMP TCL     "
20200502,YZ0RUE01,21653,SUPORTE TV UNIVERSAL LCD/LED 10 A 71 SBRUB750
20200502,11416001,26545,SMARTPHONE SAMSUNG GAL A10S 32GB AZUL        
20200502,9OMZNV01,26243,SUPORTE UNIV. BEDIN BU-25                    
20200502,99CLJR01,26326,"TELEVISOR SMART 50"" 50P8M 4K UHD BLT SEMP TCL"
20200502,99CLJR01,21653,SUPORTE TV UNIVERSAL LCD/LED 10 A 71 SBRUB750
20200502,9O9BET01,25998,"TELEVISOR 43"" 43S6500FS FULL HD SEMP TCL     "
20200502,9OP0EV01,21653,SUPORTE TV UNIVERSAL LCD/LED 10 A 71 SBRUB750
20200502,9O7PTX01,21653,SUPORTE TV UNIVERSAL LCD/LED 10 A 71 SBRUB750
20200502,24955101,21653,SUPORTE TV UNIVERSAL LCD/LED 10 A 71 SBRUB750
20200502,99HS7T01,25241,PEN DRIVE MC162 2X1 LEITOR USB SD 16GB       
20200502,9OODYB01,21653,SUPORTE TV UNIVERSAL LCD/LED 10 A 71 SBRUB750
20200502,9O4QP301,21653,SUPORTE TV UNIVERSAL LCD/LED 10 A 71 SBRUB750
20200502,94099901,26574,SMARTPHONE SAMSUNG GAL A30S 64GB BRANCO      
20200502,56300201,25729,SMARTPHONE SAMSUNG GAL J4 CORE 16GB COBRE    
20200502,47492601,26525,SMARTPHONE LG K12 MAX AZUL                   
20200502,99CK2701,26569,SMARTPHONE SAMSUNG GAL A10S 32GB PRETO       
20200502,99CK2701,25873,SMARTPHONE LG K12 PLUS PLATINUM              
20200502,99D7V901,26326,"TELEVISOR SMART 50"" 50P8M 4K UHD BLT SEMP TCL"
20200502,02216801,21653,SUPORTE TV UNIVERSAL LCD/LED 10 A 71 SBRUB750
20200502,99EZZQ01,25996,"TELEVISOR 32"" 32S6500S HD LED SEMP TCL       "
20200502,99EZZQ01,21653,SUPORTE TV UNIVERSAL LCD/LED 10 A 71 SBRUB750
20200502,99EZZQ01,21653,SUPORTE TV UNIVERSAL LCD/LED 10 A 71 SBRUB750
20200502,99G0LE01,26633,SMARTPHONE MOTOROLA MOTO G8 64GB BRANCO      
20200502,9OAQRE01,21653,SUPORTE TV UNIVERSAL LCD/LED 10 A 71 SBRUB750
20200502,19658301,21653,SUPORTE TV UNIVERSAL LCD/LED 10 A 71 SBRUB750
20200502,19658301,25998,"TELEVISOR 43"" 43S6500FS FULL HD SEMP TCL     "
20200502,19658301,25998,"TELEVISOR 43"" 43S6500FS FULL HD SEMP TCL     "
20200502,999RPR01,26587,SMARTPHONE MOTOROLA MOTO ONE MACRO 64GB VIOL 
20200502,99MCMR01,21653,SUPORTE TV UNIVERSAL LCD/LED 10 A 71 SBRUB750
20200502,9O03IG01,26574,SMARTPHONE SAMSUNG GAL A30S 64GB BRANCO      
20200502,9O03IG01,21653,SUPORTE TV UNIVERSAL LCD/LED 10 A 71 SBRUB750
20200502,9O03IG01,25996,"TELEVISOR 32"" 32S6500S HD LED SEMP TCL       "
20200502,47012001,26548,SMARTPHONE SAMSUNG GAL A10S 32GB VERMELHO    
20200502,11202601,26571,SMARTPHONE SAMSUNG GAL A20S 32GB AZUL        
20200502,97627901,26574,SMARTPHONE SAMSUNG GAL A30S 64GB BRANCO      
20200502,01862801,26326,"TELEVISOR SMART 50"" 50P8M 4K UHD BLT SEMP TCL"
20200502,01862801,25726,SMARTPHONE SAMSUNG GAL J2 CORE 16GB PRETO    
20200501,YZ0RDI01,21653,SUPORTE TV UNIVERSAL LCD/LED 10 A 71 SBRUB750
20200501,YZ0RDI01,26325,"TELEVISOR SMART 43"" 43S5300 HD BLUET SEMP TCL"
20200501,YZ0R3201,26324,"TELEVISOR SMART 32"" 32S5300 HD BLUET SEMP TCL"
20200501,YZ0R3201,21653,SUPORTE TV UNIVERSAL LCD/LED 10 A 71 SBRUB750
20200501,95455801,22617,CELULAR RIU-I R200 DB PRETO-VERMELHO         
20200501,72592701,26573,SMARTPHONE SAMSUNG GAL A30S 64GB PRETO       
20200501,99M1N201,21653,SUPORTE TV UNIVERSAL LCD/LED 10 A 71 SBRUB750
20200501,99M1N201,25998,"TELEVISOR 43"" 43S6500FS FULL HD SEMP TCL     "
20200501,15464901,26326,"TELEVISOR SMART 50"" 50P8M 4K UHD BLT SEMP TCL"
20200501,15464901,21653,SUPORTE TV UNIVERSAL LCD/LED 10 A 71 SBRUB750
20200501,9OFRWI01,21653,SUPORTE TV UNIVERSAL LCD/LED 10 A 71 SBRUB750
20200501,9OO23601,21653,SUPORTE TV UNIVERSAL LCD/LED 10 A 71 SBRUB750
20200501,99511601,26573,SMARTPHONE SAMSUNG GAL A30S 64GB PRETO       
20200501,99J83101,26324,"TELEVISOR SMART 32"" 32S5300 HD BLUET SEMP TCL"
20200501,90701901,25996,"TELEVISOR 32"" 32S6500S HD LED SEMP TCL       "
20200501,90505501,26573,SMARTPHONE SAMSUNG GAL A30S 64GB PRETO       
20200501,99ENE901,25998,"TELEVISOR 43"" 43S6500FS FULL HD SEMP TCL     "
20200501,19469701,26573,SMARTPHONE SAMSUNG GAL A30S 64GB PRETO       
20200501,39884401,21653,SUPORTE TV UNIVERSAL LCD/LED 10 A 71 SBRUB750
20200501,9OI6W001,26545,SMARTPHONE SAMSUNG GAL A10S 32GB AZUL        
20200501,9OM5F901,26325,"TELEVISOR SMART 43"" 43S5300 HD BLUET SEMP TCL"
20200501,12155401,25998,"TELEVISOR 43"" 43S6500FS FULL HD SEMP TCL     "
20200501,12155401,21653,SUPORTE TV UNIVERSAL LCD/LED 10 A 71 SBRUB750
20200501,05408301,25726,SMARTPHONE SAMSUNG GAL J2 CORE 16GB PRETO    
20200501,9OEDJW01,21653,SUPORTE TV UNIVERSAL LCD/LED 10 A 71 SBRUB750
20200501,33716001,21653,SUPORTE TV UNIVERSAL LCD/LED 10 A 71 SBRUB750
20200501,28179201,22617,CELULAR RIU-I R200 DB PRETO-VERMELHO         
20200501,43967801,22978,CONJ.SC-AKX100LBK PANASONIC                  
20200430,YZ0QT401,21653,SUPORTE TV UNIVERSAL LCD/LED 10 A 71 SBRUB750
20200430,YZ0QT401,25996,"TELEVISOR 32"" 32S6500S HD LED SEMP TCL       "
20200430,YZ0QW001,25356,"TELEVISOR SMART 49"" UN49J5290 SAMSUNG        "
20200430,90424901,21653,SUPORTE TV UNIVERSAL LCD/LED 10 A 71 SBRUB750
20200430,31222801,21653,SUPORTE TV UNIVERSAL LCD/LED 10 A 71 SBRUB750
20200430,9OHORB01,21653,SUPORTE TV UNIVERSAL LCD/LED 10 A 71 SBRUB750
20200430,9OFU5L01,21653,SUPORTE TV UNIVERSAL LCD/LED 10 A 71 SBRUB750
20200430,9OFU5L01,25998,"TELEVISOR 43"" 43S6500FS FULL HD SEMP TCL     "
20200430,03801401,21653,SUPORTE TV UNIVERSAL LCD/LED 10 A 71 SBRUB750
20200430,00570901,25998,"TELEVISOR 43"" 43S6500FS FULL HD SEMP TCL     "
20200430,91319801,26326,"TELEVISOR SMART 50"" 50P8M 4K UHD BLT SEMP TCL"
20200430,91319801,21653,SUPORTE TV UNIVERSAL LCD/LED 10 A 71 SBRUB750
20200430,9O342H01,26545,SMARTPHONE SAMSUNG GAL A10S 32GB AZUL        
20200430,99L4P201,21653,SUPORTE TV UNIVERSAL LCD/LED 10 A 71 SBRUB750
20200430,24526801,21653,SUPORTE TV UNIVERSAL LCD/LED 10 A 71 SBRUB750
20200430,24526801,25545,"TELEVISOR SMART 40"" TC40FS600B PANASONIC     "
20200430,49806601,26573,SMARTPHONE SAMSUNG GAL A30S 64GB PRETO       
20200430,99CDEF01,22506,ROTEADOR RE057 150MBPS 1 ANT.4PTS.LAN        
20200430,43967801,25998,"TELEVISOR 43"" 43S6500FS FULL HD SEMP TCL     "
20200430,43967801,21653,SUPORTE TV UNIVERSAL LCD/LED 10 A 71 SBRUB750
20200430,99F0SZ01,21653,SUPORTE TV UNIVERSAL LCD/LED 10 A 71 SBRUB750
20200429,99CKD401,21653,SUPORTE TV UNIVERSAL LCD/LED 10 A 71 SBRUB750
20200429,9OMXIX01,21653,SUPORTE TV UNIVERSAL LCD/LED 10 A 71 SBRUB750
20200429,99015801,25998,"TELEVISOR 43"" 43S6500FS FULL HD SEMP TCL     "
20200429,99015801,21653,SUPORTE TV UNIVERSAL LCD/LED 10 A 71 SBRUB750
20200429,99CKHC01,26325,"TELEVISOR SMART 43"" 43S5300 HD BLUET SEMP TCL"
20200429,99CKHC01,21653,SUPORTE TV UNIVERSAL LCD/LED 10 A 71 SBRUB750
20200429,19912701,21653,SUPORTE TV UNIVERSAL LCD/LED 10 A 71 SBRUB750
20200429,19912701,26325,"TELEVISOR SMART 43"" 43S5300 HD BLUET SEMP TCL"
20200429,18865001,26325,"TELEVISOR SMART 43"" 43S5300 HD BLUET SEMP TCL"
20200429,03801401,25904,"TELEVISOR SMART 50"" UHD BT UN50RU7100 SAMSUNG"
20200429,15673901,21653,SUPORTE TV UNIVERSAL LCD/LED 10 A 71 SBRUB750
20200429,65930401,26527,SMARTPHONE LG K40S LMX430 BMW PRETO          
20200429,9NXHD501,21653,SUPORTE TV UNIVERSAL LCD/LED 10 A 71 SBRUB750
20200429,12089001,26573,SMARTPHONE SAMSUNG GAL A30S 64GB PRETO       
20200429,99HE6E01,26574,SMARTPHONE SAMSUNG GAL A30S 64GB BRANCO      
20200429,99DK3201,21653,SUPORTE TV UNIVERSAL LCD/LED 10 A 71 SBRUB750
20200429,9OFU5L01,26324,"TELEVISOR SMART 32"" 32S5300 HD BLUET SEMP TCL"
20200429,9NXD5901,26548,SMARTPHONE SAMSUNG GAL A10S 32GB VERMELHO    
20200429,90661401,21653,SUPORTE TV UNIVERSAL LCD/LED 10 A 71 SBRUB750
20200429,9NWKVA01,21653,SUPORTE TV UNIVERSAL LCD/LED 10 A 71 SBRUB750
20200429,YZ0PQF01,21653,SUPORTE TV UNIVERSAL LCD/LED 10 A 71 SBRUB750
20200428,9OH18901,25172,SMARTPHONE LG K9 TV LM-X210BMW PRETO         
20200428,70456601,21653,SUPORTE TV UNIVERSAL LCD/LED 10 A 71 SBRUB750
20200428,99HC4S01,26571,SMARTPHONE SAMSUNG GAL A20S 32GB AZUL        
20200428,99JTIO01,25904,"TELEVISOR SMART 50"" UHD BT UN50RU7100 SAMSUNG"
20200428,99JTIO01,21653,SUPORTE TV UNIVERSAL LCD/LED 10 A 71 SBRUB750
20200428,97923301,25726,SMARTPHONE SAMSUNG GAL J2 CORE 16GB PRETO    
20200428,97923301,26325,"TELEVISOR SMART 43"" 43S5300 HD BLUET SEMP TCL"
20200428,97923301,21653,SUPORTE TV UNIVERSAL LCD/LED 10 A 71 SBRUB750
20200428,99CPGW01,21653,SUPORTE TV UNIVERSAL LCD/LED 10 A 71 SBRUB750
20200428,9OELER01,21653,SUPORTE TV UNIVERSAL LCD/LED 10 A 71 SBRUB750
20200428,99K1XH01,21653,SUPORTE TV UNIVERSAL LCD/LED 10 A 71 SBRUB750
20200428,99K1XH01,20599,ROTEADOR RE160 300 MBPS NOVO (05)            
20200428,16661901,26432,AUTO RADIO AR-06 PRETO                       
20200428,99C4RR01,25545,"TELEVISOR SMART 40"" TC40FS600B PANASONIC     "
20200428,99C4RR01,21653,SUPORTE TV UNIVERSAL LCD/LED 10 A 71 SBRUB750
20200428,99AKA401,21653,SUPORTE TV UNIVERSAL LCD/LED 10 A 71 SBRUB750
20200428,04456401,25996,"TELEVISOR 32"" 32S6500S HD LED SEMP TCL       "
20200428,99CD6S01,21653,SUPORTE TV UNIVERSAL LCD/LED 10 A 71 SBRUB750
20200428,99CD6S01,25545,"TELEVISOR SMART 40"" TC40FS600B PANASONIC     "
20200428,70518101,25579,SMARTPHONE SAMSUNG GAL J6 PLUS 32GB PRATA    
20200428,15673901,26324,"TELEVISOR SMART 32"" 32S5300 HD BLUET SEMP TCL"
20200428,04456401,21653,SUPORTE TV UNIVERSAL LCD/LED 10 A 71 SBRUB750
20200428,99HE6E01,26326,"TELEVISOR SMART 50"" 50P8M 4K UHD BLT SEMP TCL"
20200428,99MOZF01,21653,SUPORTE TV UNIVERSAL LCD/LED 10 A 71 SBRUB750
20200428,9ODYZQ01,26243,SUPORTE UNIV. BEDIN BU-25                    
20200428,03716201,21653,SUPORTE TV UNIVERSAL LCD/LED 10 A 71 SBRUB750
20200428,9O5XFP01,21653,SUPORTE TV UNIVERSAL LCD/LED 10 A 71 SBRUB750
20200428,YZ0PHI01,21653,SUPORTE TV UNIVERSAL LCD/LED 10 A 71 SBRUB750
20200428,YZ0PHI01,25354,"TELEVISOR SMART 32"" UN32J4290 SAMSUNG        "
20200428,YZ0KB101,26324,"TELEVISOR SMART 32"" 32S5300 HD BLUET SEMP TCL"
20200427,YYYWD901,26324,"TELEVISOR SMART 32"" 32S5300 HD BLUET SEMP TCL"
20200427,YYYWD901,21653,SUPORTE TV UNIVERSAL LCD/LED 10 A 71 SBRUB750
20200427,YZ0MZ601,21653,SUPORTE TV UNIVERSAL LCD/LED 10 A 71 SBRUB750
20200427,19076601,21653,SUPORTE TV UNIVERSAL LCD/LED 10 A 71 SBRUB750
20200427,97520001,21653,SUPORTE TV UNIVERSAL LCD/LED 10 A 71 SBRUB750
20200427,9ODQ7X01,25580,SMARTPHONE SAMSUNG GAL J6 PLUS 32GB PRETO    
20200427,34614301,21653,SUPORTE TV UNIVERSAL LCD/LED 10 A 71 SBRUB750
20200427,34614301,25998,"TELEVISOR 43"" 43S6500FS FULL HD SEMP TCL     "
20200427,03584801,21653,SUPORTE TV UNIVERSAL LCD/LED 10 A 71 SBRUB750
20200427,99CRLG01,21653,SUPORTE TV UNIVERSAL LCD/LED 10 A 71 SBRUB750
20200427,9O4QP301,26324,"TELEVISOR SMART 32"" 32S5300 HD BLUET SEMP TCL"
20200427,99DP0Q01,26572,SMARTPHONE SAMSUNG GAL A20S 32GB VERMELHO    
20200427,9OM91201,21653,SUPORTE TV UNIVERSAL LCD/LED 10 A 71 SBRUB750
20200427,13287901,25998,"TELEVISOR 43"" 43S6500FS FULL HD SEMP TCL     "
20200427,13287901,21653,SUPORTE TV UNIVERSAL LCD/LED 10 A 71 SBRUB750
20200427,9OHWIG01,21653,SUPORTE TV UNIVERSAL LCD/LED 10 A 71 SBRUB750
20200427,9OHWIG01,26324,"TELEVISOR SMART 32"" 32S5300 HD BLUET SEMP TCL"
20200427,48806101,25727,SMARTPHONE SAMSUNG GAL J2 CORE 16GB PRATA    
20200427,99BX7K01,25183,"TELEVISOR SMART 43"" 4K UN43NU7100 SAMSUNG    "
20200427,99BX7K01,21653,SUPORTE TV UNIVERSAL LCD/LED 10 A 71 SBRUB750
20200427,30965801,21653,SUPORTE TV UNIVERSAL LCD/LED 10 A 71 SBRUB750
20200426,97989401,26324,"TELEVISOR SMART 32"" 32S5300 HD BLUET SEMP TCL"
20200426,77773001,21653,SUPORTE TV UNIVERSAL LCD/LED 10 A 71 SBRUB750
20200426,9OLUGN01,25355,"TELEVISOR SMART 43"" UN43J5290 SAMSUNG        "
20200426,9OITIQ01,25545,"TELEVISOR SMART 40"" TC40FS600B PANASONIC     "
20200426,99QKYF01,21653,SUPORTE TV UNIVERSAL LCD/LED 10 A 71 SBRUB750
20200426,9OCQR301,21653,SUPORTE TV UNIVERSAL LCD/LED 10 A 71 SBRUB750
20200426,9ONTUA01,21653,SUPORTE TV UNIVERSAL LCD/LED 10 A 71 SBRUB750
20200426,9O196501,21653,SUPORTE TV UNIVERSAL LCD/LED 10 A 71 SBRUB750
20200426,9O196501,26324,"TELEVISOR SMART 32"" 32S5300 HD BLUET SEMP TCL"
20200426,9O196501,21653,SUPORTE TV UNIVERSAL LCD/LED 10 A 71 SBRUB750
20200426,9OINE901,21653,SUPORTE TV UNIVERSAL LCD/LED 10 A 71 SBRUB750
20200426,9OINE901,26243,SUPORTE UNIV. BEDIN BU-25                    
20200426,15673901,21653,SUPORTE TV UNIVERSAL LCD/LED 10 A 71 SBRUB750
20200426,15673901,26324,"TELEVISOR SMART 32"" 32S5300 HD BLUET SEMP TCL"
20200426,99D8Z901,24913,SMARTPHONE MOTOROLA MOTO G6 PLAY XT1922 DB IN
20200426,21803101,26326,"TELEVISOR SMART 50"" 50P8M 4K UHD BLT SEMP TCL"
20200426,03716201,26326,"TELEVISOR SMART 50"" 50P8M 4K UHD BLT SEMP TCL"
20200426,9OF11901,25545,"TELEVISOR SMART 40"" TC40FS600B PANASONIC     "
20200426,9OF11901,21653,SUPORTE TV UNIVERSAL LCD/LED 10 A 71 SBRUB750
20200425,9NZNLS01,21653,SUPORTE TV UNIVERSAL LCD/LED 10 A 71 SBRUB750
20200425,32723901,21653,SUPORTE TV UNIVERSAL LCD/LED 10 A 71 SBRUB750
20200425,99BGQU01,21653,SUPORTE TV UNIVERSAL LCD/LED 10 A 71 SBRUB750
20200425,9OKESH01,21653,SUPORTE TV UNIVERSAL LCD/LED 10 A 71 SBRUB750
20200425,9OKESH01,26326,"TELEVISOR SMART 50"" 50P8M 4K UHD BLT SEMP TCL"
20200425,9OJYE401,21653,SUPORTE TV UNIVERSAL LCD/LED 10 A 71 SBRUB750
20200425,02127601,21653,SUPORTE TV UNIVERSAL LCD/LED 10 A 71 SBRUB750
20200425,30928001,21653,SUPORTE TV UNIVERSAL LCD/LED 10 A 71 SBRUB750
20200425,15673901,21653,SUPORTE TV UNIVERSAL LCD/LED 10 A 71 SBRUB750
20200425,9O3DBC01,26324,"TELEVISOR SMART 32"" 32S5300 HD BLUET SEMP TCL"
20200425,03584801,25906,"TELEVISOR SMART 65"" UHD BT UN65RU7100 SAMSUNG"
20200425,YZ0OBK01,21653,SUPORTE TV UNIVERSAL LCD/LED 10 A 71 SBRUB750
20200425,YZ0NXW01,21653,SUPORTE TV UNIVERSAL LCD/LED 10 A 71 SBRUB750
20200425,YZ0NXW01,25996,"TELEVISOR 32"" 32S6500S HD LED SEMP TCL       "
20200424,99PKV801,21653,SUPORTE TV UNIVERSAL LCD/LED 10 A 71 SBRUB750
20200424,99HIH601,24851,TABLET NB706 MINI MS50L PRETO/GRAFIT         
20200424,99CKT901,26243,SUPORTE UNIV. BEDIN BU-25                    
20200424,9O0Q2801,25250,SMARTPHONE SAMSUNG GAL J6 64GB DB VIOLETA    
20200424,99L4P201,21653,SUPORTE TV UNIVERSAL LCD/LED 10 A 71 SBRUB750
20200424,9OQED001,21653,SUPORTE TV UNIVERSAL LCD/LED 10 A 71 SBRUB750
20200424,99CPSP01,20966,PEN DRIVE 32GB PD589 TWIST PRETO             
20200424,02127601,26326,"TELEVISOR SMART 50"" 50P8M 4K UHD BLT SEMP TCL"
20200424,17367801,25996,"TELEVISOR 32"" 32S6500S HD LED SEMP TCL       "
20200424,17367801,21653,SUPORTE TV UNIVERSAL LCD/LED 10 A 71 SBRUB750
20200424,91835301,25727,SMARTPHONE SAMSUNG GAL J2 CORE 16GB PRATA    
20200424,20506201,26572,SMARTPHONE SAMSUNG GAL A20S 32GB VERMELHO    
20200424,9OQVCB01,26324,"TELEVISOR SMART 32"" 32S5300 HD BLUET SEMP TCL"
20200424,18589601,26325,"TELEVISOR SMART 43"" 43S5300 HD BLUET SEMP TCL"
20200424,YZ0MXW01,21653,SUPORTE TV UNIVERSAL LCD/LED 10 A 71 SBRUB750
20200424,000RJP01,25726,SMARTPHONE SAMSUNG GAL J2 CORE 16GB PRETO    
20200423,99CDEF01,21647,DVD D-15 KARAOKE MONDIAL                     
20200423,95979201,21653,SUPORTE TV UNIVERSAL LCD/LED 10 A 71 SBRUB750
20200423,9OELER01,23376,"TELEVISOR SMART 48"" KDL-48W655D SONY         "
20200423,9O37JX01,21653,SUPORTE TV UNIVERSAL LCD/LED 10 A 71 SBRUB750
20200423,86842301,21653,SUPORTE TV UNIVERSAL LCD/LED 10 A 71 SBRUB750
20200423,99BUEM01,25354,"TELEVISOR SMART 32"" UN32J4290 SAMSUNG        "
20200423,99BUEM01,21653,SUPORTE TV UNIVERSAL LCD/LED 10 A 71 SBRUB750
20200423,9OP63O01,21653,SUPORTE TV UNIVERSAL LCD/LED 10 A 71 SBRUB750
20200423,9OP63O01,25996,"TELEVISOR 32"" 32S6500S HD LED SEMP TCL       "
20200423,99ESOS01,26324,"TELEVISOR SMART 32"" 32S5300 HD BLUET SEMP TCL"
20200423,99ESOS01,21653,SUPORTE TV UNIVERSAL LCD/LED 10 A 71 SBRUB750
20200423,49981801,26324,"TELEVISOR SMART 32"" 32S5300 HD BLUET SEMP TCL"
20200423,10159801,26545,SMARTPHONE SAMSUNG GAL A10S 32GB AZUL        
20200423,65080501,26432,AUTO RADIO AR-06 PRETO                       
20200423,65080501,21653,SUPORTE TV UNIVERSAL LCD/LED 10 A 71 SBRUB750
20200423,99EA8401,26569,SMARTPHONE SAMSUNG GAL A10S 32GB PRETO       
20200423,9O30KZ01,24913,SMARTPHONE MOTOROLA MOTO G6 PLAY XT1922 DB IN
20200423,9O26EF01,21653,SUPORTE TV UNIVERSAL LCD/LED 10 A 71 SBRUB750
20200423,9O3DBC01,21653,SUPORTE TV UNIVERSAL LCD/LED 10 A 71 SBRUB750
20200423,99HTET01,21653,SUPORTE TV UNIVERSAL LCD/LED 10 A 71 SBRUB750
20200423,99PT4T01,21653,SUPORTE TV UNIVERSAL LCD/LED 10 A 71 SBRUB750
20200423,9OHV4201,21653,SUPORTE TV UNIVERSAL LCD/LED 10 A 71 SBRUB750
20200423,9OQVCB01,21653,SUPORTE TV UNIVERSAL LCD/LED 10 A 71 SBRUB750
20200423,9O1ML901,21653,SUPORTE TV UNIVERSAL LCD/LED 10 A 71 SBRUB750
20200423,41676501,26587,SMARTPHONE MOTOROLA MOTO ONE MACRO 64GB VIOL 
20200423,9NZ7YL01,21653,SUPORTE TV UNIVERSAL LCD/LED 10 A 71 SBRUB750
20200423,YZ0MXW01,25354,"TELEVISOR SMART 32"" UN32J4290 SAMSUNG        "
20200423,YZ0MRB01,21653,SUPORTE TV UNIVERSAL LCD/LED 10 A 71 SBRUB750
20200423,YZ0N0001,21653,SUPORTE TV UNIVERSAL LCD/LED 10 A 71 SBRUB750
20200423,YYZAQN01,26326,"TELEVISOR SMART 50"" 50P8M 4K UHD BLT SEMP TCL"
20200423,YYZAQN01,21653,SUPORTE TV UNIVERSAL LCD/LED 10 A 71 SBRUB750
20200423,YZ0MFR01,26324,"TELEVISOR SMART 32"" 32S5300 HD BLUET SEMP TCL"
20200423,YZ0MFR01,21653,SUPORTE TV UNIVERSAL LCD/LED 10 A 71 SBRUB750
20200422,18322301,19524,RADIO RECEPTOR 7 FXS RM PFT73AC              
20200422,99D8RT01,21653,SUPORTE TV UNIVERSAL LCD/LED 10 A 71 SBRUB750
20200422,99KCJU01,21653,SUPORTE TV UNIVERSAL LCD/LED 10 A 71 SBRUB750
20200422,99KCJU01,25599,"TELEVISOR SMART 49"" 4K 49K1US SEMP TCL       "
20200422,11425201,26545,SMARTPHONE SAMSUNG GAL A10S 32GB AZUL        
20200422,99GXEP01,21653,SUPORTE TV UNIVERSAL LCD/LED 10 A 71 SBRUB750
20200422,04176401,21653,SUPORTE TV UNIVERSAL LCD/LED 10 A 71 SBRUB750
20200422,99PKV801,25354,"TELEVISOR SMART 32"" UN32J4290 SAMSUNG        "
20200422,9O4SLA01,25545,"TELEVISOR SMART 40"" TC40FS600B PANASONIC     "
20200422,9O4SLA01,21653,SUPORTE TV UNIVERSAL LCD/LED 10 A 71 SBRUB750
20200422,9OORDV01,25729,SMARTPHONE SAMSUNG GAL J4 CORE 16GB COBRE    
20200422,99CG0301,21653,SUPORTE TV UNIVERSAL LCD/LED 10 A 71 SBRUB750
20200422,9OI6W001,21653,SUPORTE TV UNIVERSAL LCD/LED 10 A 71 SBRUB750
20200422,51083201,21653,SUPORTE TV UNIVERSAL LCD/LED 10 A 71 SBRUB750
20200422,99CG0301,25998,"TELEVISOR 43"" 43S6500FS FULL HD SEMP TCL     "
20200422,99BQHC01,25996,"TELEVISOR 32"" 32S6500S HD LED SEMP TCL       "
20200422,99BQHC01,21653,SUPORTE TV UNIVERSAL LCD/LED 10 A 71 SBRUB750
20200422,9OQ18D01,21653,SUPORTE TV UNIVERSAL LCD/LED 10 A 71 SBRUB750
20200422,9OQ18D01,23376,"TELEVISOR SMART 48"" KDL-48W655D SONY         "
20200422,9OQRC701,25545,"TELEVISOR SMART 40"" TC40FS600B PANASONIC     "
20200422,9OQRC701,21653,SUPORTE TV UNIVERSAL LCD/LED 10 A 71 SBRUB750
20200422,99II9W01,25726,SMARTPHONE SAMSUNG GAL J2 CORE 16GB PRETO    
20200422,9OQTVX01,21653,SUPORTE TV UNIVERSAL LCD/LED 10 A 71 SBRUB750
20200422,9OQSB701,26432,AUTO RADIO AR-06 PRETO                       
20200422,90505501,26584,SMARTPHONE MOTOROLA MOTO G8 PLUS 64GB CEREJA 
20200422,19371701,26575,SMARTPHONE SAMSUNG GAL A30S 64GB VIOLETA     
20200422,9O55XZ01,21653,SUPORTE TV UNIVERSAL LCD/LED 10 A 71 SBRUB750
20200422,9O959C01,26387,SMARTPHONE LG K8 PLUS PLATINUM               
20200422,9O02S001,26324,"TELEVISOR SMART 32"" 32S5300 HD BLUET SEMP TCL"
20200422,9OR4LU01,25872,SMARTPHONE LG K12 PLUS  AZUL                 
20200422,9ONH4B01,25995,"TELEVISOR 24"" S1300 L1850 HD LED SEMP TCL    "
20200422,9ONH4B01,21653,SUPORTE TV UNIVERSAL LCD/LED 10 A 71 SBRUB750
20200422,02383401,21653,SUPORTE TV UNIVERSAL LCD/LED 10 A 71 SBRUB750
20200422,02383401,26326,"TELEVISOR SMART 50"" 50P8M 4K UHD BLT SEMP TCL"
20200422,99C9IR01,26570,SMARTPHONE SAMSUNG GAL A20S 32GB PRETO       
20200422,12641601,21653,SUPORTE TV UNIVERSAL LCD/LED 10 A 71 SBRUB750
20200422,12641601,26324,"TELEVISOR SMART 32"" 32S5300 HD BLUET SEMP TCL"
20200422,73641101,21653,SUPORTE TV UNIVERSAL LCD/LED 10 A 71 SBRUB750
20200422,96343801,26573,SMARTPHONE SAMSUNG GAL A30S 64GB PRETO       
20200422,9O9WIF01,22618,CELULAR RIU-I R200 DB PRETO-AMARELO          
20200422,YZ0MG901,21653,SUPORTE TV UNIVERSAL LCD/LED 10 A 71 SBRUB750
20200422,YZ0MDV01,25545,"TELEVISOR SMART 40"" TC40FS600B PANASONIC     "
20200422,YZ0MDV01,21653,SUPORTE TV UNIVERSAL LCD/LED 10 A 71 SBRUB750
20200421,YZ0LQH01,21653,SUPORTE TV UNIVERSAL LCD/LED 10 A 71 SBRUB750
20200421,9OR31C01,21653,SUPORTE TV UNIVERSAL LCD/LED 10 A 71 SBRUB750
20200421,9OGFNU01,26584,SMARTPHONE MOTOROLA MOTO G8 PLUS 64GB CEREJA 
20200421,9OR3JQ01,21653,SUPORTE TV UNIVERSAL LCD/LED 10 A 71 SBRUB750
20200421,38272301,25172,SMARTPHONE LG K9 TV LM-X210BMW PRETO         
20200421,38272301,25728,SMARTPHONE SAMSUNG GAL J4 CORE 16GB PRETO    
20200421,9OEI5G01,21653,SUPORTE TV UNIVERSAL LCD/LED 10 A 71 SBRUB750
20200421,9OEI5G01,26324,"TELEVISOR SMART 32"" 32S5300 HD BLUET SEMP TCL"
20200421,98610901,21653,SUPORTE TV UNIVERSAL LCD/LED 10 A 71 SBRUB750
20200421,69572501,26324,"TELEVISOR SMART 32"" 32S5300 HD BLUET SEMP TCL"
20200420,99F0SZ01,26324,"TELEVISOR SMART 32"" 32S5300 HD BLUET SEMP TCL"
20200420,9OH18901,21653,SUPORTE TV UNIVERSAL LCD/LED 10 A 71 SBRUB750
20200420,9O5APU01,25172,SMARTPHONE LG K9 TV LM-X210BMW PRETO         
20200420,9O5APU01,25582,SMARTPHONE LG K11 PLUS DB DOURADO            
20200420,99CDEF01,22506,ROTEADOR RE057 150MBPS 1 ANT.4PTS.LAN        
20200420,9OGPH201,23940,CELULAR DL YC 230 FLIP DB AMARELO            
20200420,9O524O01,21653,SUPORTE TV UNIVERSAL LCD/LED 10 A 71 SBRUB750
20200420,99I6XB01,26326,"TELEVISOR SMART 50"" 50P8M 4K UHD BLT SEMP TCL"
20200420,99LIRQ01,21653,SUPORTE TV UNIVERSAL LCD/LED 10 A 71 SBRUB750
20200420,99QC2901,26324,"TELEVISOR SMART 32"" 32S5300 HD BLUET SEMP TCL"
20200420,99QC2901,21653,SUPORTE TV UNIVERSAL LCD/LED 10 A 71 SBRUB750
20200420,44876501,25727,SMARTPHONE SAMSUNG GAL J2 CORE 16GB PRATA    
20200420,9OORDV01,25729,SMARTPHONE SAMSUNG GAL J4 CORE 16GB COBRE    
20200420,13781101,26630,TABLET NB316 M7S 16GB QUAD CORE PRETO        
20200420,46861501,21653,SUPORTE TV UNIVERSAL LCD/LED 10 A 71 SBRUB750
20200420,46861501,25996,"TELEVISOR 32"" 32S6500S HD LED SEMP TCL       "
20200420,21299201,26324,"TELEVISOR SMART 32"" 32S5300 HD BLUET SEMP TCL"
20200420,21299201,21653,SUPORTE TV UNIVERSAL LCD/LED 10 A 71 SBRUB750
20200420,21299201,26243,SUPORTE UNIV. BEDIN BU-25                    
20200420,99BZDA01,21653,SUPORTE TV UNIVERSAL LCD/LED 10 A 71 SBRUB750
20200420,99IS2J01,25172,SMARTPHONE LG K9 TV LM-X210BMW PRETO         
20200420,99BXZW01,21653,SUPORTE TV UNIVERSAL LCD/LED 10 A 71 SBRUB750
20200420,99K15801,21653,SUPORTE TV UNIVERSAL LCD/LED 10 A 71 SBRUB750
20200420,9NXBTN01,26324,"TELEVISOR SMART 32"" 32S5300 HD BLUET SEMP TCL"
20200420,99C29H01,25669,"TELEVISOR SMART 43"" 43LK5750PSA.BWZ LG       "
20200420,99C29H01,21653,SUPORTE TV UNIVERSAL LCD/LED 10 A 71 SBRUB750
20200420,48725901,26548,SMARTPHONE SAMSUNG GAL A10S 32GB VERMELHO    
20200420,YZ0LO801,21653,SUPORTE TV UNIVERSAL LCD/LED 10 A 71 SBRUB750
20200420,77844801,26524,SMARTPHONE LG K12 MAX PRETO                  
20200420,9OOQYZ01,21653,SUPORTE TV UNIVERSAL LCD/LED 10 A 71 SBRUB750
20200420,9OOQYZ01,26324,"TELEVISOR SMART 32"" 32S5300 HD BLUET SEMP TCL"
20200420,82924501,21653,SUPORTE TV UNIVERSAL LCD/LED 10 A 71 SBRUB750
20200420,PP06ES01,21653,SUPORTE TV UNIVERSAL LCD/LED 10 A 71 SBRUB750
20200420,YZ0L1001,21653,SUPORTE TV UNIVERSAL LCD/LED 10 A 71 SBRUB750
20200420,YZ0LEU01,21653,SUPORTE TV UNIVERSAL LCD/LED 10 A 71 SBRUB750
20200420,YZ0LEU01,23904,"TELEVISOR SMART 49"" UN49J5200 SAMSUNG        "
20200420,YZ0LBI01,21653,SUPORTE TV UNIVERSAL LCD/LED 10 A 71 SBRUB750
20200420,YZ0LBI01,26324,"TELEVISOR SMART 32"" 32S5300 HD BLUET SEMP TCL"
20200420,000QZV01,21653,SUPORTE TV UNIVERSAL LCD/LED 10 A 71 SBRUB750
20200419,9O524O01,25996,"TELEVISOR 32"" 32S6500S HD LED SEMP TCL       "
20200419,97923301,25995,"TELEVISOR 24"" S1300 L1850 HD LED SEMP TCL    "
20200419,74818301,21653,SUPORTE TV UNIVERSAL LCD/LED 10 A 71 SBRUB750
20200419,9NXF2I01,26324,"TELEVISOR SMART 32"" 32S5300 HD BLUET SEMP TCL"
20200419,00261101,26545,SMARTPHONE SAMSUNG GAL A10S 32GB AZUL        
20200419,49981801,26324,"TELEVISOR SMART 32"" 32S5300 HD BLUET SEMP TCL"
20200419,49981801,26324,"TELEVISOR SMART 32"" 32S5300 HD BLUET SEMP TCL"
20200419,PP06ES01,26324,"TELEVISOR SMART 32"" 32S5300 HD BLUET SEMP TCL"
20200419,9OBOP601,25580,SMARTPHONE SAMSUNG GAL J6 PLUS 32GB PRETO    
20200419,99H7B301,26324,"TELEVISOR SMART 32"" 32S5300 HD BLUET SEMP TCL"
20200419,99H1CC01,21653,SUPORTE TV UNIVERSAL LCD/LED 10 A 71 SBRUB750
20200418,9NZNLS01,26324,"TELEVISOR SMART 32"" 32S5300 HD BLUET SEMP TCL"
20200418,24331701,25545,"TELEVISOR SMART 40"" TC40FS600B PANASONIC     "
20200418,99PT3X01,26324,"TELEVISOR SMART 32"" 32S5300 HD BLUET SEMP TCL"
20200418,99PT3X01,21653,SUPORTE TV UNIVERSAL LCD/LED 10 A 71 SBRUB750
20200418,9OPVIS01,26324,"TELEVISOR SMART 32"" 32S5300 HD BLUET SEMP TCL"
20200418,9OPVIS01,21653,SUPORTE TV UNIVERSAL LCD/LED 10 A 71 SBRUB750
20200418,64063301,21653,SUPORTE TV UNIVERSAL LCD/LED 10 A 71 SBRUB750
20200418,36494101,23904,"TELEVISOR SMART 49"" UN49J5200 SAMSUNG        "
20200418,36494101,21653,SUPORTE TV UNIVERSAL LCD/LED 10 A 71 SBRUB750
20200418,18045101,21653,SUPORTE TV UNIVERSAL LCD/LED 10 A 71 SBRUB750
20200418,68938301,21653,SUPORTE TV UNIVERSAL LCD/LED 10 A 71 SBRUB750
20200418,15673901,21653,SUPORTE TV UNIVERSAL LCD/LED 10 A 71 SBRUB750
20200418,38272301,25998,"TELEVISOR 43"" 43S6500FS FULL HD SEMP TCL     "
20200418,38272301,21653,SUPORTE TV UNIVERSAL LCD/LED 10 A 71 SBRUB750
20200418,00036201,21653,SUPORTE TV UNIVERSAL LCD/LED 10 A 71 SBRUB750
20200418,9O5C3Z01,21653,SUPORTE TV UNIVERSAL LCD/LED 10 A 71 SBRUB750
20200418,99QLB501,21653,SUPORTE TV UNIVERSAL LCD/LED 10 A 71 SBRUB750
20200418,21039801,24335,"TELEVISOR SMART 43"" L43S4900FS SEMP TCL      "
20200418,21039801,21653,SUPORTE TV UNIVERSAL LCD/LED 10 A 71 SBRUB750
20200418,99F41R01,21653,SUPORTE TV UNIVERSAL LCD/LED 10 A 71 SBRUB750
20200418,44216401,21653,SUPORTE TV UNIVERSAL LCD/LED 10 A 71 SBRUB750
20200418,99A6MH01,21653,SUPORTE TV UNIVERSAL LCD/LED 10 A 71 SBRUB750
20200418,84854601,21653,SUPORTE TV UNIVERSAL LCD/LED 10 A 71 SBRUB750
20200418,12641601,26324,"TELEVISOR SMART 32"" 32S5300 HD BLUET SEMP TCL"
20200418,YYZN6R01,21653,SUPORTE TV UNIVERSAL LCD/LED 10 A 71 SBRUB750
20200418,YZ0KSR01,21653,SUPORTE TV UNIVERSAL LCD/LED 10 A 71 SBRUB750
20200418,YZ0KSR01,25303,"TELEVISOR SMART 32"" TC32FS500B PANASONIC     "
20200418,YYZOUV01,21653,SUPORTE TV UNIVERSAL LCD/LED 10 A 71 SBRUB750
20200418,YZ0KXF01,21653,SUPORTE TV UNIVERSAL LCD/LED 10 A 71 SBRUB750
20200418,YZ0KXF01,25996,"TELEVISOR 32"" 32S6500S HD LED SEMP TCL       "
20200417,98633001,26528,SMARTPHONE LG K40S LMX430 BMW AZUL           
20200417,9O75PB01,21653,SUPORTE TV UNIVERSAL LCD/LED 10 A 71 SBRUB750
20200417,9O75PB01,26324,"TELEVISOR SMART 32"" 32S5300 HD BLUET SEMP TCL"
20200417,99MKQL01,21653,SUPORTE TV UNIVERSAL LCD/LED 10 A 71 SBRUB750
20200417,YZ0KDB01,21653,SUPORTE TV UNIVERSAL LCD/LED 10 A 71 SBRUB750
20200417,99F2C401,21653,SUPORTE TV UNIVERSAL LCD/LED 10 A 71 SBRUB750
20200417,16947201,21653,SUPORTE TV UNIVERSAL LCD/LED 10 A 71 SBRUB750
20200417,99BZDA01,26324,"TELEVISOR SMART 32"" 32S5300 HD BLUET SEMP TCL"
20200417,9OHHHL01,21653,SUPORTE TV UNIVERSAL LCD/LED 10 A 71 SBRUB750
20200417,90577801,21653,SUPORTE TV UNIVERSAL LCD/LED 10 A 71 SBRUB750
20200417,99QLB501,25904,"TELEVISOR SMART 50"" UHD BT UN50RU7100 SAMSUNG"
20200416,9OGEYX01,21653,SUPORTE TV UNIVERSAL LCD/LED 10 A 71 SBRUB750
20200416,14490501,23319,TABLET NB247 M9-3G QC PRETO                  
20200416,99GZXY01,25172,SMARTPHONE LG K9 TV LM-X210BMW PRETO         
20200416,9O5C3Z01,26324,"TELEVISOR SMART 32"" 32S5300 HD BLUET SEMP TCL"
20200416,99GI4A01,21653,SUPORTE TV UNIVERSAL LCD/LED 10 A 71 SBRUB750
20200416,99GI4A01,26325,"TELEVISOR SMART 43"" 43S5300 HD BLUET SEMP TCL"
20200416,18589601,21653,SUPORTE TV UNIVERSAL LCD/LED 10 A 71 SBRUB750
20200416,9O0AH301,25728,SMARTPHONE SAMSUNG GAL J4 CORE 16GB PRETO    
20200416,YZ0KER01,21653,SUPORTE TV UNIVERSAL LCD/LED 10 A 71 SBRUB750
20200416,YZ0KB101,21653,SUPORTE TV UNIVERSAL LCD/LED 10 A 71 SBRUB750
20200416,YZ0KBP01,21653,SUPORTE TV UNIVERSAL LCD/LED 10 A 71 SBRUB750
20200416,YZ0GOV01,21653,SUPORTE TV UNIVERSAL LCD/LED 10 A 71 SBRUB750
20200416,YZ0GOV01,26326,"TELEVISOR SMART 50"" 50P8M 4K UHD BLT SEMP TCL"
20200415,YZ0JVM01,21653,SUPORTE TV UNIVERSAL LCD/LED 10 A 71 SBRUB750
20200415,YZ0JQ201,25729,SMARTPHONE SAMSUNG GAL J4 CORE 16GB COBRE    
20200415,YYZOUV01,26325,"TELEVISOR SMART 43"" 43S5300 HD BLUET SEMP TCL"
20200415,99COE601,26528,SMARTPHONE LG K40S LMX430 BMW AZUL           
20200415,9O3G7S01,21653,SUPORTE TV UNIVERSAL LCD/LED 10 A 71 SBRUB750
20200415,999Y9401,21653,SUPORTE TV UNIVERSAL LCD/LED 10 A 71 SBRUB750
20200415,999Y9401,25727,SMARTPHONE SAMSUNG GAL J2 CORE 16GB PRATA    
20200415,999Y9401,25726,SMARTPHONE SAMSUNG GAL J2 CORE 16GB PRETO    
20200415,9OLC2O01,21653,SUPORTE TV UNIVERSAL LCD/LED 10 A 71 SBRUB750
20200415,99GNSX01,26325,"TELEVISOR SMART 43"" 43S5300 HD BLUET SEMP TCL"
20200415,99GNSX01,21653,SUPORTE TV UNIVERSAL LCD/LED 10 A 71 SBRUB750
20200415,99KZL701,21653,SUPORTE TV UNIVERSAL LCD/LED 10 A 71 SBRUB750
20200415,99EZVV01,21653,SUPORTE TV UNIVERSAL LCD/LED 10 A 71 SBRUB750
20200415,9NXAR201,26571,SMARTPHONE SAMSUNG GAL A20S 32GB AZUL        
20200415,97541601,25726,SMARTPHONE SAMSUNG GAL J2 CORE 16GB PRETO    
20200415,99DL9N01,21653,SUPORTE TV UNIVERSAL LCD/LED 10 A 71 SBRUB750
20200415,9OH18901,25355,"TELEVISOR SMART 43"" UN43J5290 SAMSUNG        "
20200414,99CKT901,21653,SUPORTE TV UNIVERSAL LCD/LED 10 A 71 SBRUB750
20200414,9O02S001,26386,SMARTPHONE LG K8 PLUS AZUL                   
20200414,99I76N01,21653,SUPORTE TV UNIVERSAL LCD/LED 10 A 71 SBRUB750
20200414,15067001,21653,SUPORTE TV UNIVERSAL LCD/LED 10 A 71 SBRUB750
20200414,9OKNCN01,21653,SUPORTE TV UNIVERSAL LCD/LED 10 A 71 SBRUB750
20200414,9OFW3G01,26326,"TELEVISOR SMART 50"" 50P8M 4K UHD BLT SEMP TCL"
20200414,YZ08N001,21653,SUPORTE TV UNIVERSAL LCD/LED 10 A 71 SBRUB750
20200414,YZ0JQ201,21653,SUPORTE TV UNIVERSAL LCD/LED 10 A 71 SBRUB750
20200414,YZ0JQ201,26325,"TELEVISOR SMART 43"" 43S5300 HD BLUET SEMP TCL"
20200414,YZ0JUK01,23779,"TELEVISOR SMART 49"" 49LJ5550 LG              "
20200413,72061801,21653,SUPORTE TV UNIVERSAL LCD/LED 10 A 71 SBRUB750
20200413,72061801,25355,"TELEVISOR SMART 43"" UN43J5290 SAMSUNG        "
20200413,99D5QG01,26325,"TELEVISOR SMART 43"" 43S5300 HD BLUET SEMP TCL"
20200413,99D5QG01,21653,SUPORTE TV UNIVERSAL LCD/LED 10 A 71 SBRUB750
20200413,99D5QG01,19729,PEN DRIVE 8GB PD587 TWIST PRETO              
20200413,9OGYQ701,25933,TABLET NB304 M7 3G PLUS QUAD CORE PRETO      
20200413,9OR1WE01,21653,SUPORTE TV UNIVERSAL LCD/LED 10 A 71 SBRUB750
20200413,76629201,21653,SUPORTE TV UNIVERSAL LCD/LED 10 A 71 SBRUB750
20200413,99ISGT01,21653,SUPORTE TV UNIVERSAL LCD/LED 10 A 71 SBRUB750
20200412,YZ0JFZ01,21653,SUPORTE TV UNIVERSAL LCD/LED 10 A 71 SBRUB750
20200412,9O44QG01,26325,"TELEVISOR SMART 43"" 43S5300 HD BLUET SEMP TCL"
20200412,9O44QG01,21653,SUPORTE TV UNIVERSAL LCD/LED 10 A 71 SBRUB750
20200412,17527401,21653,SUPORTE TV UNIVERSAL LCD/LED 10 A 71 SBRUB750
20200412,60472001,21653,SUPORTE TV UNIVERSAL LCD/LED 10 A 71 SBRUB750
20200412,60472001,26243,SUPORTE UNIV. BEDIN BU-25                    
20200411,89520701,21653,SUPORTE TV UNIVERSAL LCD/LED 10 A 71 SBRUB750
20200411,60451401,26324,"TELEVISOR SMART 32"" 32S5300 HD BLUET SEMP TCL"
20200411,91537201,25193,SMARTPHONE SAMSUNG GAL J6 32GB PRATA         
20200411,91537201,25726,SMARTPHONE SAMSUNG GAL J2 CORE 16GB PRETO    
20200411,YYZ1Z101,21653,SUPORTE TV UNIVERSAL LCD/LED 10 A 71 SBRUB750
20200411,9O6CB801,25884,CAIXA AMPLIFICADA MCO-07 MULTI CONNECT       
20200411,9O23NW01,21653,SUPORTE TV UNIVERSAL LCD/LED 10 A 71 SBRUB750
20200409,99FLT201,23278,CELULAR RIU FLIP 2.4 DB VERMELHO             
20200409,99CSII01,25356,"TELEVISOR SMART 49"" UN49J5290 SAMSUNG        "
20200409,99CSII01,21653,SUPORTE TV UNIVERSAL LCD/LED 10 A 71 SBRUB750
20200409,99CSII01,23904,"TELEVISOR SMART 49"" UN49J5200 SAMSUNG        "
20200409,99KPAE01,25729,SMARTPHONE SAMSUNG GAL J4 CORE 16GB COBRE    
20200409,9OHHVP01,21653,SUPORTE TV UNIVERSAL LCD/LED 10 A 71 SBRUB750
20200408,17710301,21653,SUPORTE TV UNIVERSAL LCD/LED 10 A 71 SBRUB750
20200408,9O387H01,26325,"TELEVISOR SMART 43"" 43S5300 HD BLUET SEMP TCL"
20200408,9O387H01,21653,SUPORTE TV UNIVERSAL LCD/LED 10 A 71 SBRUB750
20200408,9OHHVP01,26324,"TELEVISOR SMART 32"" 32S5300 HD BLUET SEMP TCL"
20200408,31555101,21653,SUPORTE TV UNIVERSAL LCD/LED 10 A 71 SBRUB750
20200408,31555101,26324,"TELEVISOR SMART 32"" 32S5300 HD BLUET SEMP TCL"
20200408,9O6MU101,21653,SUPORTE TV UNIVERSAL LCD/LED 10 A 71 SBRUB750
20200408,9OA45N01,26574,SMARTPHONE SAMSUNG GAL A30S 64GB BRANCO      
20200408,9OI6W001,21653,SUPORTE TV UNIVERSAL LCD/LED 10 A 71 SBRUB750
20200408,9ODQGX01,21653,SUPORTE TV UNIVERSAL LCD/LED 10 A 71 SBRUB750
20200408,9O9WQA01,21653,SUPORTE TV UNIVERSAL LCD/LED 10 A 71 SBRUB750
20200408,9O9WQA01,23447,REPETIDOR RE051 300MPS WPS MULTILASER        
20200408,99DH3C01,21653,SUPORTE TV UNIVERSAL LCD/LED 10 A 71 SBRUB750
20200407,99D17K01,25303,"TELEVISOR SMART 32"" TC32FS500B PANASONIC     "
20200407,99D17K01,21653,SUPORTE TV UNIVERSAL LCD/LED 10 A 71 SBRUB750
20200407,9NYKW801,21653,SUPORTE TV UNIVERSAL LCD/LED 10 A 71 SBRUB750
20200407,03068501,21653,SUPORTE TV UNIVERSAL LCD/LED 10 A 71 SBRUB750
20200407,9ODAT401,21653,SUPORTE TV UNIVERSAL LCD/LED 10 A 71 SBRUB750
20200407,99G1H101,21653,SUPORTE TV UNIVERSAL LCD/LED 10 A 71 SBRUB750
20200407,99I76N01,26325,"TELEVISOR SMART 43"" 43S5300 HD BLUET SEMP TCL"
20200407,63837301,26243,SUPORTE UNIV. BEDIN BU-25                    
20200407,58909501,21653,SUPORTE TV UNIVERSAL LCD/LED 10 A 71 SBRUB750
20200407,25782501,21653,SUPORTE TV UNIVERSAL LCD/LED 10 A 71 SBRUB750
20200407,99I5BX01,21653,SUPORTE TV UNIVERSAL LCD/LED 10 A 71 SBRUB750
20200407,9O6CB801,26247,SMARTPHONE LG K8 PLUS PRETO                  
20200407,99K1I201,25730,SMARTPHONE SAMSUNG GAL J4 CORE 16GB AZUL     
20200406,9O68BJ01,26325,"TELEVISOR SMART 43"" 43S5300 HD BLUET SEMP TCL"
20200406,9O68BJ01,21653,SUPORTE TV UNIVERSAL LCD/LED 10 A 71 SBRUB750
20200406,YZ0IML01,21653,SUPORTE TV UNIVERSAL LCD/LED 10 A 71 SBRUB750
20200406,29002801,21653,SUPORTE TV UNIVERSAL LCD/LED 10 A 71 SBRUB750
20200405,9OHX2301,21653,SUPORTE TV UNIVERSAL LCD/LED 10 A 71 SBRUB750
20200404,91537201,26324,"TELEVISOR SMART 32"" 32S5300 HD BLUET SEMP TCL"
20200404,YZ0IEM01,21653,SUPORTE TV UNIVERSAL LCD/LED 10 A 71 SBRUB750
20200404,99KTJI01,26324,"TELEVISOR SMART 32"" 32S5300 HD BLUET SEMP TCL"
20200404,99J83101,25545,"TELEVISOR SMART 40"" TC40FS600B PANASONIC     "
20200403,9OEICS01,21653,SUPORTE TV UNIVERSAL LCD/LED 10 A 71 SBRUB750
20200403,9O8MSJ01,25997,"TELEVISOR 40"" 40S6500FS HD LED SEMP TCL      "
20200402,99JFGR01,24913,SMARTPHONE MOTOROLA MOTO G6 PLAY XT1922 DB IN
20200402,99JFGR01,21653,SUPORTE TV UNIVERSAL LCD/LED 10 A 71 SBRUB750
20200402,9NYKW801,25904,"TELEVISOR SMART 50"" UHD BT UN50RU7100 SAMSUNG"
20200402,YZ0HXZ01,21653,SUPORTE TV UNIVERSAL LCD/LED 10 A 71 SBRUB750
20200402,YZ0I6R01,21653,SUPORTE TV UNIVERSAL LCD/LED 10 A 71 SBRUB750
20200402,9O2PTA01,21653,SUPORTE TV UNIVERSAL LCD/LED 10 A 71 SBRUB750
20200402,99ECFA01,26548,SMARTPHONE SAMSUNG GAL A10S 32GB VERMELHO    
20200402,9OQXLI01,23802,BOOMBOX BX-19 BIVOLT UP DYNAMIC              
20200402,9OMBGA01,21653,SUPORTE TV UNIVERSAL LCD/LED 10 A 71 SBRUB750
20200401,9O03IG01,26569,SMARTPHONE SAMSUNG GAL A10S 32GB PRETO       
20200401,53816701,26570,SMARTPHONE SAMSUNG GAL A20S 32GB PRETO       
20200401,99DDD401,26571,SMARTPHONE SAMSUNG GAL A20S 32GB AZUL        
20200401,99LI4W01,21653,SUPORTE TV UNIVERSAL LCD/LED 10 A 71 SBRUB750
20200401,99JLR601,21653,SUPORTE TV UNIVERSAL LCD/LED 10 A 71 SBRUB750
20200331,12641601,25676,SMARTPHONE MOTOROLA MOTO G7 PLAY XT1952-5 DR 
20200331,9NY89A01,20599,ROTEADOR RE160 300 MBPS NOVO (05)            
20200330,70392901,21653,SUPORTE TV UNIVERSAL LCD/LED 10 A 71 SBRUB750
20200330,99II9W01,25726,SMARTPHONE SAMSUNG GAL J2 CORE 16GB PRETO    
20200329,14560201,21653,SUPORTE TV UNIVERSAL LCD/LED 10 A 71 SBRUB750
20200328,9OFI4B01,21653,SUPORTE TV UNIVERSAL LCD/LED 10 A 71 SBRUB750
20200328,73894201,21653,SUPORTE TV UNIVERSAL LCD/LED 10 A 71 SBRUB750
20200328,73894201,25996,"TELEVISOR 32"" 32S6500S HD LED SEMP TCL       "
20200328,17527401,26569,SMARTPHONE SAMSUNG GAL A10S 32GB PRETO       
20200327,YZ0HRR01,21653,SUPORTE TV UNIVERSAL LCD/LED 10 A 71 SBRUB750
20200327,33688201,26431,CAIXA DE SOM SK-05 VIBE PLUS SPEAKER BIVOLT  
20200327,90083901,21653,SUPORTE TV UNIVERSAL LCD/LED 10 A 71 SBRUB750
20200327,9OGBYG01,21653,SUPORTE TV UNIVERSAL LCD/LED 10 A 71 SBRUB750
20200327,YZ0HRR01,25904,"TELEVISOR SMART 50"" UHD BT UN50RU7100 SAMSUNG"
20200326,YZ035201,25726,SMARTPHONE SAMSUNG GAL J2 CORE 16GB PRETO    
20200325,99JFGR01,24913,SMARTPHONE MOTOROLA MOTO G6 PLAY XT1922 DB IN
20200321,000XJ901,24911,"TELEVISOR SMART 43"" S3900FS SEMP TCL         "
20200321,000XJ901,21653,SUPORTE TV UNIVERSAL LCD/LED 10 A 71 SBRUB750
20200321,YZ0H7S01,21653,SUPORTE TV UNIVERSAL LCD/LED 10 A 71 SBRUB750
20200321,YZ0H8A01,21653,SUPORTE TV UNIVERSAL LCD/LED 10 A 71 SBRUB750
20200321,99MZSU01,26569,SMARTPHONE SAMSUNG GAL A10S 32GB PRETO       
20200321,99EY0B01,25186,"TELEVISOR SMART 55"" 4K UN55NU7100 SAMSUNG    "
20200321,99EY0B01,21653,SUPORTE TV UNIVERSAL LCD/LED 10 A 71 SBRUB750
20200321,9O3Q5701,22506,ROTEADOR RE057 150MBPS 1 ANT.4PTS.LAN        
20200321,9O3Q5701,26324,"TELEVISOR SMART 32"" 32S5300 HD BLUET SEMP TCL"
20200321,9O3Q5701,21653,SUPORTE TV UNIVERSAL LCD/LED 10 A 71 SBRUB750
20200321,80530801,26243,SUPORTE UNIV. BEDIN BU-25                    
20200321,09148501,21653,SUPORTE TV UNIVERSAL LCD/LED 10 A 71 SBRUB750
20200321,99PL4T01,21653,SUPORTE TV UNIVERSAL LCD/LED 10 A 71 SBRUB750
20200321,99HG9V01,21653,SUPORTE TV UNIVERSAL LCD/LED 10 A 71 SBRUB750
20200321,9ON9NA01,26325,"TELEVISOR SMART 43"" 43S5300 HD BLUET SEMP TCL"
20200321,9ON9NA01,21653,SUPORTE TV UNIVERSAL LCD/LED 10 A 71 SBRUB750
20200321,99L8ZC01,24525,BOX LINE OCM 3915 ONEAL                      
20200321,9OI51W01,21653,SUPORTE TV UNIVERSAL LCD/LED 10 A 71 SBRUB750
20200321,9OA80D01,21653,SUPORTE TV UNIVERSAL LCD/LED 10 A 71 SBRUB750
20200321,9OA80D01,22283,"TELEVISOR SMART 32"" UN32J4300 SAMSUNG        "
20200321,9OGMCM01,21653,SUPORTE TV UNIVERSAL LCD/LED 10 A 71 SBRUB750
20200321,99L68C01,26324,"TELEVISOR SMART 32"" 32S5300 HD BLUET SEMP TCL"
20200321,99L68C01,21653,SUPORTE TV UNIVERSAL LCD/LED 10 A 71 SBRUB750
20200321,9O55GA01,21653,SUPORTE TV UNIVERSAL LCD/LED 10 A 71 SBRUB750
20200321,9OIAYQ01,21653,SUPORTE TV UNIVERSAL LCD/LED 10 A 71 SBRUB750
20200321,50920501,21653,SUPORTE TV UNIVERSAL LCD/LED 10 A 71 SBRUB750
20200321,99BJZ001,21653,SUPORTE TV UNIVERSAL LCD/LED 10 A 71 SBRUB750
20200321,35190301,25173,SMARTPHONE LG K9 TV LM-X210BMW INDIGO        
20200321,35190301,21653,SUPORTE TV UNIVERSAL LCD/LED 10 A 71 SBRUB750
20200321,35190301,25241,PEN DRIVE MC162 2X1 LEITOR USB SD 16GB       
20200321,35190301,21603,DVD D-14 GAME STAR II MONDIAL                
20200321,24290101,21653,SUPORTE TV UNIVERSAL LCD/LED 10 A 71 SBRUB750
20200321,99FM4001,21653,SUPORTE TV UNIVERSAL LCD/LED 10 A 71 SBRUB750
20200321,99EVTS01,21653,SUPORTE TV UNIVERSAL LCD/LED 10 A 71 SBRUB750
20200321,99EVTS01,24483,"TELEVISOR SMART 49"" 4K KDL-49X705E SONY      "
20200321,90707601,21653,SUPORTE TV UNIVERSAL LCD/LED 10 A 71 SBRUB750
20200321,75423501,21653,SUPORTE TV UNIVERSAL LCD/LED 10 A 71 SBRUB750
20200321,75423501,25997,"TELEVISOR 40"" 40S6500FS HD LED SEMP TCL      "
20200321,9NZW7S01,21653,SUPORTE TV UNIVERSAL LCD/LED 10 A 71 SBRUB750
20200321,99ECYP01,21653,SUPORTE TV UNIVERSAL LCD/LED 10 A 71 SBRUB750
20200321,99C4CW01,21653,SUPORTE TV UNIVERSAL LCD/LED 10 A 71 SBRUB750
20200321,9OJ94601,21653,SUPORTE TV UNIVERSAL LCD/LED 10 A 71 SBRUB750
20200321,9OK6ZC01,21653,SUPORTE TV UNIVERSAL LCD/LED 10 A 71 SBRUB750
20200321,9OK6ZC01,26324,"TELEVISOR SMART 32"" 32S5300 HD BLUET SEMP TCL"
20200321,9OKJG601,21653,SUPORTE TV UNIVERSAL LCD/LED 10 A 71 SBRUB750
20200321,9OGOSV01,21653,SUPORTE TV UNIVERSAL LCD/LED 10 A 71 SBRUB750
20200321,99E43Y01,21653,SUPORTE TV UNIVERSAL LCD/LED 10 A 71 SBRUB750
20200321,59397601,21653,SUPORTE TV UNIVERSAL LCD/LED 10 A 71 SBRUB750
20200321,9O9TFI01,21653,SUPORTE TV UNIVERSAL LCD/LED 10 A 71 SBRUB750
20200321,62945701,21653,SUPORTE TV UNIVERSAL LCD/LED 10 A 71 SBRUB750
20200321,80360401,21653,SUPORTE TV UNIVERSAL LCD/LED 10 A 71 SBRUB750
20200321,99L61Q01,21653,SUPORTE TV UNIVERSAL LCD/LED 10 A 71 SBRUB750
20200321,99MPKQ01,21653,SUPORTE TV UNIVERSAL LCD/LED 10 A 71 SBRUB750
20200321,81960801,21653,SUPORTE TV UNIVERSAL LCD/LED 10 A 71 SBRUB750
20200321,52439501,21653,SUPORTE TV UNIVERSAL LCD/LED 10 A 71 SBRUB750
20200321,04203701,21653,SUPORTE TV UNIVERSAL LCD/LED 10 A 71 SBRUB750
20200320,38339501,21653,SUPORTE TV UNIVERSAL LCD/LED 10 A 71 SBRUB750
20200320,38339501,26325,"TELEVISOR SMART 43"" 43S5300 HD BLUET SEMP TCL"
20200320,22512701,21653,SUPORTE TV UNIVERSAL LCD/LED 10 A 71 SBRUB750
20200320,14890801,26324,"TELEVISOR SMART 32"" 32S5300 HD BLUET SEMP TCL"
20200320,14890801,21653,SUPORTE TV UNIVERSAL LCD/LED 10 A 71 SBRUB750
20200320,99BMO801,21653,SUPORTE TV UNIVERSAL LCD/LED 10 A 71 SBRUB750
20200320,83686601,21653,SUPORTE TV UNIVERSAL LCD/LED 10 A 71 SBRUB750
20200320,99ESNK01,21653,SUPORTE TV UNIVERSAL LCD/LED 10 A 71 SBRUB750
20200320,05063401,21653,SUPORTE TV UNIVERSAL LCD/LED 10 A 71 SBRUB750
20200320,18584301,21653,SUPORTE TV UNIVERSAL LCD/LED 10 A 71 SBRUB750
20200320,9ODLLZ01,26424,CAIXA AMPLIFICADA MCO-09 MULTI CONNECT       
20200320,9OEEV001,21653,SUPORTE TV UNIVERSAL LCD/LED 10 A 71 SBRUB750
20200320,19381001,21653,SUPORTE TV UNIVERSAL LCD/LED 10 A 71 SBRUB750
20200320,9OLMHH01,26243,SUPORTE UNIV. BEDIN BU-25                    
20200320,83980001,21653,SUPORTE TV UNIVERSAL LCD/LED 10 A 71 SBRUB750
20200320,99JXNQ01,21653,SUPORTE TV UNIVERSAL LCD/LED 10 A 71 SBRUB750
20200320,93204301,21653,SUPORTE TV UNIVERSAL LCD/LED 10 A 71 SBRUB750
20200320,02645501,21653,SUPORTE TV UNIVERSAL LCD/LED 10 A 71 SBRUB750
20200320,44312501,21653,SUPORTE TV UNIVERSAL LCD/LED 10 A 71 SBRUB750
20200320,77281801,25679,SMARTPHONE MOTOROLA MOTO G7 XT1962-4 DB ONIX 
20200320,99BFF201,24716,RECEPTOR MIDIA BOX HDTV B3                   
20200320,12157001,21653,SUPORTE TV UNIVERSAL LCD/LED 10 A 71 SBRUB750
20200320,14414101,24913,SMARTPHONE MOTOROLA MOTO G6 PLAY XT1922 DB IN
20200320,66019801,15713,SUPORTE PRETO TV LCD 10 A 55 BR ART SBRP130  
20200320,15961401,25730,SMARTPHONE SAMSUNG GAL J4 CORE 16GB AZUL     
20200320,99J0EO01,23802,BOOMBOX BX-19 BIVOLT UP DYNAMIC              
20200320,99J0EO01,25997,"TELEVISOR 40"" 40S6500FS HD LED SEMP TCL      "
20200320,99J0EO01,21653,SUPORTE TV UNIVERSAL LCD/LED 10 A 71 SBRUB750
20200320,9OQCME01,26324,"TELEVISOR SMART 32"" 32S5300 HD BLUET SEMP TCL"
20200320,9OQCME01,21653,SUPORTE TV UNIVERSAL LCD/LED 10 A 71 SBRUB750
20200320,99M35X01,21653,SUPORTE TV UNIVERSAL LCD/LED 10 A 71 SBRUB750
20200320,99M35X01,21653,SUPORTE TV UNIVERSAL LCD/LED 10 A 71 SBRUB750
20200320,9O7UPI01,21653,SUPORTE TV UNIVERSAL LCD/LED 10 A 71 SBRUB750
20200320,9OB78H01,21653,SUPORTE TV UNIVERSAL LCD/LED 10 A 71 SBRUB750
20200320,99JRBV01,21653,SUPORTE TV UNIVERSAL LCD/LED 10 A 71 SBRUB750
20200320,31462501,21653,SUPORTE TV UNIVERSAL LCD/LED 10 A 71 SBRUB750
20200320,9OOOUG01,21653,SUPORTE TV UNIVERSAL LCD/LED 10 A 71 SBRUB750
20200320,99AU9201,25726,SMARTPHONE SAMSUNG GAL J2 CORE 16GB PRETO    
20200320,08306601,21653,SUPORTE TV UNIVERSAL LCD/LED 10 A 71 SBRUB750
20200320,63155501,21653,SUPORTE TV UNIVERSAL LCD/LED 10 A 71 SBRUB750
20200320,21325201,21653,SUPORTE TV UNIVERSAL LCD/LED 10 A 71 SBRUB750
20200320,YZ0H5Y01,21653,SUPORTE TV UNIVERSAL LCD/LED 10 A 71 SBRUB750
20200320,95087101,21653,SUPORTE TV UNIVERSAL LCD/LED 10 A 71 SBRUB750
20200320,95087101,25545,"TELEVISOR SMART 40"" TC40FS600B PANASONIC     "
20200320,09830201,21653,SUPORTE TV UNIVERSAL LCD/LED 10 A 71 SBRUB750
20200320,61325101,21653,SUPORTE TV UNIVERSAL LCD/LED 10 A 71 SBRUB750
20200320,YZ0GZ901,21653,SUPORTE TV UNIVERSAL LCD/LED 10 A 71 SBRUB750
20200320,YZ06TF01,26545,SMARTPHONE SAMSUNG GAL A10S 32GB AZUL        
20200319,99CW6D01,21653,SUPORTE TV UNIVERSAL LCD/LED 10 A 71 SBRUB750
20200319,99CT9101,21653,SUPORTE TV UNIVERSAL LCD/LED 10 A 71 SBRUB750
20200319,99FO3101,21653,SUPORTE TV UNIVERSAL LCD/LED 10 A 71 SBRUB750
20200319,82386301,21653,SUPORTE TV UNIVERSAL LCD/LED 10 A 71 SBRUB750
20200319,9OF0YL01,21653,SUPORTE TV UNIVERSAL LCD/LED 10 A 71 SBRUB750
20200319,32012701,21653,SUPORTE TV UNIVERSAL LCD/LED 10 A 71 SBRUB750
20200319,9O2DCP01,26247,SMARTPHONE LG K8 PLUS PRETO                  
20200319,9NZ2WN01,21653,SUPORTE TV UNIVERSAL LCD/LED 10 A 71 SBRUB750
20200319,9OOHD401,22617,CELULAR RIU-I R200 DB PRETO-VERMELHO         
20200319,32436701,24716,RECEPTOR MIDIA BOX HDTV B3                   
20200319,05141901,26324,"TELEVISOR SMART 32"" 32S5300 HD BLUET SEMP TCL"
20200319,05141901,21653,SUPORTE TV UNIVERSAL LCD/LED 10 A 71 SBRUB750
20200319,06179401,21653,SUPORTE TV UNIVERSAL LCD/LED 10 A 71 SBRUB750
20200319,27329201,21653,SUPORTE TV UNIVERSAL LCD/LED 10 A 71 SBRUB750
20200319,68639601,21653,SUPORTE TV UNIVERSAL LCD/LED 10 A 71 SBRUB750
20200319,99EO4001,25699,RADIO AUTOMOTIVO P3336 POP BT 4X25W PT       
20200319,21318001,21653,SUPORTE TV UNIVERSAL LCD/LED 10 A 71 SBRUB750
20200319,94163001,21653,SUPORTE TV UNIVERSAL LCD/LED 10 A 71 SBRUB750
20200319,11497301,21653,SUPORTE TV UNIVERSAL LCD/LED 10 A 71 SBRUB750
20200319,9O42C001,21653,SUPORTE TV UNIVERSAL LCD/LED 10 A 71 SBRUB750
20200319,90547501,26247,SMARTPHONE LG K8 PLUS PRETO                  
20200319,99MM0H01,26324,"TELEVISOR SMART 32"" 32S5300 HD BLUET SEMP TCL"
20200319,99MM0H01,21653,SUPORTE TV UNIVERSAL LCD/LED 10 A 71 SBRUB750
20200319,99BJRQ01,26326,"TELEVISOR SMART 50"" 50P8M 4K UHD BLT SEMP TCL"
20200319,99BJRQ01,21653,SUPORTE TV UNIVERSAL LCD/LED 10 A 71 SBRUB750
20200319,9OO8RP01,26527,SMARTPHONE LG K40S LMX430 BMW PRETO          
20200319,9OM9TS01,21653,SUPORTE TV UNIVERSAL LCD/LED 10 A 71 SBRUB750
20200319,9ODM9501,21653,SUPORTE TV UNIVERSAL LCD/LED 10 A 71 SBRUB750
20200319,9NZZT101,26573,SMARTPHONE SAMSUNG GAL A30S 64GB PRETO       
20200319,25549701,25246,PEN DRIVE PD590 64GB TWIST PRETO             
20200319,14351901,21653,SUPORTE TV UNIVERSAL LCD/LED 10 A 71 SBRUB750
20200319,9OB1SC01,21653,SUPORTE TV UNIVERSAL LCD/LED 10 A 71 SBRUB750
20200319,31462501,15713,SUPORTE PRETO TV LCD 10 A 55 BR ART SBRP130  
20200319,9OJQ1F01,21653,SUPORTE TV UNIVERSAL LCD/LED 10 A 71 SBRUB750
20200319,20436901,21653,SUPORTE TV UNIVERSAL LCD/LED 10 A 71 SBRUB750
20200319,45714701,21653,SUPORTE TV UNIVERSAL LCD/LED 10 A 71 SBRUB750
20200319,51774301,21653,SUPORTE TV UNIVERSAL LCD/LED 10 A 71 SBRUB750
20200319,9OE72101,25717,"TELEVISOR SMART 50"" 50UK6520 UHD 4K LG       "
20200319,9OE72101,21653,SUPORTE TV UNIVERSAL LCD/LED 10 A 71 SBRUB750
20200319,9OE72101,24688,"TELEVISOR SMART 49"" 4K UN49MU6120 SAMSUNG    "
20200319,9OE72101,25240,PEN DRIVE MC161 2X1 LEITOR USB SD 8G         
20200319,99IFGN01,21653,SUPORTE TV UNIVERSAL LCD/LED 10 A 71 SBRUB750
20200319,9O0YDR01,21653,SUPORTE TV UNIVERSAL LCD/LED 10 A 71 SBRUB750
20200319,9O0YDR01,25669,"TELEVISOR SMART 43"" 43LK5750PSA.BWZ LG       "
20200319,YZ0G8A01,21653,SUPORTE TV UNIVERSAL LCD/LED 10 A 71 SBRUB750
20200319,YZ0ENE01,21653,SUPORTE TV UNIVERSAL LCD/LED 10 A 71 SBRUB750
20200319,YZ0E4J01,21653,SUPORTE TV UNIVERSAL LCD/LED 10 A 71 SBRUB750
20200319,YZ0GH801,21653,SUPORTE TV UNIVERSAL LCD/LED 10 A 71 SBRUB750
20200319,YZ0GFQ01,21653,SUPORTE TV UNIVERSAL LCD/LED 10 A 71 SBRUB750
20200319,YZ0GAS01,21653,SUPORTE TV UNIVERSAL LCD/LED 10 A 71 SBRUB750
20200319,YZ0GAS01,26325,"TELEVISOR SMART 43"" 43S5300 HD BLUET SEMP TCL"
20200318,23687701,25303,"TELEVISOR SMART 32"" TC32FS500B PANASONIC     "
20200318,23687701,21653,SUPORTE TV UNIVERSAL LCD/LED 10 A 71 SBRUB750
20200318,65207601,19526,RADIO RECEPTOR 2 FXS RM PF25 PT              
20200318,99DMD301,21653,SUPORTE TV UNIVERSAL LCD/LED 10 A 71 SBRUB750
20200318,9ON17M01,24913,SMARTPHONE MOTOROLA MOTO G6 PLAY XT1922 DB IN
20200318,9O67KP01,24913,SMARTPHONE MOTOROLA MOTO G6 PLAY XT1922 DB IN
20200318,9O9KU201,21653,SUPORTE TV UNIVERSAL LCD/LED 10 A 71 SBRUB750
20200318,99LBKQ01,21653,SUPORTE TV UNIVERSAL LCD/LED 10 A 71 SBRUB750
20200318,03378601,21653,SUPORTE TV UNIVERSAL LCD/LED 10 A 71 SBRUB750
20200318,9ONZR601,21653,SUPORTE TV UNIVERSAL LCD/LED 10 A 71 SBRUB750
20200318,99NCOY01,21653,SUPORTE TV UNIVERSAL LCD/LED 10 A 71 SBRUB750
20200318,9ONVOI01,21653,SUPORTE TV UNIVERSAL LCD/LED 10 A 71 SBRUB750
20200318,96592201,21653,SUPORTE TV UNIVERSAL LCD/LED 10 A 71 SBRUB750
20200318,99HKZZ01,26548,SMARTPHONE SAMSUNG GAL A10S 32GB VERMELHO    
20200318,36791001,21653,SUPORTE TV UNIVERSAL LCD/LED 10 A 71 SBRUB750
20200318,9OPRRO01,26324,"TELEVISOR SMART 32"" 32S5300 HD BLUET SEMP TCL"
20200318,9OPRRO01,21653,SUPORTE TV UNIVERSAL LCD/LED 10 A 71 SBRUB750
20200318,9OPPBN01,25193,SMARTPHONE SAMSUNG GAL J6 32GB PRATA         
20200318,49018401,19524,RADIO RECEPTOR 7 FXS RM PFT73AC              
20200318,60537301,21653,SUPORTE TV UNIVERSAL LCD/LED 10 A 71 SBRUB750
20200318,01384601,21653,SUPORTE TV UNIVERSAL LCD/LED 10 A 71 SBRUB750
20200318,16399101,21653,SUPORTE TV UNIVERSAL LCD/LED 10 A 71 SBRUB750
20200318,16399101,26325,"TELEVISOR SMART 43"" 43S5300 HD BLUET SEMP TCL"
20200318,9O2CXE01,21653,SUPORTE TV UNIVERSAL LCD/LED 10 A 71 SBRUB750
20200318,9O0BHQ01,22417,"TELEVISOR SMART 40"" UN40K6500 SAMSUNG        "
20200318,21159401,21653,SUPORTE TV UNIVERSAL LCD/LED 10 A 71 SBRUB750
20200318,00407401,24716,RECEPTOR MIDIA BOX HDTV B3                   
20200318,16977001,24656,BOX LINE OCM-2906B BLUETOOTH BEGE/MARR ONEAL 
20200318,15750901,21653,SUPORTE TV UNIVERSAL LCD/LED 10 A 71 SBRUB750
20200318,99BWEH01,21653,SUPORTE TV UNIVERSAL LCD/LED 10 A 71 SBRUB750
20200318,99BWEH01,26326,"TELEVISOR SMART 50"" 50P8M 4K UHD BLT SEMP TCL"
20200318,16971101,25250,SMARTPHONE SAMSUNG GAL J6 64GB DB VIOLETA    
20200318,99EZML01,21653,SUPORTE TV UNIVERSAL LCD/LED 10 A 71 SBRUB750
20200318,99N9R001,21653,SUPORTE TV UNIVERSAL LCD/LED 10 A 71 SBRUB750
20200318,19749201,21653,SUPORTE TV UNIVERSAL LCD/LED 10 A 71 SBRUB750
20200318,95730301,21653,SUPORTE TV UNIVERSAL LCD/LED 10 A 71 SBRUB750
20200318,99BGK901,21653,SUPORTE TV UNIVERSAL LCD/LED 10 A 71 SBRUB750
20200318,9OOOUG01,26588,BOX LINE OCM 4112 PT ONEAL                   
20200318,9O0L7501,26243,SUPORTE UNIV. BEDIN BU-25                    
20200318,9OJAC301,21653,SUPORTE TV UNIVERSAL LCD/LED 10 A 71 SBRUB750
20200318,99911401,21653,SUPORTE TV UNIVERSAL LCD/LED 10 A 71 SBRUB750
20200318,99KQSO01,21653,SUPORTE TV UNIVERSAL LCD/LED 10 A 71 SBRUB750
20200318,9O3EKV01,21653,SUPORTE TV UNIVERSAL LCD/LED 10 A 71 SBRUB750
20200318,99EH7S01,21653,SUPORTE TV UNIVERSAL LCD/LED 10 A 71 SBRUB750
20200318,99596101,21653,SUPORTE TV UNIVERSAL LCD/LED 10 A 71 SBRUB750
20200318,9OHPPF01,25366,TABLET NB728 MINI MS40G PRETO                
20200318,9O7X8K01,21653,SUPORTE TV UNIVERSAL LCD/LED 10 A 71 SBRUB750
20200318,YYZ51J01,21653,SUPORTE TV UNIVERSAL LCD/LED 10 A 71 SBRUB750
20200318,98817601,25995,"TELEVISOR 24"" S1300 L1850 HD LED SEMP TCL    "
20200318,YZ0FUQ01,21653,SUPORTE TV UNIVERSAL LCD/LED 10 A 71 SBRUB750
20200318,YZ0FXS01,21653,SUPORTE TV UNIVERSAL LCD/LED 10 A 71 SBRUB750
20200317,YZ0FB301,26325,"TELEVISOR SMART 43"" 43S5300 HD BLUET SEMP TCL"
20200317,YZ0FB301,21653,SUPORTE TV UNIVERSAL LCD/LED 10 A 71 SBRUB750
20200317,YZ0FHR01,21653,SUPORTE TV UNIVERSAL LCD/LED 10 A 71 SBRUB750
20200317,YZ0F5P01,21653,SUPORTE TV UNIVERSAL LCD/LED 10 A 71 SBRUB750
20200317,YYYAAH01,21653,SUPORTE TV UNIVERSAL LCD/LED 10 A 71 SBRUB750
20200317,YZ08HK01,25738,"TELEVISOR SMART 43"" PTV43E60SN LED PHILCO    "
20200317,000RQE01,21653,SUPORTE TV UNIVERSAL LCD/LED 10 A 71 SBRUB750
20200317,98817601,21653,SUPORTE TV UNIVERSAL LCD/LED 10 A 71 SBRUB750
20200317,9O1DA201,21653,SUPORTE TV UNIVERSAL LCD/LED 10 A 71 SBRUB750
20200317,91719101,21653,SUPORTE TV UNIVERSAL LCD/LED 10 A 71 SBRUB750
20200317,91719101,25996,"TELEVISOR 32"" 32S6500S HD LED SEMP TCL       "
20200317,9NZGH701,22617,CELULAR RIU-I R200 DB PRETO-VERMELHO         
20200317,51456101,21653,SUPORTE TV UNIVERSAL LCD/LED 10 A 71 SBRUB750
20200317,51456101,24335,"TELEVISOR SMART 43"" L43S4900FS SEMP TCL      "
20200317,19797201,21653,SUPORTE TV UNIVERSAL LCD/LED 10 A 71 SBRUB750
20200317,19797201,26325,"TELEVISOR SMART 43"" 43S5300 HD BLUET SEMP TCL"
20200317,99LVQ101,21653,SUPORTE TV UNIVERSAL LCD/LED 10 A 71 SBRUB750
20200317,12652801,21653,SUPORTE TV UNIVERSAL LCD/LED 10 A 71 SBRUB750
20200317,99596101,26326,"TELEVISOR SMART 50"" 50P8M 4K UHD BLT SEMP TCL"
20200317,02218801,21653,SUPORTE TV UNIVERSAL LCD/LED 10 A 71 SBRUB750
20200317,999SC401,21653,SUPORTE TV UNIVERSAL LCD/LED 10 A 71 SBRUB750
20200317,15189901,26243,SUPORTE UNIV. BEDIN BU-25                    
20200317,9O0S6G01,21653,SUPORTE TV UNIVERSAL LCD/LED 10 A 71 SBRUB750
20200317,9OO53B01,21653,SUPORTE TV UNIVERSAL LCD/LED 10 A 71 SBRUB750
20200317,9O2KPI01,21653,SUPORTE TV UNIVERSAL LCD/LED 10 A 71 SBRUB750
20200317,9O9IUW01,21653,SUPORTE TV UNIVERSAL LCD/LED 10 A 71 SBRUB750
20200317,9O9IUW01,25669,"TELEVISOR SMART 43"" 43LK5750PSA.BWZ LG       "
20200317,82713801,25730,SMARTPHONE SAMSUNG GAL J4 CORE 16GB AZUL     
20200317,05260701,26325,"TELEVISOR SMART 43"" 43S5300 HD BLUET SEMP TCL"
20200317,05260701,21653,SUPORTE TV UNIVERSAL LCD/LED 10 A 71 SBRUB750
20200317,83997101,21653,SUPORTE TV UNIVERSAL LCD/LED 10 A 71 SBRUB750
20200317,87160601,21653,SUPORTE TV UNIVERSAL LCD/LED 10 A 71 SBRUB750
20200317,99DYYA01,21653,SUPORTE TV UNIVERSAL LCD/LED 10 A 71 SBRUB750
20200317,90634801,21653,SUPORTE TV UNIVERSAL LCD/LED 10 A 71 SBRUB750
20200317,67235501,21653,SUPORTE TV UNIVERSAL LCD/LED 10 A 71 SBRUB750
20200317,13008801,21653,SUPORTE TV UNIVERSAL LCD/LED 10 A 71 SBRUB750
20200317,96865401,21653,SUPORTE TV UNIVERSAL LCD/LED 10 A 71 SBRUB750
20200317,18189301,21653,SUPORTE TV UNIVERSAL LCD/LED 10 A 71 SBRUB750
20200317,27357801,21653,SUPORTE TV UNIVERSAL LCD/LED 10 A 71 SBRUB750
20200317,94384901,21653,SUPORTE TV UNIVERSAL LCD/LED 10 A 71 SBRUB750
20200317,05594701,21653,SUPORTE TV UNIVERSAL LCD/LED 10 A 71 SBRUB750
20200317,17628001,21653,SUPORTE TV UNIVERSAL LCD/LED 10 A 71 SBRUB750
20200317,9NYE5I01,21653,SUPORTE TV UNIVERSAL LCD/LED 10 A 71 SBRUB750
20200317,9O3S7K01,21653,SUPORTE TV UNIVERSAL LCD/LED 10 A 71 SBRUB750
20200317,91822901,21653,SUPORTE TV UNIVERSAL LCD/LED 10 A 71 SBRUB750
20200317,91112101,21653,SUPORTE TV UNIVERSAL LCD/LED 10 A 71 SBRUB750
20200317,68245501,21653,SUPORTE TV UNIVERSAL LCD/LED 10 A 71 SBRUB750
20200317,9OAJ2E01,21653,SUPORTE TV UNIVERSAL LCD/LED 10 A 71 SBRUB750
20200317,9OCYH801,24372,"TELEVISOR SMART 32"" 32LJ600B LG              "
20200317,9OCYH801,21653,SUPORTE TV UNIVERSAL LCD/LED 10 A 71 SBRUB750
20200317,9O52KU01,21653,SUPORTE TV UNIVERSAL LCD/LED 10 A 71 SBRUB750
20200317,99NBV301,21653,SUPORTE TV UNIVERSAL LCD/LED 10 A 71 SBRUB750
20200317,17935801,26635,CELULAR SEMP GO 1E 2G COM BASE PRETO         
20200317,17935801,26642,CELULAR DL YC230 FLIP DB PRETO/LARANJA       
20200317,40692501,21653,SUPORTE TV UNIVERSAL LCD/LED 10 A 71 SBRUB750
20200317,40692501,25246,PEN DRIVE PD590 64GB TWIST PRETO             
20200317,17679001,25669,"TELEVISOR SMART 43"" 43LK5750PSA.BWZ LG       "
20200317,99780301,21653,SUPORTE TV UNIVERSAL LCD/LED 10 A 71 SBRUB750
20200317,86278401,21653,SUPORTE TV UNIVERSAL LCD/LED 10 A 71 SBRUB750
20200317,23962101,26386,SMARTPHONE LG K8 PLUS AZUL                   
20200317,99AA5Q01,26324,"TELEVISOR SMART 32"" 32S5300 HD BLUET SEMP TCL"
20200317,99AA5Q01,21653,SUPORTE TV UNIVERSAL LCD/LED 10 A 71 SBRUB750
20200317,99C10301,26386,SMARTPHONE LG K8 PLUS AZUL                   
20200316,02814101,21653,SUPORTE TV UNIVERSAL LCD/LED 10 A 71 SBRUB750
20200316,72197001,21653,SUPORTE TV UNIVERSAL LCD/LED 10 A 71 SBRUB750
20200316,86278401,21653,SUPORTE TV UNIVERSAL LCD/LED 10 A 71 SBRUB750
20200316,68301101,21653,SUPORTE TV UNIVERSAL LCD/LED 10 A 71 SBRUB750
20200316,68301101,24372,"TELEVISOR SMART 32"" 32LJ600B LG              "
20200316,9O3XQW01,21653,SUPORTE TV UNIVERSAL LCD/LED 10 A 71 SBRUB750
20200316,99M2KR01,21653,SUPORTE TV UNIVERSAL LCD/LED 10 A 71 SBRUB750
20200316,99J61F01,25354,"TELEVISOR SMART 32"" UN32J4290 SAMSUNG        "
20200316,26300701,25193,SMARTPHONE SAMSUNG GAL J6 32GB PRATA         
20200316,9O8BNS01,21653,SUPORTE TV UNIVERSAL LCD/LED 10 A 71 SBRUB750
20200316,999RC201,21653,SUPORTE TV UNIVERSAL LCD/LED 10 A 71 SBRUB750
20200316,67030501,21653,SUPORTE TV UNIVERSAL LCD/LED 10 A 71 SBRUB750
20200316,9OD93D01,21653,SUPORTE TV UNIVERSAL LCD/LED 10 A 71 SBRUB750
20200316,15831601,21653,SUPORTE TV UNIVERSAL LCD/LED 10 A 71 SBRUB750
20200316,24628301,26548,SMARTPHONE SAMSUNG GAL A10S 32GB VERMELHO    
20200316,9OHPAP01,24851,TABLET NB706 MINI MS50L PRETO/GRAFIT         
20200316,9OOMZR01,21653,SUPORTE TV UNIVERSAL LCD/LED 10 A 71 SBRUB750
20200316,9OH8IP01,21653,SUPORTE TV UNIVERSAL LCD/LED 10 A 71 SBRUB750
20200316,93202301,21653,SUPORTE TV UNIVERSAL LCD/LED 10 A 71 SBRUB750
20200316,77634401,24851,TABLET NB706 MINI MS50L PRETO/GRAFIT         
20200316,17652301,23802,BOOMBOX BX-19 BIVOLT UP DYNAMIC              
20200316,99BHQG01,25669,"TELEVISOR SMART 43"" 43LK5750PSA.BWZ LG       "
20200316,99BHQG01,21653,SUPORTE TV UNIVERSAL LCD/LED 10 A 71 SBRUB750
20200316,32199301,23904,"TELEVISOR SMART 49"" UN49J5200 SAMSUNG        "
20200316,32199301,21653,SUPORTE TV UNIVERSAL LCD/LED 10 A 71 SBRUB750
20200316,32199301,24913,SMARTPHONE MOTOROLA MOTO G6 PLAY XT1922 DB IN
20200316,99AD6H01,21653,SUPORTE TV UNIVERSAL LCD/LED 10 A 71 SBRUB750
20200316,21733301,21653,SUPORTE TV UNIVERSAL LCD/LED 10 A 71 SBRUB750
20200316,9OJU7C01,21653,SUPORTE TV UNIVERSAL LCD/LED 10 A 71 SBRUB750
20200316,9OJU7C01,20599,ROTEADOR RE160 300 MBPS NOVO (05)            
20200316,99GUCN01,25738,"TELEVISOR SMART 43"" PTV43E60SN LED PHILCO    "
20200316,99GUCN01,21653,SUPORTE TV UNIVERSAL LCD/LED 10 A 71 SBRUB750
20200316,99COBS01,21653,SUPORTE TV UNIVERSAL LCD/LED 10 A 71 SBRUB750
20200316,09350601,26013,SMARTPHONE SAMSUNG GAL A50  A505 64GB BRANCO 
20200316,99MZMN01,21653,SUPORTE TV UNIVERSAL LCD/LED 10 A 71 SBRUB750
20200316,999G0P01,21653,SUPORTE TV UNIVERSAL LCD/LED 10 A 71 SBRUB750
20200316,22191101,21653,SUPORTE TV UNIVERSAL LCD/LED 10 A 71 SBRUB750
20200316,22191101,25669,"TELEVISOR SMART 43"" 43LK5750PSA.BWZ LG       "
20200316,99LLAK01,21653,SUPORTE TV UNIVERSAL LCD/LED 10 A 71 SBRUB750
20200316,45608001,20599,ROTEADOR RE160 300 MBPS NOVO (05)            
20200316,9OCO0J01,21653,SUPORTE TV UNIVERSAL LCD/LED 10 A 71 SBRUB750
20200316,9O48YP01,21653,SUPORTE TV UNIVERSAL LCD/LED 10 A 71 SBRUB750
20200316,9O48YP01,21653,SUPORTE TV UNIVERSAL LCD/LED 10 A 71 SBRUB750
20200316,9O3H8F01,21653,SUPORTE TV UNIVERSAL LCD/LED 10 A 71 SBRUB750
20200316,9O2Z3K01,25250,SMARTPHONE SAMSUNG GAL J6 64GB DB VIOLETA    
20200316,9NYIPJ01,21653,SUPORTE TV UNIVERSAL LCD/LED 10 A 71 SBRUB750
20200316,70728501,26243,SUPORTE UNIV. BEDIN BU-25                    
20200316,15189901,21653,SUPORTE TV UNIVERSAL LCD/LED 10 A 71 SBRUB750
20200316,16085301,21653,SUPORTE TV UNIVERSAL LCD/LED 10 A 71 SBRUB750
20200316,99BHKO01,25545,"TELEVISOR SMART 40"" TC40FS600B PANASONIC     "
20200316,99CZK901,26325,"TELEVISOR SMART 43"" 43S5300 HD BLUET SEMP TCL"
20200316,99CZK901,21653,SUPORTE TV UNIVERSAL LCD/LED 10 A 71 SBRUB750
20200316,999T0K01,21653,SUPORTE TV UNIVERSAL LCD/LED 10 A 71 SBRUB750
20200316,10385401,21653,SUPORTE TV UNIVERSAL LCD/LED 10 A 71 SBRUB750
20200316,01270901,21653,SUPORTE TV UNIVERSAL LCD/LED 10 A 71 SBRUB750
20200316,99CPM001,21855,CELULAR BLU JENNY 2.8 T276 DB PRETO-VERMEL   
20200316,99C95R01,26013,SMARTPHONE SAMSUNG GAL A50  A505 64GB BRANCO 
20200316,YYZPE401,24913,SMARTPHONE MOTOROLA MOTO G6 PLAY XT1922 DB IN
20200316,93758901,25717,"TELEVISOR SMART 50"" 50UK6520 UHD 4K LG       "
20200316,93758901,21653,SUPORTE TV UNIVERSAL LCD/LED 10 A 71 SBRUB750
20200316,99COO101,25193,SMARTPHONE SAMSUNG GAL J6 32GB PRATA         
20200316,99LFRM01,21653,SUPORTE TV UNIVERSAL LCD/LED 10 A 71 SBRUB750
20200316,99L3CP01,26631,TABLET NB317 M7S 16GB QUAD CORE BRANCO       
20200316,YZ0F4Z01,21653,SUPORTE TV UNIVERSAL LCD/LED 10 A 71 SBRUB750
20200316,YZ0F4Z01,21653,SUPORTE TV UNIVERSAL LCD/LED 10 A 71 SBRUB750
20200316,YZ0EXF01,21653,SUPORTE TV UNIVERSAL LCD/LED 10 A 71 SBRUB750
20200316,YZ0EXF01,24335,"TELEVISOR SMART 43"" L43S4900FS SEMP TCL      "
20200316,YZ0F2J01,25356,"TELEVISOR SMART 49"" UN49J5290 SAMSUNG        "
20200316,YZ0F2J01,21653,SUPORTE TV UNIVERSAL LCD/LED 10 A 71 SBRUB750
20200316,YZ0EV501,25717,"TELEVISOR SMART 50"" 50UK6520 UHD 4K LG       "
20200316,YZ0EV501,21653,SUPORTE TV UNIVERSAL LCD/LED 10 A 71 SBRUB750
20200315,82920601,21653,SUPORTE TV UNIVERSAL LCD/LED 10 A 71 SBRUB750
20200315,82920601,25355,"TELEVISOR SMART 43"" UN43J5290 SAMSUNG        "
20200315,86148001,21653,SUPORTE TV UNIVERSAL LCD/LED 10 A 71 SBRUB750
20200315,68594801,21653,SUPORTE TV UNIVERSAL LCD/LED 10 A 71 SBRUB750
20200315,16085401,21653,SUPORTE TV UNIVERSAL LCD/LED 10 A 71 SBRUB750
20200315,82536301,21653,SUPORTE TV UNIVERSAL LCD/LED 10 A 71 SBRUB750
20200314,99A8GN01,21653,SUPORTE TV UNIVERSAL LCD/LED 10 A 71 SBRUB750
20200314,20660301,21653,SUPORTE TV UNIVERSAL LCD/LED 10 A 71 SBRUB750
20200314,82721201,21653,SUPORTE TV UNIVERSAL LCD/LED 10 A 71 SBRUB750
20200314,99DLM401,21653,SUPORTE TV UNIVERSAL LCD/LED 10 A 71 SBRUB750
20200314,99GH8T01,22978,CONJ.SC-AKX100LBK PANASONIC                  
20200314,99GH8T01,25996,"TELEVISOR 32"" 32S6500S HD LED SEMP TCL       "
20200314,99GH8T01,21653,SUPORTE TV UNIVERSAL LCD/LED 10 A 71 SBRUB750
20200314,9NZFQA01,25580,SMARTPHONE SAMSUNG GAL J6 PLUS 32GB PRETO    
20200314,99LBKQ01,25904,"TELEVISOR SMART 50"" UHD BT UN50RU7100 SAMSUNG"
20200314,9O59GC01,21653,SUPORTE TV UNIVERSAL LCD/LED 10 A 71 SBRUB750
20200314,9O59GC01,25669,"TELEVISOR SMART 43"" 43LK5750PSA.BWZ LG       "
20200314,21855101,26325,"TELEVISOR SMART 43"" 43S5300 HD BLUET SEMP TCL"
20200314,21855101,21653,SUPORTE TV UNIVERSAL LCD/LED 10 A 71 SBRUB750
20200314,82214501,21653,SUPORTE TV UNIVERSAL LCD/LED 10 A 71 SBRUB750
20200314,67823101,25995,"TELEVISOR 24"" S1300 L1850 HD LED SEMP TCL    "
20200314,99A41Q01,21653,SUPORTE TV UNIVERSAL LCD/LED 10 A 71 SBRUB750
20200314,99FGM801,21653,SUPORTE TV UNIVERSAL LCD/LED 10 A 71 SBRUB750
20200314,99L6PM01,21653,SUPORTE TV UNIVERSAL LCD/LED 10 A 71 SBRUB750
20200314,71626301,21653,SUPORTE TV UNIVERSAL LCD/LED 10 A 71 SBRUB750
20200314,45160201,21653,SUPORTE TV UNIVERSAL LCD/LED 10 A 71 SBRUB750
20200314,26750601,21653,SUPORTE TV UNIVERSAL LCD/LED 10 A 71 SBRUB750
20200314,26750601,24335,"TELEVISOR SMART 43"" L43S4900FS SEMP TCL      "
20200314,9OOLXB01,21653,SUPORTE TV UNIVERSAL LCD/LED 10 A 71 SBRUB750
20200314,98513001,21653,SUPORTE TV UNIVERSAL LCD/LED 10 A 71 SBRUB750
20200314,99BY3G01,25983,SMARTPHONE SAMSUNG GAL A10  A105 32GB VERMELH
20200314,23096801,21653,SUPORTE TV UNIVERSAL LCD/LED 10 A 71 SBRUB750
20200314,23096801,26325,"TELEVISOR SMART 43"" 43S5300 HD BLUET SEMP TCL"
20200314,60537301,21653,SUPORTE TV UNIVERSAL LCD/LED 10 A 71 SBRUB750
20200314,06179401,26325,"TELEVISOR SMART 43"" 43S5300 HD BLUET SEMP TCL"
20200314,99FRBV01,25240,PEN DRIVE MC161 2X1 LEITOR USB SD 8G         
20200314,9OOTHN01,26243,SUPORTE UNIV. BEDIN BU-25                    
20200314,99BZPA01,21653,SUPORTE TV UNIVERSAL LCD/LED 10 A 71 SBRUB750
20200314,99I9UX01,25172,SMARTPHONE LG K9 TV LM-X210BMW PRETO         
20200314,9OPMSC01,21653,SUPORTE TV UNIVERSAL LCD/LED 10 A 71 SBRUB750
20200314,9OPMSC01,26325,"TELEVISOR SMART 43"" 43S5300 HD BLUET SEMP TCL"
20200314,9OPY2T01,21653,SUPORTE TV UNIVERSAL LCD/LED 10 A 71 SBRUB750
20200314,99DP0Q01,26243,SUPORTE UNIV. BEDIN BU-25                    
20200314,9OLITS01,21653,SUPORTE TV UNIVERSAL LCD/LED 10 A 71 SBRUB750
20200314,23143201,21653,SUPORTE TV UNIVERSAL LCD/LED 10 A 71 SBRUB750
20200314,14147601,26635,CELULAR SEMP GO 1E 2G COM BASE PRETO         
20200314,20951001,21653,SUPORTE TV UNIVERSAL LCD/LED 10 A 71 SBRUB750
20200314,31695601,21653,SUPORTE TV UNIVERSAL LCD/LED 10 A 71 SBRUB750
20200314,95705101,21653,SUPORTE TV UNIVERSAL LCD/LED 10 A 71 SBRUB750
20200314,95705101,26325,"TELEVISOR SMART 43"" 43S5300 HD BLUET SEMP TCL"
20200314,67680101,21653,SUPORTE TV UNIVERSAL LCD/LED 10 A 71 SBRUB750
20200314,04972401,21653,SUPORTE TV UNIVERSAL LCD/LED 10 A 71 SBRUB750
20200314,96961801,25355,"TELEVISOR SMART 43"" UN43J5290 SAMSUNG        "
20200314,96961801,21653,SUPORTE TV UNIVERSAL LCD/LED 10 A 71 SBRUB750
20200314,16392401,23802,BOOMBOX BX-19 BIVOLT UP DYNAMIC              
20200314,9OQPC801,21653,SUPORTE TV UNIVERSAL LCD/LED 10 A 71 SBRUB750
20200314,9O0PRB01,21653,SUPORTE TV UNIVERSAL LCD/LED 10 A 71 SBRUB750
20200314,70728501,26243,SUPORTE UNIV. BEDIN BU-25                    
20200314,9NXB2501,21653,SUPORTE TV UNIVERSAL LCD/LED 10 A 71 SBRUB750
20200314,9OIY4401,21653,SUPORTE TV UNIVERSAL LCD/LED 10 A 71 SBRUB750
20200314,9OIY4401,23903,"TELEVISOR SMART 43"" UN43MU6100 SAMSUNG       "
20200314,9ODQ5J01,21653,SUPORTE TV UNIVERSAL LCD/LED 10 A 71 SBRUB750
20200314,9OA45N01,21653,SUPORTE TV UNIVERSAL LCD/LED 10 A 71 SBRUB750
20200314,9OGMCM01,24632,CAIXA AMPLIFICADA CM-07 MONDIAL              
20200314,9O2JMH01,26572,SMARTPHONE SAMSUNG GAL A20S 32GB VERMELHO    
20200314,19243301,26584,SMARTPHONE MOTOROLA MOTO G8 PLUS 64GB CEREJA 
20200314,14600701,21653,SUPORTE TV UNIVERSAL LCD/LED 10 A 71 SBRUB750
20200314,9O0BRK01,21653,SUPORTE TV UNIVERSAL LCD/LED 10 A 71 SBRUB750
20200314,99C9IR01,21653,SUPORTE TV UNIVERSAL LCD/LED 10 A 71 SBRUB750
20200314,99C9IR01,25669,"TELEVISOR SMART 43"" 43LK5750PSA.BWZ LG       "
20200314,9O4VTZ01,26326,"TELEVISOR SMART 50"" 50P8M 4K UHD BLT SEMP TCL"
20200314,99JTHR01,21653,SUPORTE TV UNIVERSAL LCD/LED 10 A 71 SBRUB750
20200314,99E60A01,25582,SMARTPHONE LG K11 PLUS DB DOURADO            
20200314,999HPQ01,21653,SUPORTE TV UNIVERSAL LCD/LED 10 A 71 SBRUB750
20200314,38083701,21653,SUPORTE TV UNIVERSAL LCD/LED 10 A 71 SBRUB750
20200314,08651401,25669,"TELEVISOR SMART 43"" 43LK5750PSA.BWZ LG       "
20200314,08651401,21653,SUPORTE TV UNIVERSAL LCD/LED 10 A 71 SBRUB750
20200314,77123301,21653,SUPORTE TV UNIVERSAL LCD/LED 10 A 71 SBRUB750
20200314,99FRRW01,21653,SUPORTE TV UNIVERSAL LCD/LED 10 A 71 SBRUB750
20200314,99FJOI01,21653,SUPORTE TV UNIVERSAL LCD/LED 10 A 71 SBRUB750
20200314,30361801,21653,SUPORTE TV UNIVERSAL LCD/LED 10 A 71 SBRUB750
20200314,9O0TVE01,26243,SUPORTE UNIV. BEDIN BU-25                    
20200314,63356801,21653,SUPORTE TV UNIVERSAL LCD/LED 10 A 71 SBRUB750
20200314,63356801,25354,"TELEVISOR SMART 32"" UN32J4290 SAMSUNG        "
20200314,99LLL101,21653,SUPORTE TV UNIVERSAL LCD/LED 10 A 71 SBRUB750
20200314,99LLL101,24045,"TELEVISOR SMART 43"" TC43SV700 PANASONIC      "
20200314,9NYFX601,22284,"TELEVISOR SMART 40"" UN40J5200 SAMSUNG        "
20200314,9NYFX601,21653,SUPORTE TV UNIVERSAL LCD/LED 10 A 71 SBRUB750
20200314,99JVD001,21653,SUPORTE TV UNIVERSAL LCD/LED 10 A 71 SBRUB750
20200314,YZ0E2J01,26325,"TELEVISOR SMART 43"" 43S5300 HD BLUET SEMP TCL"
20200314,YZ0E2J01,21653,SUPORTE TV UNIVERSAL LCD/LED 10 A 71 SBRUB750
20200314,9ODOD901,21653,SUPORTE TV UNIVERSAL LCD/LED 10 A 71 SBRUB750
20200314,YZ0EBQ01,21653,SUPORTE TV UNIVERSAL LCD/LED 10 A 71 SBRUB750
20200314,YZ0EBQ01,26325,"TELEVISOR SMART 43"" 43S5300 HD BLUET SEMP TCL"
20200314,YZ0CHA01,21653,SUPORTE TV UNIVERSAL LCD/LED 10 A 71 SBRUB750
20200314,YZ0EBS01,21653,SUPORTE TV UNIVERSAL LCD/LED 10 A 71 SBRUB750
20200314,YZ0E1B01,21653,SUPORTE TV UNIVERSAL LCD/LED 10 A 71 SBRUB750
20200313,99C03S01,22507,ROTEADOR RE085 DUAL BAND 750MBPS 11AC        
20200313,99C03S01,26325,"TELEVISOR SMART 43"" 43S5300 HD BLUET SEMP TCL"
20200313,46822701,26424,CAIXA AMPLIFICADA MCO-09 MULTI CONNECT       
20200313,46822701,21653,SUPORTE TV UNIVERSAL LCD/LED 10 A 71 SBRUB750
20200313,25405601,21653,SUPORTE TV UNIVERSAL LCD/LED 10 A 71 SBRUB750
20200313,25405601,26325,"TELEVISOR SMART 43"" 43S5300 HD BLUET SEMP TCL"
20200313,63454401,21653,SUPORTE TV UNIVERSAL LCD/LED 10 A 71 SBRUB750
20200313,63454401,25354,"TELEVISOR SMART 32"" UN32J4290 SAMSUNG        "
20200313,04152501,21653,SUPORTE TV UNIVERSAL LCD/LED 10 A 71 SBRUB750
20200313,16756101,21653,SUPORTE TV UNIVERSAL LCD/LED 10 A 71 SBRUB750
20200313,16756101,26325,"TELEVISOR SMART 43"" 43S5300 HD BLUET SEMP TCL"
20200313,99H94301,21653,SUPORTE TV UNIVERSAL LCD/LED 10 A 71 SBRUB750
20200313,99LGTS01,21653,SUPORTE TV UNIVERSAL LCD/LED 10 A 71 SBRUB750
20200313,99LGTS01,25354,"TELEVISOR SMART 32"" UN32J4290 SAMSUNG        "
20200313,99LGTS01,23802,BOOMBOX BX-19 BIVOLT UP DYNAMIC              
20200313,99LPEC01,21653,SUPORTE TV UNIVERSAL LCD/LED 10 A 71 SBRUB750
20200313,9O0DK001,25904,"TELEVISOR SMART 50"" UHD BT UN50RU7100 SAMSUNG"
20200313,9O829601,26247,SMARTPHONE LG K8 PLUS PRETO                  
20200313,18584301,26325,"TELEVISOR SMART 43"" 43S5300 HD BLUET SEMP TCL"
20200313,99EZTY01,21653,SUPORTE TV UNIVERSAL LCD/LED 10 A 71 SBRUB750
20200313,05582501,23431,MINI SYSTEM PH1700BT PHILCO                  
20200313,99HIBD01,26325,"TELEVISOR SMART 43"" 43S5300 HD BLUET SEMP TCL"
20200313,99HIBD01,21653,SUPORTE TV UNIVERSAL LCD/LED 10 A 71 SBRUB750
20200313,9O99AN01,21653,SUPORTE TV UNIVERSAL LCD/LED 10 A 71 SBRUB750
20200313,16998601,21653,SUPORTE TV UNIVERSAL LCD/LED 10 A 71 SBRUB750
20200313,00129301,25669,"TELEVISOR SMART 43"" 43LK5750PSA.BWZ LG       "
20200313,9OAQZN01,25355,"TELEVISOR SMART 43"" UN43J5290 SAMSUNG        "
20200313,9OAQZN01,21653,SUPORTE TV UNIVERSAL LCD/LED 10 A 71 SBRUB750
20200313,9OHOV201,21653,SUPORTE TV UNIVERSAL LCD/LED 10 A 71 SBRUB750
20200313,18996801,26571,SMARTPHONE SAMSUNG GAL A20S 32GB AZUL        
20200313,99BIIY01,21653,SUPORTE TV UNIVERSAL LCD/LED 10 A 71 SBRUB750
20200313,9OJ28Z01,25730,SMARTPHONE SAMSUNG GAL J4 CORE 16GB AZUL     
20200313,9OLYDU01,25729,SMARTPHONE SAMSUNG GAL J4 CORE 16GB COBRE    
20200313,49018401,25726,SMARTPHONE SAMSUNG GAL J2 CORE 16GB PRETO    
20200313,99BHKC01,25354,"TELEVISOR SMART 32"" UN32J4290 SAMSUNG        "
20200313,99BHKC01,21653,SUPORTE TV UNIVERSAL LCD/LED 10 A 71 SBRUB750
20200313,9O8TRX01,24716,RECEPTOR MIDIA BOX HDTV B3                   
20200313,77634401,25904,"TELEVISOR SMART 50"" UHD BT UN50RU7100 SAMSUNG"
20200313,77634401,21653,SUPORTE TV UNIVERSAL LCD/LED 10 A 71 SBRUB750
20200313,01244001,21823,PEN DRIVE SONY R 8GB USMRGR                  
20200313,00568801,24913,SMARTPHONE MOTOROLA MOTO G6 PLAY XT1922 DB IN
20200313,96865401,26325,"TELEVISOR SMART 43"" 43S5300 HD BLUET SEMP TCL"
20200313,16661901,21653,SUPORTE TV UNIVERSAL LCD/LED 10 A 71 SBRUB750
20200313,16661901,25669,"TELEVISOR SMART 43"" 43LK5750PSA.BWZ LG       "
20200313,99DYK601,21653,SUPORTE TV UNIVERSAL LCD/LED 10 A 71 SBRUB750
20200313,99DRAP01,21874,RADIO AE1500X/78 PHILIPS                     
20200313,15299301,25669,"TELEVISOR SMART 43"" 43LK5750PSA.BWZ LG       "
20200313,15299301,21653,SUPORTE TV UNIVERSAL LCD/LED 10 A 71 SBRUB750
20200313,90452701,26572,SMARTPHONE SAMSUNG GAL A20S 32GB VERMELHO    
20200313,08250101,21653,SUPORTE TV UNIVERSAL LCD/LED 10 A 71 SBRUB750
20200313,80270101,21653,SUPORTE TV UNIVERSAL LCD/LED 10 A 71 SBRUB750
20200313,9OPHYO01,24483,"TELEVISOR SMART 49"" 4K KDL-49X705E SONY      "
20200313,9OPHYO01,21653,SUPORTE TV UNIVERSAL LCD/LED 10 A 71 SBRUB750
20200313,18308601,25354,"TELEVISOR SMART 32"" UN32J4290 SAMSUNG        "
20200313,18308601,21653,SUPORTE TV UNIVERSAL LCD/LED 10 A 71 SBRUB750
20200313,99IQHU01,21653,SUPORTE TV UNIVERSAL LCD/LED 10 A 71 SBRUB750
20200313,9OR5EG01,21653,SUPORTE TV UNIVERSAL LCD/LED 10 A 71 SBRUB750
20200313,9O7UPI01,25904,"TELEVISOR SMART 50"" UHD BT UN50RU7100 SAMSUNG"
20200313,95939801,26635,CELULAR SEMP GO 1E 2G COM BASE PRETO         
20200313,9OQ25G01,21653,SUPORTE TV UNIVERSAL LCD/LED 10 A 71 SBRUB750
20200313,9O0BRK01,26583,SMARTPHONE MOTOROLA MOTO G8 PLUS 64GB AZUL SF
20200313,17357801,21653,SUPORTE TV UNIVERSAL LCD/LED 10 A 71 SBRUB750
20200313,99C3O401,25904,"TELEVISOR SMART 50"" UHD BT UN50RU7100 SAMSUNG"
20200313,64979301,21653,SUPORTE TV UNIVERSAL LCD/LED 10 A 71 SBRUB750
20200313,90015201,25193,SMARTPHONE SAMSUNG GAL J6 32GB PRATA         
20200313,28535201,21653,SUPORTE TV UNIVERSAL LCD/LED 10 A 71 SBRUB750
20200313,99DK4H01,21653,SUPORTE TV UNIVERSAL LCD/LED 10 A 71 SBRUB750
20200313,9O3ZII01,26325,"TELEVISOR SMART 43"" 43S5300 HD BLUET SEMP TCL"
20200313,9O3ZII01,21653,SUPORTE TV UNIVERSAL LCD/LED 10 A 71 SBRUB750
20200313,76387501,21653,SUPORTE TV UNIVERSAL LCD/LED 10 A 71 SBRUB750
20200313,9OKJ4W01,21653,SUPORTE TV UNIVERSAL LCD/LED 10 A 71 SBRUB750
20200313,02218801,25669,"TELEVISOR SMART 43"" 43LK5750PSA.BWZ LG       "
20200313,04398701,26548,SMARTPHONE SAMSUNG GAL A10S 32GB VERMELHO    
20200313,99I9J301,21653,SUPORTE TV UNIVERSAL LCD/LED 10 A 71 SBRUB750
20200313,9OH1H101,21653,SUPORTE TV UNIVERSAL LCD/LED 10 A 71 SBRUB750
20200313,09358801,21653,SUPORTE TV UNIVERSAL LCD/LED 10 A 71 SBRUB750
20200313,9O013L01,21653,SUPORTE TV UNIVERSAL LCD/LED 10 A 71 SBRUB750
20200313,9O013L01,25354,"TELEVISOR SMART 32"" UN32J4290 SAMSUNG        "
20200313,72806901,21653,SUPORTE TV UNIVERSAL LCD/LED 10 A 71 SBRUB750
20200313,72806901,25354,"TELEVISOR SMART 32"" UN32J4290 SAMSUNG        "
20200313,48149901,25904,"TELEVISOR SMART 50"" UHD BT UN50RU7100 SAMSUNG"
20200313,48149901,21653,SUPORTE TV UNIVERSAL LCD/LED 10 A 71 SBRUB750
20200313,99C56501,21653,SUPORTE TV UNIVERSAL LCD/LED 10 A 71 SBRUB750
20200313,9OH78X01,21653,SUPORTE TV UNIVERSAL LCD/LED 10 A 71 SBRUB750
20200313,9OH78X01,23903,"TELEVISOR SMART 43"" UN43MU6100 SAMSUNG       "
20200313,21803101,21653,SUPORTE TV UNIVERSAL LCD/LED 10 A 71 SBRUB750
20200313,95455801,21653,SUPORTE TV UNIVERSAL LCD/LED 10 A 71 SBRUB750
20200313,95455801,23903,"TELEVISOR SMART 43"" UN43MU6100 SAMSUNG       "
20200313,25230601,26325,"TELEVISOR SMART 43"" 43S5300 HD BLUET SEMP TCL"
20200313,25230601,21653,SUPORTE TV UNIVERSAL LCD/LED 10 A 71 SBRUB750
20200313,06811301,25904,"TELEVISOR SMART 50"" UHD BT UN50RU7100 SAMSUNG"
20200313,06811301,21653,SUPORTE TV UNIVERSAL LCD/LED 10 A 71 SBRUB750
20200313,40816601,21653,SUPORTE TV UNIVERSAL LCD/LED 10 A 71 SBRUB750
20200313,9OC3Z801,21653,SUPORTE TV UNIVERSAL LCD/LED 10 A 71 SBRUB750
20200313,99C51H01,21653,SUPORTE TV UNIVERSAL LCD/LED 10 A 71 SBRUB750
20200313,999JE701,21653,SUPORTE TV UNIVERSAL LCD/LED 10 A 71 SBRUB750
20200313,999VEL01,21653,SUPORTE TV UNIVERSAL LCD/LED 10 A 71 SBRUB750
20200313,999VEL01,25905,"TELEVISOR SMART 55"" UHD BT UN55RU7100 SAMSUNG"
20200313,YZ0DL401,21653,SUPORTE TV UNIVERSAL LCD/LED 10 A 71 SBRUB750
20200313,YZ075M01,21653,SUPORTE TV UNIVERSAL LCD/LED 10 A 71 SBRUB750
20200313,YYZWTE01,26325,"TELEVISOR SMART 43"" 43S5300 HD BLUET SEMP TCL"
20200313,YZ0DKO01,25904,"TELEVISOR SMART 50"" UHD BT UN50RU7100 SAMSUNG"
20200313,YZ0DKO01,21653,SUPORTE TV UNIVERSAL LCD/LED 10 A 71 SBRUB750
20200313,YZ0DR401,21653,SUPORTE TV UNIVERSAL LCD/LED 10 A 71 SBRUB750
20200313,YZ0DR401,25183,"TELEVISOR SMART 43"" 4K UN43NU7100 SAMSUNG    "
20200313,YZ038Q01,26325,"TELEVISOR SMART 43"" 43S5300 HD BLUET SEMP TCL"
20200313,YZ038Q01,21653,SUPORTE TV UNIVERSAL LCD/LED 10 A 71 SBRUB750
20200313,YZ0DUP01,21653,SUPORTE TV UNIVERSAL LCD/LED 10 A 71 SBRUB750
20200313,YZ0DUP01,26325,"TELEVISOR SMART 43"" 43S5300 HD BLUET SEMP TCL"
20200313,YZ0DBP01,21653,SUPORTE TV UNIVERSAL LCD/LED 10 A 71 SBRUB750
20200313,YZ08N001,25355,"TELEVISOR SMART 43"" UN43J5290 SAMSUNG        "
20200312,99CW6D01,25738,"TELEVISOR SMART 43"" PTV43E60SN LED PHILCO    "
20200312,25617401,21653,SUPORTE TV UNIVERSAL LCD/LED 10 A 71 SBRUB750
20200312,99I0X601,21653,SUPORTE TV UNIVERSAL LCD/LED 10 A 71 SBRUB750
20200312,99I0X601,25996,"TELEVISOR 32"" 32S6500S HD LED SEMP TCL       "
20200312,98764101,21653,SUPORTE TV UNIVERSAL LCD/LED 10 A 71 SBRUB750
20200312,17018901,25738,"TELEVISOR SMART 43"" PTV43E60SN LED PHILCO    "
20200312,17018901,21653,SUPORTE TV UNIVERSAL LCD/LED 10 A 71 SBRUB750
20200312,9OCGOG01,25366,TABLET NB728 MINI MS40G PRETO                
20200312,96659101,21653,SUPORTE TV UNIVERSAL LCD/LED 10 A 71 SBRUB750
20200312,9OFUBV01,21653,SUPORTE TV UNIVERSAL LCD/LED 10 A 71 SBRUB750
20200312,9NZ1F301,21653,SUPORTE TV UNIVERSAL LCD/LED 10 A 71 SBRUB750
20200312,99FPGD01,21653,SUPORTE TV UNIVERSAL LCD/LED 10 A 71 SBRUB750
20200312,99A5L901,21653,SUPORTE TV UNIVERSAL LCD/LED 10 A 71 SBRUB750
20200312,9OCO6601,21653,SUPORTE TV UNIVERSAL LCD/LED 10 A 71 SBRUB750
20200312,18584301,26325,"TELEVISOR SMART 43"" 43S5300 HD BLUET SEMP TCL"
20200312,18675801,26635,CELULAR SEMP GO 1E 2G COM BASE PRETO         
20200312,87229401,21653,SUPORTE TV UNIVERSAL LCD/LED 10 A 71 SBRUB750
20200312,9OL4GD01,21653,SUPORTE TV UNIVERSAL LCD/LED 10 A 71 SBRUB750
20200312,9O7LGK01,21653,SUPORTE TV UNIVERSAL LCD/LED 10 A 71 SBRUB750
20200312,15473201,21653,SUPORTE TV UNIVERSAL LCD/LED 10 A 71 SBRUB750
20200312,9OGOSV01,25904,"TELEVISOR SMART 50"" UHD BT UN50RU7100 SAMSUNG"
20200312,14641501,19524,RADIO RECEPTOR 7 FXS RM PFT73AC              
20200312,9O2A1601,21653,SUPORTE TV UNIVERSAL LCD/LED 10 A 71 SBRUB750
20200312,52436001,21647,DVD D-15 KARAOKE MONDIAL                     
20200312,14626701,26325,"TELEVISOR SMART 43"" 43S5300 HD BLUET SEMP TCL"
20200312,14626701,21653,SUPORTE TV UNIVERSAL LCD/LED 10 A 71 SBRUB750
20200312,90603601,25904,"TELEVISOR SMART 50"" UHD BT UN50RU7100 SAMSUNG"
20200312,90603601,21653,SUPORTE TV UNIVERSAL LCD/LED 10 A 71 SBRUB750
20200312,00158401,25904,"TELEVISOR SMART 50"" UHD BT UN50RU7100 SAMSUNG"
20200312,65576901,21653,SUPORTE TV UNIVERSAL LCD/LED 10 A 71 SBRUB750
20200312,65576901,26325,"TELEVISOR SMART 43"" 43S5300 HD BLUET SEMP TCL"
20200312,99A2YE01,21653,SUPORTE TV UNIVERSAL LCD/LED 10 A 71 SBRUB750
20200312,45538901,21653,SUPORTE TV UNIVERSAL LCD/LED 10 A 71 SBRUB750
20200312,96237301,25356,"TELEVISOR SMART 49"" UN49J5290 SAMSUNG        "
20200312,96237301,21653,SUPORTE TV UNIVERSAL LCD/LED 10 A 71 SBRUB750
20200312,91739901,21653,SUPORTE TV UNIVERSAL LCD/LED 10 A 71 SBRUB750
20200312,47678301,26243,SUPORTE UNIV. BEDIN BU-25                    
20200312,70728501,26243,SUPORTE UNIV. BEDIN BU-25                    
20200312,9OHEUS01,23904,"TELEVISOR SMART 49"" UN49J5200 SAMSUNG        "
20200312,9OHEUS01,21653,SUPORTE TV UNIVERSAL LCD/LED 10 A 71 SBRUB750
20200312,9ODQ5J01,25904,"TELEVISOR SMART 50"" UHD BT UN50RU7100 SAMSUNG"
20200312,9O2ZPY01,21653,SUPORTE TV UNIVERSAL LCD/LED 10 A 71 SBRUB750
20200312,99MGUI01,21653,SUPORTE TV UNIVERSAL LCD/LED 10 A 71 SBRUB750
20200312,99MGUI01,25904,"TELEVISOR SMART 50"" UHD BT UN50RU7100 SAMSUNG"
20200312,99MX8F01,21653,SUPORTE TV UNIVERSAL LCD/LED 10 A 71 SBRUB750
20200312,26716901,21653,SUPORTE TV UNIVERSAL LCD/LED 10 A 71 SBRUB750
20200312,9OELG601,21653,SUPORTE TV UNIVERSAL LCD/LED 10 A 71 SBRUB750
20200312,99228901,21653,SUPORTE TV UNIVERSAL LCD/LED 10 A 71 SBRUB750
20200312,9OFBWZ01,21653,SUPORTE TV UNIVERSAL LCD/LED 10 A 71 SBRUB750
20200312,02792901,21653,SUPORTE TV UNIVERSAL LCD/LED 10 A 71 SBRUB750
20200312,9OG3UN01,21653,SUPORTE TV UNIVERSAL LCD/LED 10 A 71 SBRUB750
20200312,99JH8101,26424,CAIXA AMPLIFICADA MCO-09 MULTI CONNECT       
20200312,99H0FC01,24911,"TELEVISOR SMART 43"" S3900FS SEMP TCL         "
20200312,99H0FC01,21653,SUPORTE TV UNIVERSAL LCD/LED 10 A 71 SBRUB750
20200312,99EHXN01,21653,SUPORTE TV UNIVERSAL LCD/LED 10 A 71 SBRUB750
20200312,9OKL8C01,26527,SMARTPHONE LG K40S LMX430 BMW PRETO          
20200312,99FUDC01,26243,SUPORTE UNIV. BEDIN BU-25                    
20200312,9OH4NK01,21653,SUPORTE TV UNIVERSAL LCD/LED 10 A 71 SBRUB750
20200312,9OH4NK01,25669,"TELEVISOR SMART 43"" 43LK5750PSA.BWZ LG       "
20200312,YZ0D2I01,21653,SUPORTE TV UNIVERSAL LCD/LED 10 A 71 SBRUB750
20200312,YZ0D2I01,26325,"TELEVISOR SMART 43"" 43S5300 HD BLUET SEMP TCL"
20200312,YZ076I01,21653,SUPORTE TV UNIVERSAL LCD/LED 10 A 71 SBRUB750
20200312,9NZIKV01,21653,SUPORTE TV UNIVERSAL LCD/LED 10 A 71 SBRUB750
20200312,YZ0BWQ01,21653,SUPORTE TV UNIVERSAL LCD/LED 10 A 71 SBRUB750
20200312,YZ0D8V01,25995,"TELEVISOR 24"" S1300 L1850 HD LED SEMP TCL    "
20200312,YZ0D8V01,21653,SUPORTE TV UNIVERSAL LCD/LED 10 A 71 SBRUB750
20200312,YZ0D6101,25354,"TELEVISOR SMART 32"" UN32J4290 SAMSUNG        "
20200312,YZ0D6101,21653,SUPORTE TV UNIVERSAL LCD/LED 10 A 71 SBRUB750
20200311,04643101,26460,CAIXA DE SOM AMPLIF.TROLLEY 8 POL SP329      
20200311,04182501,21653,SUPORTE TV UNIVERSAL LCD/LED 10 A 71 SBRUB750
20200311,04182501,21653,SUPORTE TV UNIVERSAL LCD/LED 10 A 71 SBRUB750
20200311,04182501,26326,"TELEVISOR SMART 50"" 50P8M 4K UHD BLT SEMP TCL"
20200311,67302901,25581,SMARTPHONE SAMSUNG GAL J6 PLUS 32GB VERMELHO 
20200311,99EDK501,25998,"TELEVISOR 43"" 43S6500FS FULL HD SEMP TCL     "
20200311,99EDK501,21653,SUPORTE TV UNIVERSAL LCD/LED 10 A 71 SBRUB750
20200311,91593801,21653,SUPORTE TV UNIVERSAL LCD/LED 10 A 71 SBRUB750
20200311,44908801,21653,SUPORTE TV UNIVERSAL LCD/LED 10 A 71 SBRUB750
20200311,16912101,11332,ANTENA 1 50 MT MULTIPONTO CENTURY            
20200311,99J3Y601,25435,TABLET NB732 MINI MS50X PRETO                
20200311,99IWQU01,25738,"TELEVISOR SMART 43"" PTV43E60SN LED PHILCO    "
20200311,99IWQU01,21653,SUPORTE TV UNIVERSAL LCD/LED 10 A 71 SBRUB750
20200311,99BO9801,26527,SMARTPHONE LG K40S LMX430 BMW PRETO          
20200311,96908001,21653,SUPORTE TV UNIVERSAL LCD/LED 10 A 71 SBRUB750
20200311,96908001,25354,"TELEVISOR SMART 32"" UN32J4290 SAMSUNG        "
20200311,57904801,21653,SUPORTE TV UNIVERSAL LCD/LED 10 A 71 SBRUB750
20200311,92888301,21653,SUPORTE TV UNIVERSAL LCD/LED 10 A 71 SBRUB750
20200311,9OBEFR01,25355,"TELEVISOR SMART 43"" UN43J5290 SAMSUNG        "
20200311,9OBEFR01,21653,SUPORTE TV UNIVERSAL LCD/LED 10 A 71 SBRUB750
20200311,9O7KKG01,21653,SUPORTE TV UNIVERSAL LCD/LED 10 A 71 SBRUB750
20200311,9O7KKG01,26325,"TELEVISOR SMART 43"" 43S5300 HD BLUET SEMP TCL"
20200311,9OBCFT01,23802,BOOMBOX BX-19 BIVOLT UP DYNAMIC              
20200311,9OBCFT01,23940,CELULAR DL YC 230 FLIP DB AMARELO            
20200311,9OAEPO01,21653,SUPORTE TV UNIVERSAL LCD/LED 10 A 71 SBRUB750
20200311,99LZV501,21653,SUPORTE TV UNIVERSAL LCD/LED 10 A 71 SBRUB750
20200311,9OJGQ801,21653,SUPORTE TV UNIVERSAL LCD/LED 10 A 71 SBRUB750
20200311,9OATLR01,21653,SUPORTE TV UNIVERSAL LCD/LED 10 A 71 SBRUB750
20200311,91286201,26573,SMARTPHONE SAMSUNG GAL A30S 64GB PRETO       
20200311,9OMNSA01,21653,SUPORTE TV UNIVERSAL LCD/LED 10 A 71 SBRUB750
20200311,99C5UH01,25873,SMARTPHONE LG K12 PLUS PLATINUM              
20200311,00981001,21653,SUPORTE TV UNIVERSAL LCD/LED 10 A 71 SBRUB750
20200311,17675401,21653,SUPORTE TV UNIVERSAL LCD/LED 10 A 71 SBRUB750
20200311,96386001,21653,SUPORTE TV UNIVERSAL LCD/LED 10 A 71 SBRUB750
20200311,99CN8X01,21653,SUPORTE TV UNIVERSAL LCD/LED 10 A 71 SBRUB750
20200311,99GDQX01,21653,SUPORTE TV UNIVERSAL LCD/LED 10 A 71 SBRUB750
20200311,99DRAP01,21653,SUPORTE TV UNIVERSAL LCD/LED 10 A 71 SBRUB750
20200311,99ECDZ01,21653,SUPORTE TV UNIVERSAL LCD/LED 10 A 71 SBRUB750
20200311,99JCR601,21653,SUPORTE TV UNIVERSAL LCD/LED 10 A 71 SBRUB750
20200311,999HXZ01,21653,SUPORTE TV UNIVERSAL LCD/LED 10 A 71 SBRUB750
20200311,65080501,21647,DVD D-15 KARAOKE MONDIAL                     
20200311,99BVG101,21653,SUPORTE TV UNIVERSAL LCD/LED 10 A 71 SBRUB750
20200311,9O3J5S01,21653,SUPORTE TV UNIVERSAL LCD/LED 10 A 71 SBRUB750
20200311,9O3J5S01,25354,"TELEVISOR SMART 32"" UN32J4290 SAMSUNG        "
20200311,9OBAX501,21653,SUPORTE TV UNIVERSAL LCD/LED 10 A 71 SBRUB750
20200311,9OCBR301,21653,SUPORTE TV UNIVERSAL LCD/LED 10 A 71 SBRUB750
20200311,9O096C01,21653,SUPORTE TV UNIVERSAL LCD/LED 10 A 71 SBRUB750
20200311,99CAAW01,21653,SUPORTE TV UNIVERSAL LCD/LED 10 A 71 SBRUB750
20200311,9O4HYO01,24372,"TELEVISOR SMART 32"" 32LJ600B LG              "
20200311,66550601,21653,SUPORTE TV UNIVERSAL LCD/LED 10 A 71 SBRUB750
20200311,00867501,21653,SUPORTE TV UNIVERSAL LCD/LED 10 A 71 SBRUB750
20200311,99EP3P01,21603,DVD D-14 GAME STAR II MONDIAL                
20200311,9OF4B701,21653,SUPORTE TV UNIVERSAL LCD/LED 10 A 71 SBRUB750
20200311,9O3ZII01,25193,SMARTPHONE SAMSUNG GAL J6 32GB PRATA         
20200311,99BXB701,21653,SUPORTE TV UNIVERSAL LCD/LED 10 A 71 SBRUB750
20200311,99DFYL01,21653,SUPORTE TV UNIVERSAL LCD/LED 10 A 71 SBRUB750
20200311,9O0TVE01,21653,SUPORTE TV UNIVERSAL LCD/LED 10 A 71 SBRUB750
20200311,06437101,21653,SUPORTE TV UNIVERSAL LCD/LED 10 A 71 SBRUB750
20200311,YZ0C7W01,25996,"TELEVISOR 32"" 32S6500S HD LED SEMP TCL       "
20200311,YZ0C7W01,21653,SUPORTE TV UNIVERSAL LCD/LED 10 A 71 SBRUB750
20200310,YZ0BOY01,21653,SUPORTE TV UNIVERSAL LCD/LED 10 A 71 SBRUB750
20200310,YZ0BDE01,21653,SUPORTE TV UNIVERSAL LCD/LED 10 A 71 SBRUB750
20200310,YZ0BCG01,21653,SUPORTE TV UNIVERSAL LCD/LED 10 A 71 SBRUB750
20200310,YYZT9L01,21653,SUPORTE TV UNIVERSAL LCD/LED 10 A 71 SBRUB750
20200310,9OGW5401,21653,SUPORTE TV UNIVERSAL LCD/LED 10 A 71 SBRUB750
20200310,99F2BF01,21653,SUPORTE TV UNIVERSAL LCD/LED 10 A 71 SBRUB750
20200310,16746601,21653,SUPORTE TV UNIVERSAL LCD/LED 10 A 71 SBRUB750
20200310,9O1APM01,25193,SMARTPHONE SAMSUNG GAL J6 32GB PRATA         
20200310,9O8PNB01,25738,"TELEVISOR SMART 43"" PTV43E60SN LED PHILCO    "
20200310,9O8PNB01,21653,SUPORTE TV UNIVERSAL LCD/LED 10 A 71 SBRUB750
20200310,97507301,21653,SUPORTE TV UNIVERSAL LCD/LED 10 A 71 SBRUB750
20200310,15974001,21653,SUPORTE TV UNIVERSAL LCD/LED 10 A 71 SBRUB750
20200310,9O5E8M01,21653,SUPORTE TV UNIVERSAL LCD/LED 10 A 71 SBRUB750
20200310,9O5E8M01,25355,"TELEVISOR SMART 43"" UN43J5290 SAMSUNG        "
20200310,10385401,24716,RECEPTOR MIDIA BOX HDTV B3                   
20200310,99HUAR01,21653,SUPORTE TV UNIVERSAL LCD/LED 10 A 71 SBRUB750
20200310,99K4OQ01,21653,SUPORTE TV UNIVERSAL LCD/LED 10 A 71 SBRUB750
20200310,14436801,21653,SUPORTE TV UNIVERSAL LCD/LED 10 A 71 SBRUB750
20200310,14436801,25354,"TELEVISOR SMART 32"" UN32J4290 SAMSUNG        "
20200310,16085301,25598,"TELEVISOR SMART 39"" L39S3900FS SEMP TCL      "
20200310,9O595D01,25355,"TELEVISOR SMART 43"" UN43J5290 SAMSUNG        "
20200310,9O595D01,21653,SUPORTE TV UNIVERSAL LCD/LED 10 A 71 SBRUB750
20200310,24494001,21653,SUPORTE TV UNIVERSAL LCD/LED 10 A 71 SBRUB750
20200310,9O2BYG01,25904,"TELEVISOR SMART 50"" UHD BT UN50RU7100 SAMSUNG"
20200310,9O2BYG01,21653,SUPORTE TV UNIVERSAL LCD/LED 10 A 71 SBRUB750
20200310,99KARW01,25252,"TELEVISOR SMART 49"" S4900FS FULL HD SEMP TCL "
20200310,99KARW01,21653,SUPORTE TV UNIVERSAL LCD/LED 10 A 71 SBRUB750
20200310,12952001,21653,SUPORTE TV UNIVERSAL LCD/LED 10 A 71 SBRUB750
20200310,05378901,21653,SUPORTE TV UNIVERSAL LCD/LED 10 A 71 SBRUB750
20200310,69580601,21653,SUPORTE TV UNIVERSAL LCD/LED 10 A 71 SBRUB750
20200310,90775201,21653,SUPORTE TV UNIVERSAL LCD/LED 10 A 71 SBRUB750
20200310,79155301,21653,SUPORTE TV UNIVERSAL LCD/LED 10 A 71 SBRUB750
20200310,20951001,25904,"TELEVISOR SMART 50"" UHD BT UN50RU7100 SAMSUNG"
20200310,14283501,21653,SUPORTE TV UNIVERSAL LCD/LED 10 A 71 SBRUB750
20200310,14283501,26326,"TELEVISOR SMART 50"" 50P8M 4K UHD BLT SEMP TCL"
20200310,99HOIJ01,21653,SUPORTE TV UNIVERSAL LCD/LED 10 A 71 SBRUB750
20200310,9OQ79001,21653,SUPORTE TV UNIVERSAL LCD/LED 10 A 71 SBRUB750
20200310,04953001,21653,SUPORTE TV UNIVERSAL LCD/LED 10 A 71 SBRUB750
20200310,04953001,26325,"TELEVISOR SMART 43"" 43S5300 HD BLUET SEMP TCL"
20200310,9OI54U01,21653,SUPORTE TV UNIVERSAL LCD/LED 10 A 71 SBRUB750
20200310,9OI54U01,25354,"TELEVISOR SMART 32"" UN32J4290 SAMSUNG        "
20200310,9OJ2QZ01,21653,SUPORTE TV UNIVERSAL LCD/LED 10 A 71 SBRUB750
20200310,9OJ94601,25904,"TELEVISOR SMART 50"" UHD BT UN50RU7100 SAMSUNG"
20200310,9OF1BQ01,21653,SUPORTE TV UNIVERSAL LCD/LED 10 A 71 SBRUB750
20200310,9OITKW01,25354,"TELEVISOR SMART 32"" UN32J4290 SAMSUNG        "
20200310,9OITKW01,21653,SUPORTE TV UNIVERSAL LCD/LED 10 A 71 SBRUB750
20200310,9OAZ9R01,25728,SMARTPHONE SAMSUNG GAL J4 CORE 16GB PRETO    
20200310,21568101,21653,SUPORTE TV UNIVERSAL LCD/LED 10 A 71 SBRUB750
20200310,67328101,21653,SUPORTE TV UNIVERSAL LCD/LED 10 A 71 SBRUB750
20200310,9O751R01,21653,SUPORTE TV UNIVERSAL LCD/LED 10 A 71 SBRUB750
20200310,9O751R01,25354,"TELEVISOR SMART 32"" UN32J4290 SAMSUNG        "
20200310,9OB4OD01,21653,SUPORTE TV UNIVERSAL LCD/LED 10 A 71 SBRUB750
20200310,9OB4OD01,25996,"TELEVISOR 32"" 32S6500S HD LED SEMP TCL       "
20200310,47848801,25729,SMARTPHONE SAMSUNG GAL J4 CORE 16GB COBRE    
20200310,9OBCIA01,21647,DVD D-15 KARAOKE MONDIAL                     
20200310,9O0E5M01,21653,SUPORTE TV UNIVERSAL LCD/LED 10 A 71 SBRUB750
20200310,9O72G501,26635,CELULAR SEMP GO 1E 2G COM BASE PRETO         
20200310,9NZAM501,25904,"TELEVISOR SMART 50"" UHD BT UN50RU7100 SAMSUNG"
20200310,9NZAM501,21653,SUPORTE TV UNIVERSAL LCD/LED 10 A 71 SBRUB750
20200310,9NZ1F301,25904,"TELEVISOR SMART 50"" UHD BT UN50RU7100 SAMSUNG"
20200310,99J61F01,25354,"TELEVISOR SMART 32"" UN32J4290 SAMSUNG        "
20200310,99J61F01,21653,SUPORTE TV UNIVERSAL LCD/LED 10 A 71 SBRUB750
20200310,37471101,21653,SUPORTE TV UNIVERSAL LCD/LED 10 A 71 SBRUB750
20200310,9OFUZE01,21653,SUPORTE TV UNIVERSAL LCD/LED 10 A 71 SBRUB750
20200310,59937601,21653,SUPORTE TV UNIVERSAL LCD/LED 10 A 71 SBRUB750
20200310,97627901,21653,SUPORTE TV UNIVERSAL LCD/LED 10 A 71 SBRUB750
20200310,9O9EUA01,25355,"TELEVISOR SMART 43"" UN43J5290 SAMSUNG        "
20200310,9O9EUA01,21653,SUPORTE TV UNIVERSAL LCD/LED 10 A 71 SBRUB750
20200310,99BGAM01,21653,SUPORTE TV UNIVERSAL LCD/LED 10 A 71 SBRUB750
20200310,94543301,21653,SUPORTE TV UNIVERSAL LCD/LED 10 A 71 SBRUB750
20200309,39987501,21653,SUPORTE TV UNIVERSAL LCD/LED 10 A 71 SBRUB750
20200309,12449901,21653,SUPORTE TV UNIVERSAL LCD/LED 10 A 71 SBRUB750
20200309,12449901,25546,"TELEVISOR SMART 32"" TC32FS600B PANASONIC     "
20200309,99ETSH01,25904,"TELEVISOR SMART 50"" UHD BT UN50RU7100 SAMSUNG"
20200309,99ETSH01,21653,SUPORTE TV UNIVERSAL LCD/LED 10 A 71 SBRUB750
20200309,17679001,25598,"TELEVISOR SMART 39"" L39S3900FS SEMP TCL      "
20200309,17679001,21653,SUPORTE TV UNIVERSAL LCD/LED 10 A 71 SBRUB750
20200309,99EYR001,25581,SMARTPHONE SAMSUNG GAL J6 PLUS 32GB VERMELHO 
20200309,99NELY01,21653,SUPORTE TV UNIVERSAL LCD/LED 10 A 71 SBRUB750
20200309,99NCU001,21653,SUPORTE TV UNIVERSAL LCD/LED 10 A 71 SBRUB750
20200309,28781001,25676,SMARTPHONE MOTOROLA MOTO G7 PLAY XT1952-5 DR 
20200309,9ONE5301,21653,SUPORTE TV UNIVERSAL LCD/LED 10 A 71 SBRUB750
20200309,9ONE5301,25355,"TELEVISOR SMART 43"" UN43J5290 SAMSUNG        "
20200309,9O12ZQ01,21653,SUPORTE TV UNIVERSAL LCD/LED 10 A 71 SBRUB750
20200309,9O3MK401,21653,SUPORTE TV UNIVERSAL LCD/LED 10 A 71 SBRUB750
20200309,00677801,21653,SUPORTE TV UNIVERSAL LCD/LED 10 A 71 SBRUB750
20200309,52479401,21653,SUPORTE TV UNIVERSAL LCD/LED 10 A 71 SBRUB750
20200309,9O7MT701,21653,SUPORTE TV UNIVERSAL LCD/LED 10 A 71 SBRUB750
20200309,00019101,21653,SUPORTE TV UNIVERSAL LCD/LED 10 A 71 SBRUB750
20200309,9OD7N201,21653,SUPORTE TV UNIVERSAL LCD/LED 10 A 71 SBRUB750
20200309,06983401,21653,SUPORTE TV UNIVERSAL LCD/LED 10 A 71 SBRUB750
20200309,06983401,25355,"TELEVISOR SMART 43"" UN43J5290 SAMSUNG        "
20200309,9OHPA001,21653,SUPORTE TV UNIVERSAL LCD/LED 10 A 71 SBRUB750
20200309,9O2GR101,21653,SUPORTE TV UNIVERSAL LCD/LED 10 A 71 SBRUB750
20200309,16545301,21653,SUPORTE TV UNIVERSAL LCD/LED 10 A 71 SBRUB750
20200309,21886601,24913,SMARTPHONE MOTOROLA MOTO G6 PLAY XT1922 DB IN
20200309,16606801,21823,PEN DRIVE SONY R 8GB USMRGR                  
20200309,99MZMN01,21653,SUPORTE TV UNIVERSAL LCD/LED 10 A 71 SBRUB750
20200309,64153401,21653,SUPORTE TV UNIVERSAL LCD/LED 10 A 71 SBRUB750
20200309,99HZMK01,24851,TABLET NB706 MINI MS50L PRETO/GRAFIT         
20200309,99ECFA01,19729,PEN DRIVE 8GB PD587 TWIST PRETO              
20200309,79702601,21653,SUPORTE TV UNIVERSAL LCD/LED 10 A 71 SBRUB750
20200309,99CN2001,21653,SUPORTE TV UNIVERSAL LCD/LED 10 A 71 SBRUB750
20200309,28050501,21653,SUPORTE TV UNIVERSAL LCD/LED 10 A 71 SBRUB750
20200309,22545901,21653,SUPORTE TV UNIVERSAL LCD/LED 10 A 71 SBRUB750
20200309,20013601,21653,SUPORTE TV UNIVERSAL LCD/LED 10 A 71 SBRUB750
20200309,24665201,21653,SUPORTE TV UNIVERSAL LCD/LED 10 A 71 SBRUB750
20200309,24665201,26325,"TELEVISOR SMART 43"" 43S5300 HD BLUET SEMP TCL"
20200309,19371701,21653,SUPORTE TV UNIVERSAL LCD/LED 10 A 71 SBRUB750
20200309,19371701,26325,"TELEVISOR SMART 43"" 43S5300 HD BLUET SEMP TCL"
20200309,96020301,21653,SUPORTE TV UNIVERSAL LCD/LED 10 A 71 SBRUB750
20200309,999NZ001,25676,SMARTPHONE MOTOROLA MOTO G7 PLAY XT1952-5 DR 
20200309,99PSI401,25303,"TELEVISOR SMART 32"" TC32FS500B PANASONIC     "
20200309,99JTG101,21653,SUPORTE TV UNIVERSAL LCD/LED 10 A 71 SBRUB750
20200309,99JTG101,25354,"TELEVISOR SMART 32"" UN32J4290 SAMSUNG        "
20200309,99J52401,21653,SUPORTE TV UNIVERSAL LCD/LED 10 A 71 SBRUB750
20200309,35313101,26424,CAIXA AMPLIFICADA MCO-09 MULTI CONNECT       
20200309,04656501,21653,SUPORTE TV UNIVERSAL LCD/LED 10 A 71 SBRUB750
20200309,18777401,21653,SUPORTE TV UNIVERSAL LCD/LED 10 A 71 SBRUB750
20200309,99MP5301,26325,"TELEVISOR SMART 43"" 43S5300 HD BLUET SEMP TCL"
20200309,99MP5301,21653,SUPORTE TV UNIVERSAL LCD/LED 10 A 71 SBRUB750
20200309,91397601,21653,SUPORTE TV UNIVERSAL LCD/LED 10 A 71 SBRUB750
20200309,9OAT8G01,21653,SUPORTE TV UNIVERSAL LCD/LED 10 A 71 SBRUB750
20200309,9OQUVN01,21653,SUPORTE TV UNIVERSAL LCD/LED 10 A 71 SBRUB750
20200309,9OASPP01,21653,SUPORTE TV UNIVERSAL LCD/LED 10 A 71 SBRUB750
20200309,05057101,21653,SUPORTE TV UNIVERSAL LCD/LED 10 A 71 SBRUB750
20200309,99I4HY01,21653,SUPORTE TV UNIVERSAL LCD/LED 10 A 71 SBRUB750
20200309,16012601,21653,SUPORTE TV UNIVERSAL LCD/LED 10 A 71 SBRUB750
20200309,23116701,21653,SUPORTE TV UNIVERSAL LCD/LED 10 A 71 SBRUB750
20200309,23116701,26326,"TELEVISOR SMART 50"" 50P8M 4K UHD BLT SEMP TCL"
20200309,99LYQJ01,25738,"TELEVISOR SMART 43"" PTV43E60SN LED PHILCO    "
20200309,99LYQJ01,21653,SUPORTE TV UNIVERSAL LCD/LED 10 A 71 SBRUB750
20200309,YZ0B0M01,25354,"TELEVISOR SMART 32"" UN32J4290 SAMSUNG        "
20200309,YZ0B0M01,21653,SUPORTE TV UNIVERSAL LCD/LED 10 A 71 SBRUB750
20200309,90661401,26013,SMARTPHONE SAMSUNG GAL A50  A505 64GB BRANCO 
20200309,YZ0B1O01,21653,SUPORTE TV UNIVERSAL LCD/LED 10 A 71 SBRUB750
20200309,YZ01N001,21653,SUPORTE TV UNIVERSAL LCD/LED 10 A 71 SBRUB750
20200309,YZ0B2G01,21653,SUPORTE TV UNIVERSAL LCD/LED 10 A 71 SBRUB750
20200309,05467601,21653,SUPORTE TV UNIVERSAL LCD/LED 10 A 71 SBRUB750
20200309,YZ0AV201,21653,SUPORTE TV UNIVERSAL LCD/LED 10 A 71 SBRUB750
20200309,YZ0AV201,25738,"TELEVISOR SMART 43"" PTV43E60SN LED PHILCO    "
20200308,67302901,21653,SUPORTE TV UNIVERSAL LCD/LED 10 A 71 SBRUB750
20200308,22545901,26324,"TELEVISOR SMART 32"" 32S5300 HD BLUET SEMP TCL"
20200308,YZ0AI801,21653,SUPORTE TV UNIVERSAL LCD/LED 10 A 71 SBRUB750
20200307,90096201,21653,SUPORTE TV UNIVERSAL LCD/LED 10 A 71 SBRUB750
20200307,90323101,25356,"TELEVISOR SMART 49"" UN49J5290 SAMSUNG        "
20200307,99CT9N01,21653,SUPORTE TV UNIVERSAL LCD/LED 10 A 71 SBRUB750
20200307,90323101,21653,SUPORTE TV UNIVERSAL LCD/LED 10 A 71 SBRUB750
20200307,19600201,21653,SUPORTE TV UNIVERSAL LCD/LED 10 A 71 SBRUB750
20200307,99QLIJ01,21653,SUPORTE TV UNIVERSAL LCD/LED 10 A 71 SBRUB750
20200307,9NZPBF01,21653,SUPORTE TV UNIVERSAL LCD/LED 10 A 71 SBRUB750
20200307,99KZVD01,23374,"TELEVISOR SMART 32"" KDL-32W655D SONY         "
20200307,99KZVD01,23374,"TELEVISOR SMART 32"" KDL-32W655D SONY         "
20200307,99I9K601,21653,SUPORTE TV UNIVERSAL LCD/LED 10 A 71 SBRUB750
20200307,05758901,21653,SUPORTE TV UNIVERSAL LCD/LED 10 A 71 SBRUB750
20200307,999ROF01,21653,SUPORTE TV UNIVERSAL LCD/LED 10 A 71 SBRUB750
20200307,82214501,25738,"TELEVISOR SMART 43"" PTV43E60SN LED PHILCO    "
20200307,9OFNJC01,21653,SUPORTE TV UNIVERSAL LCD/LED 10 A 71 SBRUB750
20200307,99CCEJ01,21653,SUPORTE TV UNIVERSAL LCD/LED 10 A 71 SBRUB750
20200307,99CCEJ01,26243,SUPORTE UNIV. BEDIN BU-25                    
20200307,25753701,21653,SUPORTE TV UNIVERSAL LCD/LED 10 A 71 SBRUB750
20200307,25753701,25737,"TELEVISOR SMART 32"" PTV32 G50SN LED PHILCO   "
20200307,99LPBJ01,21603,DVD D-14 GAME STAR II MONDIAL                
20200307,99LPBJ01,21653,SUPORTE TV UNIVERSAL LCD/LED 10 A 71 SBRUB750
20200307,9OCO6601,25252,"TELEVISOR SMART 49"" S4900FS FULL HD SEMP TCL "
20200307,25697101,21653,SUPORTE TV UNIVERSAL LCD/LED 10 A 71 SBRUB750
20200307,20999101,25737,"TELEVISOR SMART 32"" PTV32 G50SN LED PHILCO   "
20200307,9OCT1901,25355,"TELEVISOR SMART 43"" UN43J5290 SAMSUNG        "
20200307,9OCT1901,21653,SUPORTE TV UNIVERSAL LCD/LED 10 A 71 SBRUB750
20200307,9OBX8Q01,26243,SUPORTE UNIV. BEDIN BU-25                    
20200307,9OLAEB01,21653,SUPORTE TV UNIVERSAL LCD/LED 10 A 71 SBRUB750
20200307,9OLAEB01,25546,"TELEVISOR SMART 32"" TC32FS600B PANASONIC     "
20200307,9OJLXE01,21653,SUPORTE TV UNIVERSAL LCD/LED 10 A 71 SBRUB750
20200307,9OIN8401,21653,SUPORTE TV UNIVERSAL LCD/LED 10 A 71 SBRUB750
20200307,9OIN8401,26179,"TELEVISOR SMART 32"" S3900S SEMP TCL          "
20200307,05665201,21653,SUPORTE TV UNIVERSAL LCD/LED 10 A 71 SBRUB750
20200307,17686801,25356,"TELEVISOR SMART 49"" UN49J5290 SAMSUNG        "
20200307,9OM3ZE01,25933,TABLET NB304 M7 3G PLUS QUAD CORE PRETO      
20200307,99EYB001,25193,SMARTPHONE SAMSUNG GAL J6 32GB PRATA         
20200307,9O6TYG01,25545,"TELEVISOR SMART 40"" TC40FS600B PANASONIC     "
20200307,9O6TYG01,21653,SUPORTE TV UNIVERSAL LCD/LED 10 A 71 SBRUB750
20200307,99F6DR01,21653,SUPORTE TV UNIVERSAL LCD/LED 10 A 71 SBRUB750
20200307,99F6DR01,25904,"TELEVISOR SMART 50"" UHD BT UN50RU7100 SAMSUNG"
20200307,25539101,25185,"TELEVISOR SMART 55"" 4K UN55NU7400 SAMSUNG    "
20200307,25539101,21653,SUPORTE TV UNIVERSAL LCD/LED 10 A 71 SBRUB750
20200307,74228001,21653,SUPORTE TV UNIVERSAL LCD/LED 10 A 71 SBRUB750
20200307,97860001,21653,SUPORTE TV UNIVERSAL LCD/LED 10 A 71 SBRUB750
20200307,97860001,25185,"TELEVISOR SMART 55"" 4K UN55NU7400 SAMSUNG    "
20200307,99LQQZ01,21653,SUPORTE TV UNIVERSAL LCD/LED 10 A 71 SBRUB750
20200307,9OQQ5301,25354,"TELEVISOR SMART 32"" UN32J4290 SAMSUNG        "
20200307,9OQQ5301,21653,SUPORTE TV UNIVERSAL LCD/LED 10 A 71 SBRUB750
20200307,9O69ZK01,25355,"TELEVISOR SMART 43"" UN43J5290 SAMSUNG        "
20200307,9O69ZK01,21653,SUPORTE TV UNIVERSAL LCD/LED 10 A 71 SBRUB750
20200307,9O7J7601,21653,SUPORTE TV UNIVERSAL LCD/LED 10 A 71 SBRUB750
20200307,9O7YKW01,25354,"TELEVISOR SMART 32"" UN32J4290 SAMSUNG        "
20200307,9O7YKW01,21653,SUPORTE TV UNIVERSAL LCD/LED 10 A 71 SBRUB750
20200307,9O2EJ101,24335,"TELEVISOR SMART 43"" L43S4900FS SEMP TCL      "
20200307,9O2EJ101,21653,SUPORTE TV UNIVERSAL LCD/LED 10 A 71 SBRUB750
20200307,99BVPS01,21653,SUPORTE TV UNIVERSAL LCD/LED 10 A 71 SBRUB750
20200307,99JZF101,25193,SMARTPHONE SAMSUNG GAL J6 32GB PRATA         
20200307,05166901,21653,SUPORTE TV UNIVERSAL LCD/LED 10 A 71 SBRUB750
20200307,99FDN001,25245,TABLET NB731 MINI MS50G DOURADO/BRANCO       
20200307,999SC401,21653,SUPORTE TV UNIVERSAL LCD/LED 10 A 71 SBRUB750
20200307,9O9KZQ01,21653,SUPORTE TV UNIVERSAL LCD/LED 10 A 71 SBRUB750
20200307,99CDYO01,25193,SMARTPHONE SAMSUNG GAL J6 32GB PRATA         
20200307,37188301,21653,SUPORTE TV UNIVERSAL LCD/LED 10 A 71 SBRUB750
20200307,50091701,24911,"TELEVISOR SMART 43"" S3900FS SEMP TCL         "
20200307,9O5DAW01,21653,SUPORTE TV UNIVERSAL LCD/LED 10 A 71 SBRUB750
20200307,9ONVT801,25250,SMARTPHONE SAMSUNG GAL J6 64GB DB VIOLETA    
20200307,9ONVT801,21653,SUPORTE TV UNIVERSAL LCD/LED 10 A 71 SBRUB750
20200307,9999ST01,21653,SUPORTE TV UNIVERSAL LCD/LED 10 A 71 SBRUB750
20200307,9OCF3S01,21653,SUPORTE TV UNIVERSAL LCD/LED 10 A 71 SBRUB750
20200307,9OAXWM01,21653,SUPORTE TV UNIVERSAL LCD/LED 10 A 71 SBRUB750
20200307,69889401,21653,SUPORTE TV UNIVERSAL LCD/LED 10 A 71 SBRUB750
20200307,9O2L1101,21653,SUPORTE TV UNIVERSAL LCD/LED 10 A 71 SBRUB750
20200307,07887601,21653,SUPORTE TV UNIVERSAL LCD/LED 10 A 71 SBRUB750
20200307,99JIV601,21653,SUPORTE TV UNIVERSAL LCD/LED 10 A 71 SBRUB750
20200307,9ORDZI01,25730,SMARTPHONE SAMSUNG GAL J4 CORE 16GB AZUL     
20200307,84609401,25586,SMARTPHONE RIU EKO 4.0 PRETO                 
20200307,02737201,21653,SUPORTE TV UNIVERSAL LCD/LED 10 A 71 SBRUB750
20200307,9OPMAS01,26243,SUPORTE UNIV. BEDIN BU-25                    
20200307,YZ09N101,25354,"TELEVISOR SMART 32"" UN32J4290 SAMSUNG        "
20200307,YZ09N101,21653,SUPORTE TV UNIVERSAL LCD/LED 10 A 71 SBRUB750
20200307,YZ0A6201,21653,SUPORTE TV UNIVERSAL LCD/LED 10 A 71 SBRUB750
20200307,9NYIVI01,20385,TABLET NB184 M7S QUAD CORE PRETO             
20200307,17170701,21653,SUPORTE TV UNIVERSAL LCD/LED 10 A 71 SBRUB750
20200307,YYZDMZ01,24375,"TELEVISOR SMART 49"" 4K 49UJ6565 LG           "
20200307,YZ027501,21653,SUPORTE TV UNIVERSAL LCD/LED 10 A 71 SBRUB750
20200307,YZ027501,25303,"TELEVISOR SMART 32"" TC32FS500B PANASONIC     "
20200307,000RZ901,23374,"TELEVISOR SMART 32"" KDL-32W655D SONY         "
20200307,000RZ901,21653,SUPORTE TV UNIVERSAL LCD/LED 10 A 71 SBRUB750
20200307,000RZ901,26527,SMARTPHONE LG K40S LMX430 BMW PRETO          
20200306,09503901,21653,SUPORTE TV UNIVERSAL LCD/LED 10 A 71 SBRUB750
20200306,99A9OQ01,21653,SUPORTE TV UNIVERSAL LCD/LED 10 A 71 SBRUB750
20200306,99A9OQ01,25356,"TELEVISOR SMART 49"" UN49J5290 SAMSUNG        "
20200306,11425201,21653,SUPORTE TV UNIVERSAL LCD/LED 10 A 71 SBRUB750
20200306,11425201,24335,"TELEVISOR SMART 43"" L43S4900FS SEMP TCL      "
20200306,18474801,21653,SUPORTE TV UNIVERSAL LCD/LED 10 A 71 SBRUB750
20200306,99JV6T01,21653,SUPORTE TV UNIVERSAL LCD/LED 10 A 71 SBRUB750
20200306,99JV6T01,25356,"TELEVISOR SMART 49"" UN49J5290 SAMSUNG        "
20200306,99HRUJ01,21653,SUPORTE TV UNIVERSAL LCD/LED 10 A 71 SBRUB750
20200306,28206601,21653,SUPORTE TV UNIVERSAL LCD/LED 10 A 71 SBRUB750
20200306,9OEUU601,24911,"TELEVISOR SMART 43"" S3900FS SEMP TCL         "
20200306,9OEUU601,21653,SUPORTE TV UNIVERSAL LCD/LED 10 A 71 SBRUB750
20200306,9ONB6101,21653,SUPORTE TV UNIVERSAL LCD/LED 10 A 71 SBRUB750
20200306,9O54CN01,21653,SUPORTE TV UNIVERSAL LCD/LED 10 A 71 SBRUB750
20200306,9NZFZI01,24335,"TELEVISOR SMART 43"" L43S4900FS SEMP TCL      "
20200306,9NZFZI01,21653,SUPORTE TV UNIVERSAL LCD/LED 10 A 71 SBRUB750
20200306,9O8FM401,21653,SUPORTE TV UNIVERSAL LCD/LED 10 A 71 SBRUB750
20200306,99D57C01,21653,SUPORTE TV UNIVERSAL LCD/LED 10 A 71 SBRUB750
20200306,82242601,21653,SUPORTE TV UNIVERSAL LCD/LED 10 A 71 SBRUB750
20200306,9OLPFX01,21653,SUPORTE TV UNIVERSAL LCD/LED 10 A 71 SBRUB750
20200306,9OK0XF01,19729,PEN DRIVE 8GB PD587 TWIST PRETO              
20200306,25697101,25189,"TELEVISOR SMART 55"" 4K QN55Q6FNA SAMSUNG     "
20200306,9O54ZP01,21653,SUPORTE TV UNIVERSAL LCD/LED 10 A 71 SBRUB750
20200306,21829201,21653,SUPORTE TV UNIVERSAL LCD/LED 10 A 71 SBRUB750
20200306,84608201,21653,SUPORTE TV UNIVERSAL LCD/LED 10 A 71 SBRUB750
20200306,98380401,21653,SUPORTE TV UNIVERSAL LCD/LED 10 A 71 SBRUB750
20200306,15856601,21653,SUPORTE TV UNIVERSAL LCD/LED 10 A 71 SBRUB750
20200306,05690501,21653,SUPORTE TV UNIVERSAL LCD/LED 10 A 71 SBRUB750
20200306,05690501,26243,SUPORTE UNIV. BEDIN BU-25                    
20200306,23820001,21653,SUPORTE TV UNIVERSAL LCD/LED 10 A 71 SBRUB750
20200306,13008801,25726,SMARTPHONE SAMSUNG GAL J2 CORE 16GB PRETO    
20200306,99NDWM01,26243,SUPORTE UNIV. BEDIN BU-25                    
20200306,90065101,21653,SUPORTE TV UNIVERSAL LCD/LED 10 A 71 SBRUB750
20200306,99F28Z01,21653,SUPORTE TV UNIVERSAL LCD/LED 10 A 71 SBRUB750
20200306,63744001,21653,SUPORTE TV UNIVERSAL LCD/LED 10 A 71 SBRUB750
20200306,63744001,26178,"TELEVISOR SMART 49"" 49SK6200 HD LED 4K SEMP T"
20200306,99D39U01,21653,SUPORTE TV UNIVERSAL LCD/LED 10 A 71 SBRUB750
20200306,06454801,21653,SUPORTE TV UNIVERSAL LCD/LED 10 A 71 SBRUB750
20200306,10798201,24716,RECEPTOR MIDIA BOX HDTV B3                   
20200306,10798201,21653,SUPORTE TV UNIVERSAL LCD/LED 10 A 71 SBRUB750
20200306,12552001,21653,SUPORTE TV UNIVERSAL LCD/LED 10 A 71 SBRUB750
20200306,99LP5G01,21653,SUPORTE TV UNIVERSAL LCD/LED 10 A 71 SBRUB750
20200306,23502601,24911,"TELEVISOR SMART 43"" S3900FS SEMP TCL         "
20200306,06630001,25354,"TELEVISOR SMART 32"" UN32J4290 SAMSUNG        "
20200306,06630001,21653,SUPORTE TV UNIVERSAL LCD/LED 10 A 71 SBRUB750
20200306,9OE0OR01,21653,SUPORTE TV UNIVERSAL LCD/LED 10 A 71 SBRUB750
20200306,9O8KHC01,21653,SUPORTE TV UNIVERSAL LCD/LED 10 A 71 SBRUB750
20200306,9O2OWI01,25435,TABLET NB732 MINI MS50X PRETO                
20200306,9OR7Z801,26528,SMARTPHONE LG K40S LMX430 BMW AZUL           
20200306,999IBK01,21653,SUPORTE TV UNIVERSAL LCD/LED 10 A 71 SBRUB750
20200306,99MH6E01,21653,SUPORTE TV UNIVERSAL LCD/LED 10 A 71 SBRUB750
20200306,9OETXZ01,25579,SMARTPHONE SAMSUNG GAL J6 PLUS 32GB PRATA    
20200306,99KZN701,21653,SUPORTE TV UNIVERSAL LCD/LED 10 A 71 SBRUB750
20200306,99KZN701,25355,"TELEVISOR SMART 43"" UN43J5290 SAMSUNG        "
20200306,99E93D01,21653,SUPORTE TV UNIVERSAL LCD/LED 10 A 71 SBRUB750
20200306,19746001,21653,SUPORTE TV UNIVERSAL LCD/LED 10 A 71 SBRUB750
20200306,9OE2AN01,21653,SUPORTE TV UNIVERSAL LCD/LED 10 A 71 SBRUB750
20200306,99274001,21653,SUPORTE TV UNIVERSAL LCD/LED 10 A 71 SBRUB750
20200306,01879801,21653,SUPORTE TV UNIVERSAL LCD/LED 10 A 71 SBRUB750
20200306,99GZXR01,25546,"TELEVISOR SMART 32"" TC32FS600B PANASONIC     "
20200306,99GZXR01,21653,SUPORTE TV UNIVERSAL LCD/LED 10 A 71 SBRUB750
20200306,9OHTD001,21653,SUPORTE TV UNIVERSAL LCD/LED 10 A 71 SBRUB750
20200306,44343201,21653,SUPORTE TV UNIVERSAL LCD/LED 10 A 71 SBRUB750
20200306,YZ095P01,21653,SUPORTE TV UNIVERSAL LCD/LED 10 A 71 SBRUB750
20200306,YZ08G001,25579,SMARTPHONE SAMSUNG GAL J6 PLUS 32GB PRATA    
20200306,YZ09BF01,21653,SUPORTE TV UNIVERSAL LCD/LED 10 A 71 SBRUB750
20200306,9O63LR01,21653,SUPORTE TV UNIVERSAL LCD/LED 10 A 71 SBRUB750
20200306,YZ09C701,26326,"TELEVISOR SMART 50"" 50P8M 4K UHD BLT SEMP TCL"
20200306,YZ09C701,21653,SUPORTE TV UNIVERSAL LCD/LED 10 A 71 SBRUB750
20200306,YZ09ER01,23904,"TELEVISOR SMART 49"" UN49J5200 SAMSUNG        "
20200306,YZ09ER01,21653,SUPORTE TV UNIVERSAL LCD/LED 10 A 71 SBRUB750
20200306,YZ09DT01,21653,SUPORTE TV UNIVERSAL LCD/LED 10 A 71 SBRUB750
20200306,YZ099P01,21653,SUPORTE TV UNIVERSAL LCD/LED 10 A 71 SBRUB750
20200306,YZ02PJ01,21653,SUPORTE TV UNIVERSAL LCD/LED 10 A 71 SBRUB750
20200306,YZ02PJ01,25738,"TELEVISOR SMART 43"" PTV43E60SN LED PHILCO    "
20200306,99DLS901,26243,SUPORTE UNIV. BEDIN BU-25                    
20200305,YZ08P801,21653,SUPORTE TV UNIVERSAL LCD/LED 10 A 71 SBRUB750
20200305,YZ06ME01,21653,SUPORTE TV UNIVERSAL LCD/LED 10 A 71 SBRUB750
20200305,YZ08OQ01,21653,SUPORTE TV UNIVERSAL LCD/LED 10 A 71 SBRUB750
20200305,YZ08HK01,21653,SUPORTE TV UNIVERSAL LCD/LED 10 A 71 SBRUB750
20200305,YZ06I801,21653,SUPORTE TV UNIVERSAL LCD/LED 10 A 71 SBRUB750
20200305,YZ08LF01,21653,SUPORTE TV UNIVERSAL LCD/LED 10 A 71 SBRUB750
20200305,YZ08G001,21653,SUPORTE TV UNIVERSAL LCD/LED 10 A 71 SBRUB750
20200305,99NCY101,21653,SUPORTE TV UNIVERSAL LCD/LED 10 A 71 SBRUB750
20200305,YZ07GQ01,21653,SUPORTE TV UNIVERSAL LCD/LED 10 A 71 SBRUB750
20200305,9O5ZCW01,21653,SUPORTE TV UNIVERSAL LCD/LED 10 A 71 SBRUB750
20200305,9O52OZ01,19729,PEN DRIVE 8GB PD587 TWIST PRETO              
20200305,98820201,25554,TELEVISOR SMART 32 PTV32N87SA LED PHILCO     
20200305,98820201,21653,SUPORTE TV UNIVERSAL LCD/LED 10 A 71 SBRUB750
20200305,01126101,21653,SUPORTE TV UNIVERSAL LCD/LED 10 A 71 SBRUB750
20200305,90309101,26582,SMARTPHONE MOTOROLA MOTO G8 PLAY 32GB VERM   
20200305,9OLY7W01,25582,SMARTPHONE LG K11 PLUS DB DOURADO            
20200305,9OLY7W01,23376,"TELEVISOR SMART 48"" KDL-48W655D SONY         "
20200305,9OLY7W01,21653,SUPORTE TV UNIVERSAL LCD/LED 10 A 71 SBRUB750
20200305,48639501,25193,SMARTPHONE SAMSUNG GAL J6 32GB PRATA         
20200305,99NBJ701,21653,SUPORTE TV UNIVERSAL LCD/LED 10 A 71 SBRUB750
20200305,9NXZ5C01,21653,SUPORTE TV UNIVERSAL LCD/LED 10 A 71 SBRUB750
20200305,99EHER01,21653,SUPORTE TV UNIVERSAL LCD/LED 10 A 71 SBRUB750
20200305,05543801,21653,SUPORTE TV UNIVERSAL LCD/LED 10 A 71 SBRUB750
20200305,99HS1R01,21653,SUPORTE TV UNIVERSAL LCD/LED 10 A 71 SBRUB750
20200305,9OOKFB01,21653,SUPORTE TV UNIVERSAL LCD/LED 10 A 71 SBRUB750
20200305,9OOKFB01,26324,"TELEVISOR SMART 32"" 32S5300 HD BLUET SEMP TCL"
20200305,9O9EFR01,21653,SUPORTE TV UNIVERSAL LCD/LED 10 A 71 SBRUB750
20200305,99DPIZ01,21653,SUPORTE TV UNIVERSAL LCD/LED 10 A 71 SBRUB750
20200305,14024001,21653,SUPORTE TV UNIVERSAL LCD/LED 10 A 71 SBRUB750
20200305,14024001,25435,TABLET NB732 MINI MS50X PRETO                
20200305,14024001,26324,"TELEVISOR SMART 32"" 32S5300 HD BLUET SEMP TCL"
20200305,9O99L701,21653,SUPORTE TV UNIVERSAL LCD/LED 10 A 71 SBRUB750
20200305,9OD83K01,21653,SUPORTE TV UNIVERSAL LCD/LED 10 A 71 SBRUB750
20200305,9OCBR301,25996,"TELEVISOR 32"" 32S6500S HD LED SEMP TCL       "
20200305,9O0SVX01,21653,SUPORTE TV UNIVERSAL LCD/LED 10 A 71 SBRUB750
20200305,9O21GY01,21653,SUPORTE TV UNIVERSAL LCD/LED 10 A 71 SBRUB750
20200305,99JY7C01,21653,SUPORTE TV UNIVERSAL LCD/LED 10 A 71 SBRUB750
20200305,99JTVK01,21653,SUPORTE TV UNIVERSAL LCD/LED 10 A 71 SBRUB750
20200305,99IYYR01,25726,SMARTPHONE SAMSUNG GAL J2 CORE 16GB PRETO    
20200305,68031801,21653,SUPORTE TV UNIVERSAL LCD/LED 10 A 71 SBRUB750
20200305,57882701,21653,SUPORTE TV UNIVERSAL LCD/LED 10 A 71 SBRUB750
20200305,57882701,25904,"TELEVISOR SMART 50"" UHD BT UN50RU7100 SAMSUNG"
20200305,76706001,21653,SUPORTE TV UNIVERSAL LCD/LED 10 A 71 SBRUB750
20200305,79384001,21653,SUPORTE TV UNIVERSAL LCD/LED 10 A 71 SBRUB750
20200305,79384001,25996,"TELEVISOR 32"" 32S6500S HD LED SEMP TCL       "
20200305,14288501,21653,SUPORTE TV UNIVERSAL LCD/LED 10 A 71 SBRUB750
20200305,14288501,25738,"TELEVISOR SMART 43"" PTV43E60SN LED PHILCO    "
20200305,75945301,21653,SUPORTE TV UNIVERSAL LCD/LED 10 A 71 SBRUB750
20200305,73527501,21653,SUPORTE TV UNIVERSAL LCD/LED 10 A 71 SBRUB750
20200305,11517401,26574,SMARTPHONE SAMSUNG GAL A30S 64GB BRANCO      
20200305,72720501,21653,SUPORTE TV UNIVERSAL LCD/LED 10 A 71 SBRUB750
20200305,9O3UHU01,21653,SUPORTE TV UNIVERSAL LCD/LED 10 A 71 SBRUB750
20200305,99DWT801,21653,SUPORTE TV UNIVERSAL LCD/LED 10 A 71 SBRUB750
20200305,99EA6C01,22506,ROTEADOR RE057 150MBPS 1 ANT.4PTS.LAN        
20200305,9OMDBO01,21653,SUPORTE TV UNIVERSAL LCD/LED 10 A 71 SBRUB750
20200305,9OK3JC01,21653,SUPORTE TV UNIVERSAL LCD/LED 10 A 71 SBRUB750
20200305,9OAUOU01,21653,SUPORTE TV UNIVERSAL LCD/LED 10 A 71 SBRUB750
20200305,90547701,21653,SUPORTE TV UNIVERSAL LCD/LED 10 A 71 SBRUB750
20200305,9OAUOU01,25545,"TELEVISOR SMART 40"" TC40FS600B PANASONIC     "
20200305,07046601,21653,SUPORTE TV UNIVERSAL LCD/LED 10 A 71 SBRUB750
20200305,99E4VL01,25545,"TELEVISOR SMART 40"" TC40FS600B PANASONIC     "
20200305,99E4VL01,21653,SUPORTE TV UNIVERSAL LCD/LED 10 A 71 SBRUB750
20200305,55692201,21653,SUPORTE TV UNIVERSAL LCD/LED 10 A 71 SBRUB750
20200305,9OADS901,21653,SUPORTE TV UNIVERSAL LCD/LED 10 A 71 SBRUB750
20200305,99ME9U01,21653,SUPORTE TV UNIVERSAL LCD/LED 10 A 71 SBRUB750
20200305,99I87F01,26325,"TELEVISOR SMART 43"" 43S5300 HD BLUET SEMP TCL"
20200305,99I87F01,21653,SUPORTE TV UNIVERSAL LCD/LED 10 A 71 SBRUB750
20200305,99GOQG01,21653,SUPORTE TV UNIVERSAL LCD/LED 10 A 71 SBRUB750
20200305,99EEE601,21653,SUPORTE TV UNIVERSAL LCD/LED 10 A 71 SBRUB750
20200305,94950801,21653,SUPORTE TV UNIVERSAL LCD/LED 10 A 71 SBRUB750
20200305,94950801,25996,"TELEVISOR 32"" 32S6500S HD LED SEMP TCL       "
20200305,45791601,21653,SUPORTE TV UNIVERSAL LCD/LED 10 A 71 SBRUB750
20200304,12053201,21653,SUPORTE TV UNIVERSAL LCD/LED 10 A 71 SBRUB750
20200304,12053201,25186,"TELEVISOR SMART 55"" 4K UN55NU7100 SAMSUNG    "
20200304,00572701,21653,SUPORTE TV UNIVERSAL LCD/LED 10 A 71 SBRUB750
20200304,9OE40G01,26548,SMARTPHONE SAMSUNG GAL A10S 32GB VERMELHO    
20200304,9OFH3201,21653,SUPORTE TV UNIVERSAL LCD/LED 10 A 71 SBRUB750
20200304,9OBKV501,25546,"TELEVISOR SMART 32"" TC32FS600B PANASONIC     "
20200304,9OBKV501,21653,SUPORTE TV UNIVERSAL LCD/LED 10 A 71 SBRUB750
20200304,9O95W701,25355,"TELEVISOR SMART 43"" UN43J5290 SAMSUNG        "
20200304,9O95W701,21653,SUPORTE TV UNIVERSAL LCD/LED 10 A 71 SBRUB750
20200304,9O72G501,25355,"TELEVISOR SMART 43"" UN43J5290 SAMSUNG        "
20200304,9O72G501,21653,SUPORTE TV UNIVERSAL LCD/LED 10 A 71 SBRUB750
20200304,77271801,21653,SUPORTE TV UNIVERSAL LCD/LED 10 A 71 SBRUB750
20200304,24046601,23966,"TELEVISOR SMART 32"" PH32B51DSWGA PHILCO      "
20200304,25051001,26243,SUPORTE UNIV. BEDIN BU-25                    
20200304,99I84M01,25726,SMARTPHONE SAMSUNG GAL J2 CORE 16GB PRETO    
20200304,96353601,21653,SUPORTE TV UNIVERSAL LCD/LED 10 A 71 SBRUB750
20200304,9OK7EG01,21653,SUPORTE TV UNIVERSAL LCD/LED 10 A 71 SBRUB750
20200304,9OIVIR01,25726,SMARTPHONE SAMSUNG GAL J2 CORE 16GB PRETO    
20200304,9OIVIR01,25356,"TELEVISOR SMART 49"" UN49J5290 SAMSUNG        "
20200304,9OIVIR01,21653,SUPORTE TV UNIVERSAL LCD/LED 10 A 71 SBRUB750
20200304,91204001,21653,SUPORTE TV UNIVERSAL LCD/LED 10 A 71 SBRUB750
20200304,98380401,25554,TELEVISOR SMART 32 PTV32N87SA LED PHILCO     
20200304,99NDWM01,21653,SUPORTE TV UNIVERSAL LCD/LED 10 A 71 SBRUB750
20200304,88553301,21653,SUPORTE TV UNIVERSAL LCD/LED 10 A 71 SBRUB750
20200304,22954001,21653,SUPORTE TV UNIVERSAL LCD/LED 10 A 71 SBRUB750
20200304,99CKKN01,21653,SUPORTE TV UNIVERSAL LCD/LED 10 A 71 SBRUB750
20200304,9NZZAU01,22617,CELULAR RIU-I R200 DB PRETO-VERMELHO         
20200304,95245301,25189,"TELEVISOR SMART 55"" 4K QN55Q6FNA SAMSUNG     "
20200304,95245301,21653,SUPORTE TV UNIVERSAL LCD/LED 10 A 71 SBRUB750
20200304,9O9UGY01,21647,DVD D-15 KARAOKE MONDIAL                     
20200304,9O4ZQO01,21653,SUPORTE TV UNIVERSAL LCD/LED 10 A 71 SBRUB750
20200304,9O495201,21653,SUPORTE TV UNIVERSAL LCD/LED 10 A 71 SBRUB750
20200304,9O495201,25356,"TELEVISOR SMART 49"" UN49J5290 SAMSUNG        "
20200304,11360801,24716,RECEPTOR MIDIA BOX HDTV B3                   
20200304,99DNLE01,21653,SUPORTE TV UNIVERSAL LCD/LED 10 A 71 SBRUB750
20200304,99DNLE01,25904,"TELEVISOR SMART 50"" UHD BT UN50RU7100 SAMSUNG"
20200304,99KZN701,26572,SMARTPHONE SAMSUNG GAL A20S 32GB VERMELHO    
20200304,9O68KL01,21653,SUPORTE TV UNIVERSAL LCD/LED 10 A 71 SBRUB750
20200304,9NZMT401,25250,SMARTPHONE SAMSUNG GAL J6 64GB DB VIOLETA    
20200304,70762101,21653,SUPORTE TV UNIVERSAL LCD/LED 10 A 71 SBRUB750
20200304,16535401,26243,SUPORTE UNIV. BEDIN BU-25                    
20200304,99F08L01,23904,"TELEVISOR SMART 49"" UN49J5200 SAMSUNG        "
20200304,98901401,21653,SUPORTE TV UNIVERSAL LCD/LED 10 A 71 SBRUB750
20200304,98901401,25554,TELEVISOR SMART 32 PTV32N87SA LED PHILCO     
20200304,YZ085Z01,21653,SUPORTE TV UNIVERSAL LCD/LED 10 A 71 SBRUB750
20200304,99F08L01,21653,SUPORTE TV UNIVERSAL LCD/LED 10 A 71 SBRUB750
20200304,YZ07P701,21653,SUPORTE TV UNIVERSAL LCD/LED 10 A 71 SBRUB750
20200304,YYYBC201,25355,"TELEVISOR SMART 43"" UN43J5290 SAMSUNG        "
20200304,YYYBC201,21653,SUPORTE TV UNIVERSAL LCD/LED 10 A 71 SBRUB750
20200304,YZ07LR01,21653,SUPORTE TV UNIVERSAL LCD/LED 10 A 71 SBRUB750
20200304,YYZWTE01,21653,SUPORTE TV UNIVERSAL LCD/LED 10 A 71 SBRUB750
20200304,YZ07XW01,25729,SMARTPHONE SAMSUNG GAL J4 CORE 16GB COBRE    
20200304,YZ07JK01,21653,SUPORTE TV UNIVERSAL LCD/LED 10 A 71 SBRUB750
20200304,YZ07Z801,21653,SUPORTE TV UNIVERSAL LCD/LED 10 A 71 SBRUB750
20200304,YZ07QK01,21653,SUPORTE TV UNIVERSAL LCD/LED 10 A 71 SBRUB750
20200304,YZ084V01,21653,SUPORTE TV UNIVERSAL LCD/LED 10 A 71 SBRUB750
20200304,YZ083Z01,21653,SUPORTE TV UNIVERSAL LCD/LED 10 A 71 SBRUB750
20200304,YZ083Z01,25546,"TELEVISOR SMART 32"" TC32FS600B PANASONIC     "
20200303,999KQN01,21653,SUPORTE TV UNIVERSAL LCD/LED 10 A 71 SBRUB750
20200303,04903801,21653,SUPORTE TV UNIVERSAL LCD/LED 10 A 71 SBRUB750
20200303,97685801,21653,SUPORTE TV UNIVERSAL LCD/LED 10 A 71 SBRUB750
20200303,55692201,25546,"TELEVISOR SMART 32"" TC32FS600B PANASONIC     "
20200303,9OAN7901,21653,SUPORTE TV UNIVERSAL LCD/LED 10 A 71 SBRUB750
20200303,9OF96L01,25738,"TELEVISOR SMART 43"" PTV43E60SN LED PHILCO    "
20200303,9OF96L01,21653,SUPORTE TV UNIVERSAL LCD/LED 10 A 71 SBRUB750
20200303,9ODPPJ01,21653,SUPORTE TV UNIVERSAL LCD/LED 10 A 71 SBRUB750
20200303,9OBVAX01,21653,SUPORTE TV UNIVERSAL LCD/LED 10 A 71 SBRUB750
20200303,9O4S5H01,26528,SMARTPHONE LG K40S LMX430 BMW AZUL           
20200303,99D1CV01,21653,SUPORTE TV UNIVERSAL LCD/LED 10 A 71 SBRUB750
20200303,74661201,25579,SMARTPHONE SAMSUNG GAL J6 PLUS 32GB PRATA    
20200303,74661201,25904,"TELEVISOR SMART 50"" UHD BT UN50RU7100 SAMSUNG"
20200303,74661201,21653,SUPORTE TV UNIVERSAL LCD/LED 10 A 71 SBRUB750
20200303,99QNGV01,21653,SUPORTE TV UNIVERSAL LCD/LED 10 A 71 SBRUB750
20200303,13668101,21653,SUPORTE TV UNIVERSAL LCD/LED 10 A 71 SBRUB750
20200303,02102901,25718,"TELEVISOR SMART 50"" 50P65US ULTRA HD 4K      "
20200303,02102901,21653,SUPORTE TV UNIVERSAL LCD/LED 10 A 71 SBRUB750
20200303,20356301,25367,TABLET NB729 MINI MS40G BRANCO               
20200303,90449301,21653,SUPORTE TV UNIVERSAL LCD/LED 10 A 71 SBRUB750
20200303,19144901,23802,BOOMBOX BX-19 BIVOLT UP DYNAMIC              
20200303,99GH8K01,21653,SUPORTE TV UNIVERSAL LCD/LED 10 A 71 SBRUB750
20200303,99GH8K01,25996,"TELEVISOR 32"" 32S6500S HD LED SEMP TCL       "
20200303,66749001,26423,CAIXA AMPLIFICADA CM-09 CONNECT DJ CONTROLLER
20200303,999DPG01,25997,"TELEVISOR 40"" 40S6500FS HD LED SEMP TCL      "
20200303,999DPG01,21653,SUPORTE TV UNIVERSAL LCD/LED 10 A 71 SBRUB750
20200303,17541401,25356,"TELEVISOR SMART 49"" UN49J5290 SAMSUNG        "
20200303,17541401,21653,SUPORTE TV UNIVERSAL LCD/LED 10 A 71 SBRUB750
20200303,9O3UHU01,25356,"TELEVISOR SMART 49"" UN49J5290 SAMSUNG        "
20200303,18177801,21653,SUPORTE TV UNIVERSAL LCD/LED 10 A 71 SBRUB750
20200303,99FKP401,21653,SUPORTE TV UNIVERSAL LCD/LED 10 A 71 SBRUB750
20200303,99D61Q01,21653,SUPORTE TV UNIVERSAL LCD/LED 10 A 71 SBRUB750
20200303,13097301,21653,SUPORTE TV UNIVERSAL LCD/LED 10 A 71 SBRUB750
20200303,15163101,25580,SMARTPHONE SAMSUNG GAL J6 PLUS 32GB PRETO    
20200303,61906701,21653,SUPORTE TV UNIVERSAL LCD/LED 10 A 71 SBRUB750
20200303,61906701,25546,"TELEVISOR SMART 32"" TC32FS600B PANASONIC     "
20200303,99EZ4G01,21653,SUPORTE TV UNIVERSAL LCD/LED 10 A 71 SBRUB750
20200303,99EZ4G01,25545,"TELEVISOR SMART 40"" TC40FS600B PANASONIC     "
20200303,89999601,21653,SUPORTE TV UNIVERSAL LCD/LED 10 A 71 SBRUB750
20200303,89999601,23779,"TELEVISOR SMART 49"" 49LJ5550 LG              "
20200303,99BHLK01,21653,SUPORTE TV UNIVERSAL LCD/LED 10 A 71 SBRUB750
20200303,20290201,25183,"TELEVISOR SMART 43"" 4K UN43NU7100 SAMSUNG    "
20200303,96469901,21653,SUPORTE TV UNIVERSAL LCD/LED 10 A 71 SBRUB750
20200303,9NZ9VF01,21653,SUPORTE TV UNIVERSAL LCD/LED 10 A 71 SBRUB750
20200303,9NZ9VF01,25737,"TELEVISOR SMART 32"" PTV32 G50SN LED PHILCO   "
20200303,9OQ8OO01,21653,SUPORTE TV UNIVERSAL LCD/LED 10 A 71 SBRUB750
20200303,99LP5G01,26243,SUPORTE UNIV. BEDIN BU-25                    
20200303,14461101,21653,SUPORTE TV UNIVERSAL LCD/LED 10 A 71 SBRUB750
20200303,9OHBUL01,25356,"TELEVISOR SMART 49"" UN49J5290 SAMSUNG        "
20200303,9OHBUL01,21653,SUPORTE TV UNIVERSAL LCD/LED 10 A 71 SBRUB750
20200303,9O9SLL01,21653,SUPORTE TV UNIVERSAL LCD/LED 10 A 71 SBRUB750
20200303,9O0TRR01,21653,SUPORTE TV UNIVERSAL LCD/LED 10 A 71 SBRUB750
20200303,9O2ZUP01,21653,SUPORTE TV UNIVERSAL LCD/LED 10 A 71 SBRUB750
20200303,41568801,26243,SUPORTE UNIV. BEDIN BU-25                    
20200303,99IIF801,21653,SUPORTE TV UNIVERSAL LCD/LED 10 A 71 SBRUB750
20200303,9O2Y5201,21653,SUPORTE TV UNIVERSAL LCD/LED 10 A 71 SBRUB750
20200303,99JDRM01,21653,SUPORTE TV UNIVERSAL LCD/LED 10 A 71 SBRUB750
20200303,16246101,21653,SUPORTE TV UNIVERSAL LCD/LED 10 A 71 SBRUB750
20200303,9O0H6401,21653,SUPORTE TV UNIVERSAL LCD/LED 10 A 71 SBRUB750
20200303,99JTHR01,21653,SUPORTE TV UNIVERSAL LCD/LED 10 A 71 SBRUB750
20200303,00189701,21653,SUPORTE TV UNIVERSAL LCD/LED 10 A 71 SBRUB750
20200303,9OBCQZ01,26013,SMARTPHONE SAMSUNG GAL A50  A505 64GB BRANCO 
20200303,16689401,21653,SUPORTE TV UNIVERSAL LCD/LED 10 A 71 SBRUB750
20200303,16689401,26179,"TELEVISOR SMART 32"" S3900S SEMP TCL          "
20200303,42932901,21653,SUPORTE TV UNIVERSAL LCD/LED 10 A 71 SBRUB750
20200303,YYYV2701,21653,SUPORTE TV UNIVERSAL LCD/LED 10 A 71 SBRUB750
20200303,YYZ51J01,23904,"TELEVISOR SMART 49"" UN49J5200 SAMSUNG        "
20200303,41842801,25546,"TELEVISOR SMART 32"" TC32FS600B PANASONIC     "
20200303,41842801,21653,SUPORTE TV UNIVERSAL LCD/LED 10 A 71 SBRUB750
20200303,YZ06TF01,25738,"TELEVISOR SMART 43"" PTV43E60SN LED PHILCO    "
20200303,YZ06TF01,21653,SUPORTE TV UNIVERSAL LCD/LED 10 A 71 SBRUB750
20200303,YYZ09A01,21653,SUPORTE TV UNIVERSAL LCD/LED 10 A 71 SBRUB750
20200303,YZ071S01,26178,"TELEVISOR SMART 49"" 49SK6200 HD LED 4K SEMP T"
20200303,YZ071S01,21653,SUPORTE TV UNIVERSAL LCD/LED 10 A 71 SBRUB750
20200303,YZ06ZN01,21653,SUPORTE TV UNIVERSAL LCD/LED 10 A 71 SBRUB750
20200303,YZ073O01,21653,SUPORTE TV UNIVERSAL LCD/LED 10 A 71 SBRUB750
20200303,YZ05OM01,21653,SUPORTE TV UNIVERSAL LCD/LED 10 A 71 SBRUB750
20200303,000ZO101,21653,SUPORTE TV UNIVERSAL LCD/LED 10 A 71 SBRUB750
20200303,000ZO101,25303,"TELEVISOR SMART 32"" TC32FS500B PANASONIC     "
20200302,25587201,21653,SUPORTE TV UNIVERSAL LCD/LED 10 A 71 SBRUB750
20200302,00306601,21653,SUPORTE TV UNIVERSAL LCD/LED 10 A 71 SBRUB750
20200302,75124101,21653,SUPORTE TV UNIVERSAL LCD/LED 10 A 71 SBRUB750
20200302,999T0Y01,21653,SUPORTE TV UNIVERSAL LCD/LED 10 A 71 SBRUB750
20200302,999T0Y01,25997,"TELEVISOR 40"" 40S6500FS HD LED SEMP TCL      "
20200302,9O9EUA01,24368,ROTEADOR RE184 1200MBPS AC DUAL              
20200302,38380001,21653,SUPORTE TV UNIVERSAL LCD/LED 10 A 71 SBRUB750
20200302,63605401,21653,SUPORTE TV UNIVERSAL LCD/LED 10 A 71 SBRUB750
20200302,87352601,26635,CELULAR SEMP GO 1E 2G COM BASE PRETO         
20200302,9ON5CQ01,21653,SUPORTE TV UNIVERSAL LCD/LED 10 A 71 SBRUB750
20200302,9ODNBX01,21653,SUPORTE TV UNIVERSAL LCD/LED 10 A 71 SBRUB750
20200302,9O86S501,21653,SUPORTE TV UNIVERSAL LCD/LED 10 A 71 SBRUB750
20200302,9O0ESC01,22616,CELULAR RIU-I R200 DB PRETO-AZUL             
20200302,9NWI4A01,25738,"TELEVISOR SMART 43"" PTV43E60SN LED PHILCO    "
20200302,9NWI4A01,21653,SUPORTE TV UNIVERSAL LCD/LED 10 A 71 SBRUB750
20200302,9NZ1GB01,21653,SUPORTE TV UNIVERSAL LCD/LED 10 A 71 SBRUB750
20200302,13668101,26324,"TELEVISOR SMART 32"" 32S5300 HD BLUET SEMP TCL"
20200302,999RC201,21653,SUPORTE TV UNIVERSAL LCD/LED 10 A 71 SBRUB750
20200302,9ONQUO01,21653,SUPORTE TV UNIVERSAL LCD/LED 10 A 71 SBRUB750
20200302,76686301,26590,RADIO PORTATIL TR04B C/CD/BLUETOOTH SEMP     
20200302,21430101,25356,"TELEVISOR SMART 49"" UN49J5290 SAMSUNG        "
20200302,21430101,21653,SUPORTE TV UNIVERSAL LCD/LED 10 A 71 SBRUB750
20200302,17218601,21653,SUPORTE TV UNIVERSAL LCD/LED 10 A 71 SBRUB750
20200302,9NXAIT01,21653,SUPORTE TV UNIVERSAL LCD/LED 10 A 71 SBRUB750
20200302,9OORDV01,25729,SMARTPHONE SAMSUNG GAL J4 CORE 16GB COBRE    
20200302,9OORDV01,25729,SMARTPHONE SAMSUNG GAL J4 CORE 16GB COBRE    
20200302,9OOJCX01,22506,ROTEADOR RE057 150MBPS 1 ANT.4PTS.LAN        
20200302,20090201,21653,SUPORTE TV UNIVERSAL LCD/LED 10 A 71 SBRUB750
20200302,9OQV3R01,24716,RECEPTOR MIDIA BOX HDTV B3                   
20200302,22277301,21653,SUPORTE TV UNIVERSAL LCD/LED 10 A 71 SBRUB750
20200302,9O0K9P01,26243,SUPORTE UNIV. BEDIN BU-25                    
20200302,99BGQF01,25546,"TELEVISOR SMART 32"" TC32FS600B PANASONIC     "
20200302,99BGQF01,21653,SUPORTE TV UNIVERSAL LCD/LED 10 A 71 SBRUB750
20200302,59922301,21653,SUPORTE TV UNIVERSAL LCD/LED 10 A 71 SBRUB750
20200302,90986301,21653,SUPORTE TV UNIVERSAL LCD/LED 10 A 71 SBRUB750
20200302,99GAF001,25738,"TELEVISOR SMART 43"" PTV43E60SN LED PHILCO    "
20200302,99GAF001,25738,"TELEVISOR SMART 43"" PTV43E60SN LED PHILCO    "
20200302,99GAF001,21653,SUPORTE TV UNIVERSAL LCD/LED 10 A 71 SBRUB750
20200302,99GAF001,21653,SUPORTE TV UNIVERSAL LCD/LED 10 A 71 SBRUB750
20200302,99DDNF01,21653,SUPORTE TV UNIVERSAL LCD/LED 10 A 71 SBRUB750
20200302,14091101,21653,SUPORTE TV UNIVERSAL LCD/LED 10 A 71 SBRUB750
20200302,95823601,21653,SUPORTE TV UNIVERSAL LCD/LED 10 A 71 SBRUB750
20200302,65981201,21653,SUPORTE TV UNIVERSAL LCD/LED 10 A 71 SBRUB750
20200302,65981201,21653,SUPORTE TV UNIVERSAL LCD/LED 10 A 71 SBRUB750
20200302,03188701,21653,SUPORTE TV UNIVERSAL LCD/LED 10 A 71 SBRUB750
20200302,87160601,21653,SUPORTE TV UNIVERSAL LCD/LED 10 A 71 SBRUB750
20200302,57870201,21653,SUPORTE TV UNIVERSAL LCD/LED 10 A 71 SBRUB750
20200302,9O6KVO01,21653,SUPORTE TV UNIVERSAL LCD/LED 10 A 71 SBRUB750
20200302,99JS1V01,21653,SUPORTE TV UNIVERSAL LCD/LED 10 A 71 SBRUB750
20200302,99KB3Y01,21653,SUPORTE TV UNIVERSAL LCD/LED 10 A 71 SBRUB750
20200302,9OR4IO01,21653,SUPORTE TV UNIVERSAL LCD/LED 10 A 71 SBRUB750
20200302,9OQJLT01,21653,SUPORTE TV UNIVERSAL LCD/LED 10 A 71 SBRUB750
20200302,02342901,25436,TABLET NB733 MINI MS50X AZUL/PRETO           
20200302,02342901,25436,TABLET NB733 MINI MS50X AZUL/PRETO           
20200302,9OBHWN01,26635,CELULAR SEMP GO 1E 2G COM BASE PRETO         
20200302,99CKQE01,21653,SUPORTE TV UNIVERSAL LCD/LED 10 A 71 SBRUB750
20200302,23328101,23376,"TELEVISOR SMART 48"" KDL-48W655D SONY         "
20200302,23328101,21653,SUPORTE TV UNIVERSAL LCD/LED 10 A 71 SBRUB750
20200302,9OG3UN01,21653,SUPORTE TV UNIVERSAL LCD/LED 10 A 71 SBRUB750
20200302,9O47P501,21653,SUPORTE TV UNIVERSAL LCD/LED 10 A 71 SBRUB750
20200302,15632901,21653,SUPORTE TV UNIVERSAL LCD/LED 10 A 71 SBRUB750
20200302,70809101,23376,"TELEVISOR SMART 48"" KDL-48W655D SONY         "
20200302,70809101,21653,SUPORTE TV UNIVERSAL LCD/LED 10 A 71 SBRUB750
20200302,99BSJF01,21653,SUPORTE TV UNIVERSAL LCD/LED 10 A 71 SBRUB750
20200302,55753301,21653,SUPORTE TV UNIVERSAL LCD/LED 10 A 71 SBRUB750
20200302,99PP7601,21653,SUPORTE TV UNIVERSAL LCD/LED 10 A 71 SBRUB750
20200302,55753301,25738,"TELEVISOR SMART 43"" PTV43E60SN LED PHILCO    "
20200302,99EABZ01,21653,SUPORTE TV UNIVERSAL LCD/LED 10 A 71 SBRUB750
20200302,99EABZ01,25545,"TELEVISOR SMART 40"" TC40FS600B PANASONIC     "
20200302,9OI72401,25546,"TELEVISOR SMART 32"" TC32FS600B PANASONIC     "
20200302,99IPW701,21653,SUPORTE TV UNIVERSAL LCD/LED 10 A 71 SBRUB750
20200302,99IPW701,25546,"TELEVISOR SMART 32"" TC32FS600B PANASONIC     "
20200302,99BP6X01,21653,SUPORTE TV UNIVERSAL LCD/LED 10 A 71 SBRUB750
20200302,99QD8P01,21653,SUPORTE TV UNIVERSAL LCD/LED 10 A 71 SBRUB750
20200302,99LC6H01,21653,SUPORTE TV UNIVERSAL LCD/LED 10 A 71 SBRUB750
20200302,YZ06BX01,21653,SUPORTE TV UNIVERSAL LCD/LED 10 A 71 SBRUB750
20200302,YZ06I801,23966,"TELEVISOR SMART 32"" PH32B51DSWGA PHILCO      "
20200302,YZ01JY01,21653,SUPORTE TV UNIVERSAL LCD/LED 10 A 71 SBRUB750
20200301,99GGYK01,21653,SUPORTE TV UNIVERSAL LCD/LED 10 A 71 SBRUB750
20200301,YZ062T01,21653,SUPORTE TV UNIVERSAL LCD/LED 10 A 71 SBRUB750
20200301,99L61Q01,21653,SUPORTE TV UNIVERSAL LCD/LED 10 A 71 SBRUB750
20200301,99JY9301,25728,SMARTPHONE SAMSUNG GAL J4 CORE 16GB PRETO    
20200301,75124101,25546,"TELEVISOR SMART 32"" TC32FS600B PANASONIC     "
20200301,80578401,21653,SUPORTE TV UNIVERSAL LCD/LED 10 A 71 SBRUB750
20200301,80578401,26243,SUPORTE UNIV. BEDIN BU-25                    
20200229,95753501,21653,SUPORTE TV UNIVERSAL LCD/LED 10 A 71 SBRUB750
20200229,88247801,21653,SUPORTE TV UNIVERSAL LCD/LED 10 A 71 SBRUB750
20200229,92607701,21653,SUPORTE TV UNIVERSAL LCD/LED 10 A 71 SBRUB750
20200229,21664601,23802,BOOMBOX BX-19 BIVOLT UP DYNAMIC              
20200229,01537301,21653,SUPORTE TV UNIVERSAL LCD/LED 10 A 71 SBRUB750
20200229,74787101,21653,SUPORTE TV UNIVERSAL LCD/LED 10 A 71 SBRUB750
20200229,74787101,25738,"TELEVISOR SMART 43"" PTV43E60SN LED PHILCO    "
20200229,9ODQX601,21653,SUPORTE TV UNIVERSAL LCD/LED 10 A 71 SBRUB750
20200229,72938101,25996,"TELEVISOR 32"" 32S6500S HD LED SEMP TCL       "
20200229,72938101,21653,SUPORTE TV UNIVERSAL LCD/LED 10 A 71 SBRUB750
20200229,44960601,21653,SUPORTE TV UNIVERSAL LCD/LED 10 A 71 SBRUB750
20200229,04201801,21653,SUPORTE TV UNIVERSAL LCD/LED 10 A 71 SBRUB750
20200229,25443501,21653,SUPORTE TV UNIVERSAL LCD/LED 10 A 71 SBRUB750
20200229,24046601,21653,SUPORTE TV UNIVERSAL LCD/LED 10 A 71 SBRUB750
20200229,9O799Y01,21653,SUPORTE TV UNIVERSAL LCD/LED 10 A 71 SBRUB750
20200229,45160201,26324,"TELEVISOR SMART 32"" 32S5300 HD BLUET SEMP TCL"
20200229,03169501,24716,RECEPTOR MIDIA BOX HDTV B3                   
20200229,03169501,21653,SUPORTE TV UNIVERSAL LCD/LED 10 A 71 SBRUB750
20200229,20782401,25872,SMARTPHONE LG K12 PLUS  AZUL                 
20200229,03351601,26324,"TELEVISOR SMART 32"" 32S5300 HD BLUET SEMP TCL"
20200229,03351601,21653,SUPORTE TV UNIVERSAL LCD/LED 10 A 71 SBRUB750
20200229,9OP6SQ01,21653,SUPORTE TV UNIVERSAL LCD/LED 10 A 71 SBRUB750
20200229,9OK0XF01,22617,CELULAR RIU-I R200 DB PRETO-VERMELHO         
20200229,02316701,21653,SUPORTE TV UNIVERSAL LCD/LED 10 A 71 SBRUB750
20200229,9OQUTP01,25730,SMARTPHONE SAMSUNG GAL J4 CORE 16GB AZUL     
20200229,60210301,21653,SUPORTE TV UNIVERSAL LCD/LED 10 A 71 SBRUB750
20200229,46398601,25726,SMARTPHONE SAMSUNG GAL J2 CORE 16GB PRETO    
20200229,19981401,26324,"TELEVISOR SMART 32"" 32S5300 HD BLUET SEMP TCL"
20200229,19981401,21653,SUPORTE TV UNIVERSAL LCD/LED 10 A 71 SBRUB750
20200229,97760701,21653,SUPORTE TV UNIVERSAL LCD/LED 10 A 71 SBRUB750
20200229,09350601,26324,"TELEVISOR SMART 32"" 32S5300 HD BLUET SEMP TCL"
20200229,09350601,21653,SUPORTE TV UNIVERSAL LCD/LED 10 A 71 SBRUB750
20200229,18431701,21653,SUPORTE TV UNIVERSAL LCD/LED 10 A 71 SBRUB750
20200229,23644401,23966,"TELEVISOR SMART 32"" PH32B51DSWGA PHILCO      "
20200229,23644401,21653,SUPORTE TV UNIVERSAL LCD/LED 10 A 71 SBRUB750
20200229,18097601,25303,"TELEVISOR SMART 32"" TC32FS500B PANASONIC     "
20200229,18097601,21653,SUPORTE TV UNIVERSAL LCD/LED 10 A 71 SBRUB750
20200229,18097601,21653,SUPORTE TV UNIVERSAL LCD/LED 10 A 71 SBRUB750
20200229,99GY7501,19729,PEN DRIVE 8GB PD587 TWIST PRETO              
20200229,99GY7501,21653,SUPORTE TV UNIVERSAL LCD/LED 10 A 71 SBRUB750
20200229,99DZ8J01,21653,SUPORTE TV UNIVERSAL LCD/LED 10 A 71 SBRUB750
20200229,23999401,21653,SUPORTE TV UNIVERSAL LCD/LED 10 A 71 SBRUB750
20200229,18811801,26573,SMARTPHONE SAMSUNG GAL A30S 64GB PRETO       
20200229,96020301,21653,SUPORTE TV UNIVERSAL LCD/LED 10 A 71 SBRUB750
20200229,90700901,21653,SUPORTE TV UNIVERSAL LCD/LED 10 A 71 SBRUB750
20200229,999NZ001,25435,TABLET NB732 MINI MS50X PRETO                
20200229,12952001,25356,"TELEVISOR SMART 49"" UN49J5290 SAMSUNG        "
20200229,99KO6K01,21653,SUPORTE TV UNIVERSAL LCD/LED 10 A 71 SBRUB750
20200229,99LBGO01,25356,"TELEVISOR SMART 49"" UN49J5290 SAMSUNG        "
20200229,99LBGO01,21653,SUPORTE TV UNIVERSAL LCD/LED 10 A 71 SBRUB750
20200229,9O3GMH01,21653,SUPORTE TV UNIVERSAL LCD/LED 10 A 71 SBRUB750
20200229,9O3GMH01,25738,"TELEVISOR SMART 43"" PTV43E60SN LED PHILCO    "
20200229,90064101,26545,SMARTPHONE SAMSUNG GAL A10S 32GB AZUL        
20200229,76809301,21653,SUPORTE TV UNIVERSAL LCD/LED 10 A 71 SBRUB750
20200229,21409901,21653,SUPORTE TV UNIVERSAL LCD/LED 10 A 71 SBRUB750
20200229,20355201,21653,SUPORTE TV UNIVERSAL LCD/LED 10 A 71 SBRUB750
20200229,35299201,26177,TABLET NB720 MINI MS45 4G PRETO              
20200229,35299201,26177,TABLET NB720 MINI MS45 4G PRETO              
20200229,01478201,24716,RECEPTOR MIDIA BOX HDTV B3                   
20200229,9O3J0001,24716,RECEPTOR MIDIA BOX HDTV B3                   
20200229,99A0OO01,21653,SUPORTE TV UNIVERSAL LCD/LED 10 A 71 SBRUB750
20200229,94832701,21653,SUPORTE TV UNIVERSAL LCD/LED 10 A 71 SBRUB750
20200229,09808501,21653,SUPORTE TV UNIVERSAL LCD/LED 10 A 71 SBRUB750
20200229,99F5A401,21653,SUPORTE TV UNIVERSAL LCD/LED 10 A 71 SBRUB750
20200229,20355201,25545,"TELEVISOR SMART 40"" TC40FS600B PANASONIC     "
20200229,99HZLH01,25738,"TELEVISOR SMART 43"" PTV43E60SN LED PHILCO    "
20200229,99HZLH01,21653,SUPORTE TV UNIVERSAL LCD/LED 10 A 71 SBRUB750
20200229,18747801,21653,SUPORTE TV UNIVERSAL LCD/LED 10 A 71 SBRUB750
20200229,99BKV101,21653,SUPORTE TV UNIVERSAL LCD/LED 10 A 71 SBRUB750
20200229,34547501,21653,SUPORTE TV UNIVERSAL LCD/LED 10 A 71 SBRUB750
20200229,YZ05H701,21653,SUPORTE TV UNIVERSAL LCD/LED 10 A 71 SBRUB750
20200229,YZ05YF01,21653,SUPORTE TV UNIVERSAL LCD/LED 10 A 71 SBRUB750
20200229,000WVB01,25738,"TELEVISOR SMART 43"" PTV43E60SN LED PHILCO    "
20200229,000WVB01,21653,SUPORTE TV UNIVERSAL LCD/LED 10 A 71 SBRUB750
20200229,9O4UTT01,21653,SUPORTE TV UNIVERSAL LCD/LED 10 A 71 SBRUB750
20200229,YZ05DV01,21653,SUPORTE TV UNIVERSAL LCD/LED 10 A 71 SBRUB750
20200229,000ZPR01,21653,SUPORTE TV UNIVERSAL LCD/LED 10 A 71 SBRUB750
20200229,YYZ5XO01,21653,SUPORTE TV UNIVERSAL LCD/LED 10 A 71 SBRUB750
20200229,YZ05WC01,21653,SUPORTE TV UNIVERSAL LCD/LED 10 A 71 SBRUB750
20200229,YZ05WC01,24688,"TELEVISOR SMART 49"" 4K UN49MU6120 SAMSUNG    "
20200229,YZ05RC01,21653,SUPORTE TV UNIVERSAL LCD/LED 10 A 71 SBRUB750
20200229,YZ05HC01,21653,SUPORTE TV UNIVERSAL LCD/LED 10 A 71 SBRUB750
20200229,YZ05ZG01,26324,"TELEVISOR SMART 32"" 32S5300 HD BLUET SEMP TCL"
20200229,YZ05ZG01,21653,SUPORTE TV UNIVERSAL LCD/LED 10 A 71 SBRUB750
20200229,YZ05OM01,25738,"TELEVISOR SMART 43"" PTV43E60SN LED PHILCO    "
20200229,YZ058W01,21653,SUPORTE TV UNIVERSAL LCD/LED 10 A 71 SBRUB750
20200229,YZ058W01,26324,"TELEVISOR SMART 32"" 32S5300 HD BLUET SEMP TCL"
20200228,19640101,21653,SUPORTE TV UNIVERSAL LCD/LED 10 A 71 SBRUB750
20200228,99DSKT01,26324,"TELEVISOR SMART 32"" 32S5300 HD BLUET SEMP TCL"
20200228,99DSKT01,21653,SUPORTE TV UNIVERSAL LCD/LED 10 A 71 SBRUB750
20200228,03920601,25579,SMARTPHONE SAMSUNG GAL J6 PLUS 32GB PRATA    
20200228,99I3NH01,25738,"TELEVISOR SMART 43"" PTV43E60SN LED PHILCO    "
20200228,99I3NH01,21653,SUPORTE TV UNIVERSAL LCD/LED 10 A 71 SBRUB750
20200228,99JRF301,21653,SUPORTE TV UNIVERSAL LCD/LED 10 A 71 SBRUB750
20200228,99J3Y601,21653,SUPORTE TV UNIVERSAL LCD/LED 10 A 71 SBRUB750
20200228,9O8X7M01,25193,SMARTPHONE SAMSUNG GAL J6 32GB PRATA         
20200228,9ONYXQ01,21653,SUPORTE TV UNIVERSAL LCD/LED 10 A 71 SBRUB750
20200228,9OC1A201,21653,SUPORTE TV UNIVERSAL LCD/LED 10 A 71 SBRUB750
20200228,9OBMC301,26548,SMARTPHONE SAMSUNG GAL A10S 32GB VERMELHO    
20200228,32436701,21653,SUPORTE TV UNIVERSAL LCD/LED 10 A 71 SBRUB750
20200228,99EX7601,21653,SUPORTE TV UNIVERSAL LCD/LED 10 A 71 SBRUB750
20200228,99JADT01,21653,SUPORTE TV UNIVERSAL LCD/LED 10 A 71 SBRUB750
20200228,11750601,21653,SUPORTE TV UNIVERSAL LCD/LED 10 A 71 SBRUB750
20200228,11750601,21653,SUPORTE TV UNIVERSAL LCD/LED 10 A 71 SBRUB750
20200228,71605601,21653,SUPORTE TV UNIVERSAL LCD/LED 10 A 71 SBRUB750
20200228,58722301,21653,SUPORTE TV UNIVERSAL LCD/LED 10 A 71 SBRUB750
20200228,9OAZ9R01,25934,TABLET NB306 M7 3G PLUS QUAD CORE DOURADA    
20200228,17889601,21653,SUPORTE TV UNIVERSAL LCD/LED 10 A 71 SBRUB750
20200228,99C71501,26243,SUPORTE UNIV. BEDIN BU-25                    
20200228,99C71501,21653,SUPORTE TV UNIVERSAL LCD/LED 10 A 71 SBRUB750
20200228,9OQA7101,21653,SUPORTE TV UNIVERSAL LCD/LED 10 A 71 SBRUB750
20200228,99DA6Z01,21653,SUPORTE TV UNIVERSAL LCD/LED 10 A 71 SBRUB750
20200228,99DA6Z01,25354,"TELEVISOR SMART 32"" UN32J4290 SAMSUNG        "
20200228,99DPDS01,21653,SUPORTE TV UNIVERSAL LCD/LED 10 A 71 SBRUB750
20200228,67896901,21653,SUPORTE TV UNIVERSAL LCD/LED 10 A 71 SBRUB750
20200228,67896901,25904,"TELEVISOR SMART 50"" UHD BT UN50RU7100 SAMSUNG"
20200228,99AE8D01,25676,SMARTPHONE MOTOROLA MOTO G7 PLAY XT1952-5 DR 
20200228,51643701,26243,SUPORTE UNIV. BEDIN BU-25                    
20200228,51643701,21653,SUPORTE TV UNIVERSAL LCD/LED 10 A 71 SBRUB750
20200228,95651101,21653,SUPORTE TV UNIVERSAL LCD/LED 10 A 71 SBRUB750
20200228,16162401,21653,SUPORTE TV UNIVERSAL LCD/LED 10 A 71 SBRUB750
20200228,99KDE601,25354,"TELEVISOR SMART 32"" UN32J4290 SAMSUNG        "
20200228,99KDE601,21653,SUPORTE TV UNIVERSAL LCD/LED 10 A 71 SBRUB750
20200228,99KJEP01,21653,SUPORTE TV UNIVERSAL LCD/LED 10 A 71 SBRUB750
20200228,93273201,21653,SUPORTE TV UNIVERSAL LCD/LED 10 A 71 SBRUB750
20200228,96891501,25933,TABLET NB304 M7 3G PLUS QUAD CORE PRETO      
20200228,96891501,26324,"TELEVISOR SMART 32"" 32S5300 HD BLUET SEMP TCL"
20200228,96891501,21653,SUPORTE TV UNIVERSAL LCD/LED 10 A 71 SBRUB750
20200228,99BN9P01,25554,TELEVISOR SMART 32 PTV32N87SA LED PHILCO     
20200228,9O41J301,21653,SUPORTE TV UNIVERSAL LCD/LED 10 A 71 SBRUB750
20200228,9O41J301,26325,"TELEVISOR SMART 43"" 43S5300 HD BLUET SEMP TCL"
20200228,9O173T01,21653,SUPORTE TV UNIVERSAL LCD/LED 10 A 71 SBRUB750
20200228,9O0JGZ01,21653,SUPORTE TV UNIVERSAL LCD/LED 10 A 71 SBRUB750
20200228,99CAAW01,25438,RADIO CK56.ABRALLK X BOOM LG                 
20200228,99MRCE01,21653,SUPORTE TV UNIVERSAL LCD/LED 10 A 71 SBRUB750
20200228,99MQXQ01,21653,SUPORTE TV UNIVERSAL LCD/LED 10 A 71 SBRUB750
20200228,99M1NL01,21653,SUPORTE TV UNIVERSAL LCD/LED 10 A 71 SBRUB750
20200228,99LKU601,21653,SUPORTE TV UNIVERSAL LCD/LED 10 A 71 SBRUB750
20200228,99LKU601,26324,"TELEVISOR SMART 32"" 32S5300 HD BLUET SEMP TCL"
20200228,9OH8S901,19729,PEN DRIVE 8GB PD587 TWIST PRETO              
20200228,9ODWFI01,21653,SUPORTE TV UNIVERSAL LCD/LED 10 A 71 SBRUB750
20200228,96893701,21653,SUPORTE TV UNIVERSAL LCD/LED 10 A 71 SBRUB750
20200228,96893701,25356,"TELEVISOR SMART 49"" UN49J5290 SAMSUNG        "
20200228,9O0LVT01,21653,SUPORTE TV UNIVERSAL LCD/LED 10 A 71 SBRUB750
20200228,47877601,21653,SUPORTE TV UNIVERSAL LCD/LED 10 A 71 SBRUB750
20200228,47877601,26324,"TELEVISOR SMART 32"" 32S5300 HD BLUET SEMP TCL"
20200228,9O6ICW01,26324,"TELEVISOR SMART 32"" 32S5300 HD BLUET SEMP TCL"
20200228,13095801,25246,PEN DRIVE PD590 64GB TWIST PRETO             
20200228,99MDAR01,21653,SUPORTE TV UNIVERSAL LCD/LED 10 A 71 SBRUB750
20200228,9OJ8ZS01,21653,SUPORTE TV UNIVERSAL LCD/LED 10 A 71 SBRUB750
20200228,9O456H01,26324,"TELEVISOR SMART 32"" 32S5300 HD BLUET SEMP TCL"
20200228,9O456H01,21653,SUPORTE TV UNIVERSAL LCD/LED 10 A 71 SBRUB750
20200228,9OEE1Y01,26325,"TELEVISOR SMART 43"" 43S5300 HD BLUET SEMP TCL"
20200228,9OEE1Y01,21653,SUPORTE TV UNIVERSAL LCD/LED 10 A 71 SBRUB750
20200228,9ONLJM01,21653,SUPORTE TV UNIVERSAL LCD/LED 10 A 71 SBRUB750
20200228,49669001,21653,SUPORTE TV UNIVERSAL LCD/LED 10 A 71 SBRUB750
20200228,10507701,15713,SUPORTE PRETO TV LCD 10 A 55 BR ART SBRP130  
20200228,94154201,21653,SUPORTE TV UNIVERSAL LCD/LED 10 A 71 SBRUB750
20200228,86648101,26324,"TELEVISOR SMART 32"" 32S5300 HD BLUET SEMP TCL"
20200228,86648101,21653,SUPORTE TV UNIVERSAL LCD/LED 10 A 71 SBRUB750
20200228,20315801,21653,SUPORTE TV UNIVERSAL LCD/LED 10 A 71 SBRUB750
20200228,9OR8UX01,21653,SUPORTE TV UNIVERSAL LCD/LED 10 A 71 SBRUB750
20200228,12583401,21653,SUPORTE TV UNIVERSAL LCD/LED 10 A 71 SBRUB750
20200228,9O0GOY01,21653,SUPORTE TV UNIVERSAL LCD/LED 10 A 71 SBRUB750
20200228,15111601,25189,"TELEVISOR SMART 55"" 4K QN55Q6FNA SAMSUNG     "
20200228,9O29BQ01,21653,SUPORTE TV UNIVERSAL LCD/LED 10 A 71 SBRUB750
20200228,YZ051Y01,21653,SUPORTE TV UNIVERSAL LCD/LED 10 A 71 SBRUB750
20200228,YZ052001,21653,SUPORTE TV UNIVERSAL LCD/LED 10 A 71 SBRUB750
20200228,YYYCTF01,25580,SMARTPHONE SAMSUNG GAL J6 PLUS 32GB PRETO    
20200228,YZ04JB01,21653,SUPORTE TV UNIVERSAL LCD/LED 10 A 71 SBRUB750
20200228,YZ04RB01,21653,SUPORTE TV UNIVERSAL LCD/LED 10 A 71 SBRUB750
20200228,YZ04RB01,25303,"TELEVISOR SMART 32"" TC32FS500B PANASONIC     "
20200228,YYZIEV01,26247,SMARTPHONE LG K8 PLUS PRETO                  
20200228,YYZIEV01,26387,SMARTPHONE LG K8 PLUS PLATINUM               
20200228,YYYD0C01,21653,SUPORTE TV UNIVERSAL LCD/LED 10 A 71 SBRUB750
20200228,YZ050G01,21653,SUPORTE TV UNIVERSAL LCD/LED 10 A 71 SBRUB750
20200228,YYZWP901,21653,SUPORTE TV UNIVERSAL LCD/LED 10 A 71 SBRUB750
20200228,YZ053001,21653,SUPORTE TV UNIVERSAL LCD/LED 10 A 71 SBRUB750
20200227,YZ045J01,21653,SUPORTE TV UNIVERSAL LCD/LED 10 A 71 SBRUB750
20200227,YZ045J01,26324,"TELEVISOR SMART 32"" 32S5300 HD BLUET SEMP TCL"
20200227,YYYVDF01,25186,"TELEVISOR SMART 55"" 4K UN55NU7100 SAMSUNG    "
20200227,YYYVDF01,21653,SUPORTE TV UNIVERSAL LCD/LED 10 A 71 SBRUB750
20200227,YYZRSL01,25995,"TELEVISOR 24"" S1300 L1850 HD LED SEMP TCL    "
20200227,YYZRSL01,21653,SUPORTE TV UNIVERSAL LCD/LED 10 A 71 SBRUB750
20200227,YYZRSL01,26324,"TELEVISOR SMART 32"" 32S5300 HD BLUET SEMP TCL"
20200227,YZ03FC01,25186,"TELEVISOR SMART 55"" 4K UN55NU7100 SAMSUNG    "
20200227,YZ03FC01,21653,SUPORTE TV UNIVERSAL LCD/LED 10 A 71 SBRUB750
20200227,YZ03QK01,19729,PEN DRIVE 8GB PD587 TWIST PRETO              
20200227,YZ03QK01,21653,SUPORTE TV UNIVERSAL LCD/LED 10 A 71 SBRUB750
20200227,YZ045901,21653,SUPORTE TV UNIVERSAL LCD/LED 10 A 71 SBRUB750
20200227,YZ03QE01,21653,SUPORTE TV UNIVERSAL LCD/LED 10 A 71 SBRUB750
20200227,99EMNC01,21653,SUPORTE TV UNIVERSAL LCD/LED 10 A 71 SBRUB750
20200227,9OBJUM01,25193,SMARTPHONE SAMSUNG GAL J6 32GB PRATA         
20200227,29711301,21821,PEN DRIVE NANO 16GB PD054 PRETO              
20200227,67473301,26571,SMARTPHONE SAMSUNG GAL A20S 32GB AZUL        
20200227,99FG3H01,21653,SUPORTE TV UNIVERSAL LCD/LED 10 A 71 SBRUB750
20200227,24306701,25699,RADIO AUTOMOTIVO P3336 POP BT 4X25W PT       
20200227,9O4T1S01,21653,SUPORTE TV UNIVERSAL LCD/LED 10 A 71 SBRUB750
20200227,9O4T1S01,26324,"TELEVISOR SMART 32"" 32S5300 HD BLUET SEMP TCL"
20200227,16624401,21653,SUPORTE TV UNIVERSAL LCD/LED 10 A 71 SBRUB750
20200227,9OGPJA01,21653,SUPORTE TV UNIVERSAL LCD/LED 10 A 71 SBRUB750
20200227,9O8EDX01,21653,SUPORTE TV UNIVERSAL LCD/LED 10 A 71 SBRUB750
20200227,9NXD0M01,21653,SUPORTE TV UNIVERSAL LCD/LED 10 A 71 SBRUB750
20200227,02342901,21653,SUPORTE TV UNIVERSAL LCD/LED 10 A 71 SBRUB750
20200227,9OMITF01,21653,SUPORTE TV UNIVERSAL LCD/LED 10 A 71 SBRUB750
20200227,9O7V7601,21653,SUPORTE TV UNIVERSAL LCD/LED 10 A 71 SBRUB750
20200227,9NYDDQ01,21653,SUPORTE TV UNIVERSAL LCD/LED 10 A 71 SBRUB750
20200227,99KJEP01,26243,SUPORTE UNIV. BEDIN BU-25                    
20200227,99JDKS01,25995,"TELEVISOR 24"" S1300 L1850 HD LED SEMP TCL    "
20200227,99JDKS01,21653,SUPORTE TV UNIVERSAL LCD/LED 10 A 71 SBRUB750
20200227,99JDKS01,21653,SUPORTE TV UNIVERSAL LCD/LED 10 A 71 SBRUB750
20200227,99H90X01,21653,SUPORTE TV UNIVERSAL LCD/LED 10 A 71 SBRUB750
20200227,99H90X01,25738,"TELEVISOR SMART 43"" PTV43E60SN LED PHILCO    "
20200227,99H1L601,21653,SUPORTE TV UNIVERSAL LCD/LED 10 A 71 SBRUB750
20200227,16762401,21653,SUPORTE TV UNIVERSAL LCD/LED 10 A 71 SBRUB750
20200227,16762401,21653,SUPORTE TV UNIVERSAL LCD/LED 10 A 71 SBRUB750
20200227,90392101,25579,SMARTPHONE SAMSUNG GAL J6 PLUS 32GB PRATA    
20200227,9OQPE001,26324,"TELEVISOR SMART 32"" 32S5300 HD BLUET SEMP TCL"
20200227,9OQPE001,21653,SUPORTE TV UNIVERSAL LCD/LED 10 A 71 SBRUB750
20200227,99AJGH01,21653,SUPORTE TV UNIVERSAL LCD/LED 10 A 71 SBRUB750
20200227,03298001,21653,SUPORTE TV UNIVERSAL LCD/LED 10 A 71 SBRUB750
20200227,99GZDF01,24913,SMARTPHONE MOTOROLA MOTO G6 PLAY XT1922 DB IN
20200227,14977301,21653,SUPORTE TV UNIVERSAL LCD/LED 10 A 71 SBRUB750
20200227,84874601,26324,"TELEVISOR SMART 32"" 32S5300 HD BLUET SEMP TCL"
20200227,69580601,25183,"TELEVISOR SMART 43"" 4K UN43NU7100 SAMSUNG    "
20200227,15085701,21653,SUPORTE TV UNIVERSAL LCD/LED 10 A 71 SBRUB750
20200227,20671301,21653,SUPORTE TV UNIVERSAL LCD/LED 10 A 71 SBRUB750
20200227,99E9UM01,25676,SMARTPHONE MOTOROLA MOTO G7 PLAY XT1952-5 DR 
20200227,12778501,21653,SUPORTE TV UNIVERSAL LCD/LED 10 A 71 SBRUB750
20200227,99AE8D01,24913,SMARTPHONE MOTOROLA MOTO G6 PLAY XT1922 DB IN
20200227,99DR2P01,21653,SUPORTE TV UNIVERSAL LCD/LED 10 A 71 SBRUB750
20200227,99L6GJ01,21653,SUPORTE TV UNIVERSAL LCD/LED 10 A 71 SBRUB750
20200227,20721801,21653,SUPORTE TV UNIVERSAL LCD/LED 10 A 71 SBRUB750
20200227,9NZ9FC01,21653,SUPORTE TV UNIVERSAL LCD/LED 10 A 71 SBRUB750
20200227,9O8TRX01,21653,SUPORTE TV UNIVERSAL LCD/LED 10 A 71 SBRUB750
20200227,02265001,21653,SUPORTE TV UNIVERSAL LCD/LED 10 A 71 SBRUB750
20200227,9O8TRX01,25738,"TELEVISOR SMART 43"" PTV43E60SN LED PHILCO    "
20200227,19487801,21653,SUPORTE TV UNIVERSAL LCD/LED 10 A 71 SBRUB750
20200227,19487801,25355,"TELEVISOR SMART 43"" UN43J5290 SAMSUNG        "
20200227,22160501,25354,"TELEVISOR SMART 32"" UN32J4290 SAMSUNG        "
20200227,22160501,21653,SUPORTE TV UNIVERSAL LCD/LED 10 A 71 SBRUB750
20200227,21886601,21653,SUPORTE TV UNIVERSAL LCD/LED 10 A 71 SBRUB750
20200227,21886601,26324,"TELEVISOR SMART 32"" 32S5300 HD BLUET SEMP TCL"
20200227,9OJ1UU01,25905,"TELEVISOR SMART 55"" UHD BT UN55RU7100 SAMSUNG"
20200227,9OJ1UU01,21653,SUPORTE TV UNIVERSAL LCD/LED 10 A 71 SBRUB750
20200227,9OJ1UU01,25186,"TELEVISOR SMART 55"" 4K UN55NU7100 SAMSUNG    "
20200227,03391001,21653,SUPORTE TV UNIVERSAL LCD/LED 10 A 71 SBRUB750
20200227,99L90T01,21653,SUPORTE TV UNIVERSAL LCD/LED 10 A 71 SBRUB750
20200227,06797401,25186,"TELEVISOR SMART 55"" 4K UN55NU7100 SAMSUNG    "
20200227,06797401,21653,SUPORTE TV UNIVERSAL LCD/LED 10 A 71 SBRUB750
20200227,9O1C3Z01,21653,SUPORTE TV UNIVERSAL LCD/LED 10 A 71 SBRUB750
20200227,9O1C3Z01,26324,"TELEVISOR SMART 32"" 32S5300 HD BLUET SEMP TCL"
20200227,99HKZZ01,25354,"TELEVISOR SMART 32"" UN32J4290 SAMSUNG        "
20200227,9ODVQC01,21653,SUPORTE TV UNIVERSAL LCD/LED 10 A 71 SBRUB750
20200227,71703801,21653,SUPORTE TV UNIVERSAL LCD/LED 10 A 71 SBRUB750
20200227,04220701,21653,SUPORTE TV UNIVERSAL LCD/LED 10 A 71 SBRUB750
20200227,52729501,25579,SMARTPHONE SAMSUNG GAL J6 PLUS 32GB PRATA    
20200227,44960601,25995,"TELEVISOR 24"" S1300 L1850 HD LED SEMP TCL    "
20200227,44960601,21653,SUPORTE TV UNIVERSAL LCD/LED 10 A 71 SBRUB750
20200227,99BVL501,25727,SMARTPHONE SAMSUNG GAL J2 CORE 16GB PRATA    
20200227,9OC8DS01,21653,SUPORTE TV UNIVERSAL LCD/LED 10 A 71 SBRUB750
20200227,9OC8DS01,26324,"TELEVISOR SMART 32"" 32S5300 HD BLUET SEMP TCL"
20200227,9O1GQR01,21653,SUPORTE TV UNIVERSAL LCD/LED 10 A 71 SBRUB750
20200227,9O0X0901,26324,"TELEVISOR SMART 32"" 32S5300 HD BLUET SEMP TCL"
20200227,9O0X0901,21653,SUPORTE TV UNIVERSAL LCD/LED 10 A 71 SBRUB750
20200227,99IHGU01,26386,SMARTPHONE LG K8 PLUS AZUL                   
20200227,43914001,21653,SUPORTE TV UNIVERSAL LCD/LED 10 A 71 SBRUB750
20200227,92304101,21653,SUPORTE TV UNIVERSAL LCD/LED 10 A 71 SBRUB750
20200227,99GPE001,21653,SUPORTE TV UNIVERSAL LCD/LED 10 A 71 SBRUB750
20200227,99GPE001,22618,CELULAR RIU-I R200 DB PRETO-AMARELO          
20200227,69273201,21653,SUPORTE TV UNIVERSAL LCD/LED 10 A 71 SBRUB750
20200227,99DYKU01,21653,SUPORTE TV UNIVERSAL LCD/LED 10 A 71 SBRUB750
20200227,68828201,25676,SMARTPHONE MOTOROLA MOTO G7 PLAY XT1952-5 DR 
20200227,12809101,21653,SUPORTE TV UNIVERSAL LCD/LED 10 A 71 SBRUB750
20200227,01710001,23814,SMARTOGO WI 317 PACK ECO.CABO MICRO USB C/NYL
20200226,04020401,21653,SUPORTE TV UNIVERSAL LCD/LED 10 A 71 SBRUB750
20200226,28179201,21653,SUPORTE TV UNIVERSAL LCD/LED 10 A 71 SBRUB750
20200226,04527101,25355,"TELEVISOR SMART 43"" UN43J5290 SAMSUNG        "
20200226,17513201,26569,SMARTPHONE SAMSUNG GAL A10S 32GB PRETO       
20200226,57904801,25354,"TELEVISOR SMART 32"" UN32J4290 SAMSUNG        "
20200226,9NYMYS01,21653,SUPORTE TV UNIVERSAL LCD/LED 10 A 71 SBRUB750
20200226,04527101,21653,SUPORTE TV UNIVERSAL LCD/LED 10 A 71 SBRUB750
20200226,04527101,21653,SUPORTE TV UNIVERSAL LCD/LED 10 A 71 SBRUB750
20200226,04527101,25355,"TELEVISOR SMART 43"" UN43J5290 SAMSUNG        "
20200226,99CXXG01,26324,"TELEVISOR SMART 32"" 32S5300 HD BLUET SEMP TCL"
20200226,99CXXG01,21653,SUPORTE TV UNIVERSAL LCD/LED 10 A 71 SBRUB750
20200226,9OFXQF01,21653,SUPORTE TV UNIVERSAL LCD/LED 10 A 71 SBRUB750
20200226,9OFXQF01,26324,"TELEVISOR SMART 32"" 32S5300 HD BLUET SEMP TCL"
20200226,9OGXA201,21653,SUPORTE TV UNIVERSAL LCD/LED 10 A 71 SBRUB750
20200226,9OO6QW01,21653,SUPORTE TV UNIVERSAL LCD/LED 10 A 71 SBRUB750
20200226,80366601,21653,SUPORTE TV UNIVERSAL LCD/LED 10 A 71 SBRUB750
20200226,9OMIDU01,21653,SUPORTE TV UNIVERSAL LCD/LED 10 A 71 SBRUB750
20200226,03062901,21653,SUPORTE TV UNIVERSAL LCD/LED 10 A 71 SBRUB750
20200226,63522601,26324,"TELEVISOR SMART 32"" 32S5300 HD BLUET SEMP TCL"
20200226,63522601,21653,SUPORTE TV UNIVERSAL LCD/LED 10 A 71 SBRUB750
20200226,63522601,26548,SMARTPHONE SAMSUNG GAL A10S 32GB VERMELHO    
20200226,19639501,21653,SUPORTE TV UNIVERSAL LCD/LED 10 A 71 SBRUB750
20200226,47910901,21653,SUPORTE TV UNIVERSAL LCD/LED 10 A 71 SBRUB750
20200226,99C29H01,24913,SMARTPHONE MOTOROLA MOTO G6 PLAY XT1922 DB IN
20200226,99A0JU01,21653,SUPORTE TV UNIVERSAL LCD/LED 10 A 71 SBRUB750
20200226,24005601,21653,SUPORTE TV UNIVERSAL LCD/LED 10 A 71 SBRUB750
20200226,99K7W401,21653,SUPORTE TV UNIVERSAL LCD/LED 10 A 71 SBRUB750
20200226,99K7W401,25355,"TELEVISOR SMART 43"" UN43J5290 SAMSUNG        "
20200226,99JU5U01,26573,SMARTPHONE SAMSUNG GAL A30S 64GB PRETO       
20200226,99BVG101,26328,CAIXA BLUETOOTH BS12A 12W SEMP TCL           
20200226,999A7701,21653,SUPORTE TV UNIVERSAL LCD/LED 10 A 71 SBRUB750
20200226,999NWE01,21653,SUPORTE TV UNIVERSAL LCD/LED 10 A 71 SBRUB750
20200226,08099501,21653,SUPORTE TV UNIVERSAL LCD/LED 10 A 71 SBRUB750
20200226,9NY44801,21653,SUPORTE TV UNIVERSAL LCD/LED 10 A 71 SBRUB750
20200226,99PSI401,21653,SUPORTE TV UNIVERSAL LCD/LED 10 A 71 SBRUB750
20200226,99PSI401,25303,"TELEVISOR SMART 32"" TC32FS500B PANASONIC     "
20200226,03674601,25355,"TELEVISOR SMART 43"" UN43J5290 SAMSUNG        "
20200226,03674601,21653,SUPORTE TV UNIVERSAL LCD/LED 10 A 71 SBRUB750
20200226,99JU6Y01,21653,SUPORTE TV UNIVERSAL LCD/LED 10 A 71 SBRUB750
20200226,99NAVO01,21653,SUPORTE TV UNIVERSAL LCD/LED 10 A 71 SBRUB750
20200226,99NAVO01,26324,"TELEVISOR SMART 32"" 32S5300 HD BLUET SEMP TCL"
20200226,9O0LVT01,25727,SMARTPHONE SAMSUNG GAL J2 CORE 16GB PRATA    
20200226,41568801,25355,"TELEVISOR SMART 43"" UN43J5290 SAMSUNG        "
20200226,41568801,21653,SUPORTE TV UNIVERSAL LCD/LED 10 A 71 SBRUB750
20200226,05759701,21653,SUPORTE TV UNIVERSAL LCD/LED 10 A 71 SBRUB750
20200226,99A7H601,21653,SUPORTE TV UNIVERSAL LCD/LED 10 A 71 SBRUB750
20200226,02311001,21653,SUPORTE TV UNIVERSAL LCD/LED 10 A 71 SBRUB750
20200226,02311001,25355,"TELEVISOR SMART 43"" UN43J5290 SAMSUNG        "
20200226,9OOO1A01,21653,SUPORTE TV UNIVERSAL LCD/LED 10 A 71 SBRUB750
20200226,46666301,26243,SUPORTE UNIV. BEDIN BU-25                    
20200226,15276701,25580,SMARTPHONE SAMSUNG GAL J6 PLUS 32GB PRETO    
20200226,99CP0101,26243,SUPORTE UNIV. BEDIN BU-25                    
20200226,16435501,21653,SUPORTE TV UNIVERSAL LCD/LED 10 A 71 SBRUB750
20200226,13472301,25356,"TELEVISOR SMART 49"" UN49J5290 SAMSUNG        "
20200226,15817001,21653,SUPORTE TV UNIVERSAL LCD/LED 10 A 71 SBRUB750
20200226,15531601,21653,SUPORTE TV UNIVERSAL LCD/LED 10 A 71 SBRUB750
20200226,YYYXRT01,21653,SUPORTE TV UNIVERSAL LCD/LED 10 A 71 SBRUB750
20200226,YZ036001,21653,SUPORTE TV UNIVERSAL LCD/LED 10 A 71 SBRUB750
20200226,13472301,21653,SUPORTE TV UNIVERSAL LCD/LED 10 A 71 SBRUB750
20200226,YZ035201,21653,SUPORTE TV UNIVERSAL LCD/LED 10 A 71 SBRUB750
20200226,YZ035601,21653,SUPORTE TV UNIVERSAL LCD/LED 10 A 71 SBRUB750
20200226,YZ035601,26324,"TELEVISOR SMART 32"" 32S5300 HD BLUET SEMP TCL"
20200226,YZ035401,21653,SUPORTE TV UNIVERSAL LCD/LED 10 A 71 SBRUB750
20200226,YZ035401,25356,"TELEVISOR SMART 49"" UN49J5290 SAMSUNG        "
20200225,20915601,21653,SUPORTE TV UNIVERSAL LCD/LED 10 A 71 SBRUB750
20200224,9NWI0R01,21653,SUPORTE TV UNIVERSAL LCD/LED 10 A 71 SBRUB750
20200224,9NWI0R01,25355,"TELEVISOR SMART 43"" UN43J5290 SAMSUNG        "
20200222,99CKD401,26571,SMARTPHONE SAMSUNG GAL A20S 32GB AZUL        
20200222,47848801,22617,CELULAR RIU-I R200 DB PRETO-VERMELHO         
20200222,9OO65C01,21653,SUPORTE TV UNIVERSAL LCD/LED 10 A 71 SBRUB750
20200222,99CP1I01,23376,"TELEVISOR SMART 48"" KDL-48W655D SONY         "
20200222,99CP1I01,21653,SUPORTE TV UNIVERSAL LCD/LED 10 A 71 SBRUB750
20200222,99DH3C01,21653,SUPORTE TV UNIVERSAL LCD/LED 10 A 71 SBRUB750
20200222,9OOU8201,21653,SUPORTE TV UNIVERSAL LCD/LED 10 A 71 SBRUB750
20200222,04724301,21653,SUPORTE TV UNIVERSAL LCD/LED 10 A 71 SBRUB750
20200222,99LMSF01,25580,SMARTPHONE SAMSUNG GAL J6 PLUS 32GB PRETO    
20200222,20782401,25581,SMARTPHONE SAMSUNG GAL J6 PLUS 32GB VERMELHO 
20200222,96353601,21653,SUPORTE TV UNIVERSAL LCD/LED 10 A 71 SBRUB750
20200222,96353601,25717,"TELEVISOR SMART 50"" 50UK6520 UHD 4K LG       "
20200222,9OK0XF01,25580,SMARTPHONE SAMSUNG GAL J6 PLUS 32GB PRETO    
20200222,79535101,21653,SUPORTE TV UNIVERSAL LCD/LED 10 A 71 SBRUB750
20200222,99B8TP01,26243,SUPORTE UNIV. BEDIN BU-25                    
20200222,13249501,26324,"TELEVISOR SMART 32"" 32S5300 HD BLUET SEMP TCL"
20200222,13249501,21653,SUPORTE TV UNIVERSAL LCD/LED 10 A 71 SBRUB750
20200222,96118701,21653,SUPORTE TV UNIVERSAL LCD/LED 10 A 71 SBRUB750
20200222,61987601,21653,SUPORTE TV UNIVERSAL LCD/LED 10 A 71 SBRUB750
20200222,61987601,21823,PEN DRIVE SONY R 8GB USMRGR                  
20200222,99BNV101,21653,SUPORTE TV UNIVERSAL LCD/LED 10 A 71 SBRUB750
20200222,99BNV101,25303,"TELEVISOR SMART 32"" TC32FS500B PANASONIC     "
20200222,78646701,21653,SUPORTE TV UNIVERSAL LCD/LED 10 A 71 SBRUB750
20200222,05370501,21653,SUPORTE TV UNIVERSAL LCD/LED 10 A 71 SBRUB750
20200222,05370501,25738,"TELEVISOR SMART 43"" PTV43E60SN LED PHILCO    "
20200222,90633201,21653,SUPORTE TV UNIVERSAL LCD/LED 10 A 71 SBRUB750
20200222,9OJUYB01,21653,SUPORTE TV UNIVERSAL LCD/LED 10 A 71 SBRUB750
20200222,99I3GR01,21653,SUPORTE TV UNIVERSAL LCD/LED 10 A 71 SBRUB750
20200222,999AMV01,21653,SUPORTE TV UNIVERSAL LCD/LED 10 A 71 SBRUB750
20200222,9O41AB01,24851,TABLET NB706 MINI MS50L PRETO/GRAFIT         
20200222,9O41AB01,24851,TABLET NB706 MINI MS50L PRETO/GRAFIT         
20200222,9OAVSJ01,21653,SUPORTE TV UNIVERSAL LCD/LED 10 A 71 SBRUB750
20200222,99N7WT01,24278,MEGA DRIVE 22 JOGOS TECTOY                   
20200222,47985701,21653,SUPORTE TV UNIVERSAL LCD/LED 10 A 71 SBRUB750
20200222,10699601,21653,SUPORTE TV UNIVERSAL LCD/LED 10 A 71 SBRUB750
20200222,65788201,21653,SUPORTE TV UNIVERSAL LCD/LED 10 A 71 SBRUB750
20200222,01800201,21653,SUPORTE TV UNIVERSAL LCD/LED 10 A 71 SBRUB750
20200222,9O9VHY01,21653,SUPORTE TV UNIVERSAL LCD/LED 10 A 71 SBRUB750
20200222,99EF9601,26324,"TELEVISOR SMART 32"" 32S5300 HD BLUET SEMP TCL"
20200222,99EF9601,21653,SUPORTE TV UNIVERSAL LCD/LED 10 A 71 SBRUB750
20200222,999R9P01,21653,SUPORTE TV UNIVERSAL LCD/LED 10 A 71 SBRUB750
20200222,99943401,25738,"TELEVISOR SMART 43"" PTV43E60SN LED PHILCO    "
20200222,99943401,21653,SUPORTE TV UNIVERSAL LCD/LED 10 A 71 SBRUB750
20200222,99CRNB01,21653,SUPORTE TV UNIVERSAL LCD/LED 10 A 71 SBRUB750
20200222,YZ02DY01,21653,SUPORTE TV UNIVERSAL LCD/LED 10 A 71 SBRUB750
20200222,99KDXK01,21653,SUPORTE TV UNIVERSAL LCD/LED 10 A 71 SBRUB750
20200222,99KDXK01,25738,"TELEVISOR SMART 43"" PTV43E60SN LED PHILCO    "
20200222,99CF7001,21653,SUPORTE TV UNIVERSAL LCD/LED 10 A 71 SBRUB750
20200222,YYZQ5601,21653,SUPORTE TV UNIVERSAL LCD/LED 10 A 71 SBRUB750
20200222,YZ02IE01,21653,SUPORTE TV UNIVERSAL LCD/LED 10 A 71 SBRUB750
20200222,YZ027L01,21653,SUPORTE TV UNIVERSAL LCD/LED 10 A 71 SBRUB750
20200222,YZ027L01,26325,"TELEVISOR SMART 43"" 43S5300 HD BLUET SEMP TCL"
20200221,18622301,21653,SUPORTE TV UNIVERSAL LCD/LED 10 A 71 SBRUB750
20200221,04762101,21653,SUPORTE TV UNIVERSAL LCD/LED 10 A 71 SBRUB750
20200221,04762101,25303,"TELEVISOR SMART 32"" TC32FS500B PANASONIC     "
20200221,04643101,21653,SUPORTE TV UNIVERSAL LCD/LED 10 A 71 SBRUB750
20200221,01710001,21653,SUPORTE TV UNIVERSAL LCD/LED 10 A 71 SBRUB750
20200221,99D8BS01,21653,SUPORTE TV UNIVERSAL LCD/LED 10 A 71 SBRUB750
20200221,99D8BS01,25188,"TELEVISOR SMART 65"" 4K UN65NU7100 SAMSUNG    "
20200221,9OMYSN01,25554,TELEVISOR SMART 32 PTV32N87SA LED PHILCO     
20200221,9OMYSN01,21653,SUPORTE TV UNIVERSAL LCD/LED 10 A 71 SBRUB750
20200221,23266201,21653,SUPORTE TV UNIVERSAL LCD/LED 10 A 71 SBRUB750
20200221,20439701,21653,SUPORTE TV UNIVERSAL LCD/LED 10 A 71 SBRUB750
20200221,91859601,21653,SUPORTE TV UNIVERSAL LCD/LED 10 A 71 SBRUB750
20200221,15772001,21653,SUPORTE TV UNIVERSAL LCD/LED 10 A 71 SBRUB750
20200221,15772001,25738,"TELEVISOR SMART 43"" PTV43E60SN LED PHILCO    "
20200221,09384301,23375,"TELEVISOR SMART 40"" KDL-40W655D SONY         "
20200221,09384301,21653,SUPORTE TV UNIVERSAL LCD/LED 10 A 71 SBRUB750
20200221,56674801,25303,"TELEVISOR SMART 32"" TC32FS500B PANASONIC     "
20200221,87233701,26527,SMARTPHONE LG K40S LMX430 BMW PRETO          
20200221,06511401,21653,SUPORTE TV UNIVERSAL LCD/LED 10 A 71 SBRUB750
20200221,03511501,21653,SUPORTE TV UNIVERSAL LCD/LED 10 A 71 SBRUB750
20200221,25388701,21653,SUPORTE TV UNIVERSAL LCD/LED 10 A 71 SBRUB750
20200221,9OJ88301,21653,SUPORTE TV UNIVERSAL LCD/LED 10 A 71 SBRUB750
20200221,9OJ1Q001,26243,SUPORTE UNIV. BEDIN BU-25                    
20200221,9OI08P01,21653,SUPORTE TV UNIVERSAL LCD/LED 10 A 71 SBRUB750
20200221,9NYA0201,21653,SUPORTE TV UNIVERSAL LCD/LED 10 A 71 SBRUB750
20200221,63774001,21653,SUPORTE TV UNIVERSAL LCD/LED 10 A 71 SBRUB750
20200221,19383101,25303,"TELEVISOR SMART 32"" TC32FS500B PANASONIC     "
20200221,19383101,21653,SUPORTE TV UNIVERSAL LCD/LED 10 A 71 SBRUB750
20200221,97225001,21653,SUPORTE TV UNIVERSAL LCD/LED 10 A 71 SBRUB750
20200221,97225001,25545,"TELEVISOR SMART 40"" TC40FS600B PANASONIC     "
20200221,70728501,25354,"TELEVISOR SMART 32"" UN32J4290 SAMSUNG        "
20200221,99KXLJ01,21653,SUPORTE TV UNIVERSAL LCD/LED 10 A 71 SBRUB750
20200221,58562901,21653,SUPORTE TV UNIVERSAL LCD/LED 10 A 71 SBRUB750
20200221,98582401,21653,SUPORTE TV UNIVERSAL LCD/LED 10 A 71 SBRUB750
20200221,9OH5CG01,21854,CELULAR BLU JENNY 2.8 T276 DB PRETO-AZUL     
20200221,72344701,21653,SUPORTE TV UNIVERSAL LCD/LED 10 A 71 SBRUB750
20200221,9O6OQQ01,21653,SUPORTE TV UNIVERSAL LCD/LED 10 A 71 SBRUB750
20200221,9O1GTQ01,21653,SUPORTE TV UNIVERSAL LCD/LED 10 A 71 SBRUB750
20200221,9O0SVX01,26328,CAIXA BLUETOOTH BS12A 12W SEMP TCL           
20200221,99C5AM01,25188,"TELEVISOR SMART 65"" 4K UN65NU7100 SAMSUNG    "
20200221,99C5AM01,21653,SUPORTE TV UNIVERSAL LCD/LED 10 A 71 SBRUB750
20200221,16065801,21653,SUPORTE TV UNIVERSAL LCD/LED 10 A 71 SBRUB750
20200221,22456301,21653,SUPORTE TV UNIVERSAL LCD/LED 10 A 71 SBRUB750
20200221,99EBN201,21653,SUPORTE TV UNIVERSAL LCD/LED 10 A 71 SBRUB750
20200221,YZ01JY01,25545,"TELEVISOR SMART 40"" TC40FS600B PANASONIC     "
20200221,84159601,23375,"TELEVISOR SMART 40"" KDL-40W655D SONY         "
20200221,99JL2I01,21653,SUPORTE TV UNIVERSAL LCD/LED 10 A 71 SBRUB750
20200221,YYZ9B601,25728,SMARTPHONE SAMSUNG GAL J4 CORE 16GB PRETO    
20200221,YZ01JE01,21653,SUPORTE TV UNIVERSAL LCD/LED 10 A 71 SBRUB750
20200221,YZ01JE01,25303,"TELEVISOR SMART 32"" TC32FS500B PANASONIC     "
20200221,YZ01VQ01,21653,SUPORTE TV UNIVERSAL LCD/LED 10 A 71 SBRUB750
20200221,YZ01N001,25303,"TELEVISOR SMART 32"" TC32FS500B PANASONIC     "
20200221,YZ01T601,21653,SUPORTE TV UNIVERSAL LCD/LED 10 A 71 SBRUB750
20200220,05240301,21653,SUPORTE TV UNIVERSAL LCD/LED 10 A 71 SBRUB750
20200220,94464301,26243,SUPORTE UNIV. BEDIN BU-25                    
20200220,20523701,21653,SUPORTE TV UNIVERSAL LCD/LED 10 A 71 SBRUB750
20200220,99K36Q01,21653,SUPORTE TV UNIVERSAL LCD/LED 10 A 71 SBRUB750
20200220,99IBHZ01,25728,SMARTPHONE SAMSUNG GAL J4 CORE 16GB PRETO    
20200220,YZ018E01,21653,SUPORTE TV UNIVERSAL LCD/LED 10 A 71 SBRUB750
20200220,20333701,21653,SUPORTE TV UNIVERSAL LCD/LED 10 A 71 SBRUB750
20200220,20333701,25241,PEN DRIVE MC162 2X1 LEITOR USB SD 16GB       
20200220,9OESAJ01,23375,"TELEVISOR SMART 40"" KDL-40W655D SONY         "
20200220,9OGZ7501,21653,SUPORTE TV UNIVERSAL LCD/LED 10 A 71 SBRUB750
20200220,9O1GQR01,26325,"TELEVISOR SMART 43"" 43S5300 HD BLUET SEMP TCL"
20200220,98290301,21653,SUPORTE TV UNIVERSAL LCD/LED 10 A 71 SBRUB750
20200220,9OQPFS01,26243,SUPORTE UNIV. BEDIN BU-25                    
20200220,91401801,26582,SMARTPHONE MOTOROLA MOTO G8 PLAY 32GB VERM   
20200220,99C6EY01,25738,"TELEVISOR SMART 43"" PTV43E60SN LED PHILCO    "
20200220,99AZZ201,21653,SUPORTE TV UNIVERSAL LCD/LED 10 A 71 SBRUB750
20200220,99AZZ201,23376,"TELEVISOR SMART 48"" KDL-48W655D SONY         "
20200220,74228001,25738,"TELEVISOR SMART 43"" PTV43E60SN LED PHILCO    "
20200220,99BLF301,21653,SUPORTE TV UNIVERSAL LCD/LED 10 A 71 SBRUB750
20200220,18953201,21653,SUPORTE TV UNIVERSAL LCD/LED 10 A 71 SBRUB750
20200220,10242201,21653,SUPORTE TV UNIVERSAL LCD/LED 10 A 71 SBRUB750
20200220,9NZGZY01,21653,SUPORTE TV UNIVERSAL LCD/LED 10 A 71 SBRUB750
20200220,9NZGZY01,25303,"TELEVISOR SMART 32"" TC32FS500B PANASONIC     "
20200220,99LPYQ01,25729,SMARTPHONE SAMSUNG GAL J4 CORE 16GB COBRE    
20200220,99K35M01,21653,SUPORTE TV UNIVERSAL LCD/LED 10 A 71 SBRUB750
20200220,9OR33A01,21647,DVD D-15 KARAOKE MONDIAL                     
20200220,16822501,21653,SUPORTE TV UNIVERSAL LCD/LED 10 A 71 SBRUB750
20200220,02874501,21653,SUPORTE TV UNIVERSAL LCD/LED 10 A 71 SBRUB750
20200220,45895701,26243,SUPORTE UNIV. BEDIN BU-25                    
20200220,9OMA1101,24851,TABLET NB706 MINI MS50L PRETO/GRAFIT         
20200220,99JLA001,26324,"TELEVISOR SMART 32"" 32S5300 HD BLUET SEMP TCL"
20200220,99JLA001,21653,SUPORTE TV UNIVERSAL LCD/LED 10 A 71 SBRUB750
20200220,99KXNE01,26243,SUPORTE UNIV. BEDIN BU-25                    
20200220,9OETXZ01,25303,"TELEVISOR SMART 32"" TC32FS500B PANASONIC     "
20200220,9OETXZ01,21653,SUPORTE TV UNIVERSAL LCD/LED 10 A 71 SBRUB750
20200220,97020701,24688,"TELEVISOR SMART 49"" 4K UN49MU6120 SAMSUNG    "
20200220,97020701,21653,SUPORTE TV UNIVERSAL LCD/LED 10 A 71 SBRUB750
20200220,50091701,25727,SMARTPHONE SAMSUNG GAL J2 CORE 16GB PRATA    
20200220,46685201,19729,PEN DRIVE 8GB PD587 TWIST PRETO              
20200220,16734301,21653,SUPORTE TV UNIVERSAL LCD/LED 10 A 71 SBRUB750
20200220,16555501,23375,"TELEVISOR SMART 40"" KDL-40W655D SONY         "
20200220,16555501,21653,SUPORTE TV UNIVERSAL LCD/LED 10 A 71 SBRUB750
20200220,999CSW01,21653,SUPORTE TV UNIVERSAL LCD/LED 10 A 71 SBRUB750
20200220,YZ01DU01,21653,SUPORTE TV UNIVERSAL LCD/LED 10 A 71 SBRUB750
20200220,YZ01AH01,21653,SUPORTE TV UNIVERSAL LCD/LED 10 A 71 SBRUB750
20200219,99FLT201,26587,SMARTPHONE MOTOROLA MOTO ONE MACRO 64GB VIOL 
20200219,76499101,24852,TABLET NB707 MINI MS50L BRANCO/DOURADO       
20200219,99C3O801,21653,SUPORTE TV UNIVERSAL LCD/LED 10 A 71 SBRUB750
20200219,9OG9TB01,25240,PEN DRIVE MC161 2X1 LEITOR USB SD 8G         
20200219,9OG9TB01,19729,PEN DRIVE 8GB PD587 TWIST PRETO              
20200219,99KBCY01,21653,SUPORTE TV UNIVERSAL LCD/LED 10 A 71 SBRUB750
20200219,9O3J2401,25997,"TELEVISOR 40"" 40S6500FS HD LED SEMP TCL      "
20200219,9O777M01,21653,SUPORTE TV UNIVERSAL LCD/LED 10 A 71 SBRUB750
20200219,99G9VP01,26243,SUPORTE UNIV. BEDIN BU-25                    
20200219,05368201,21653,SUPORTE TV UNIVERSAL LCD/LED 10 A 71 SBRUB750
20200219,05558301,21653,SUPORTE TV UNIVERSAL LCD/LED 10 A 71 SBRUB750
20200219,05558301,26527,SMARTPHONE LG K40S LMX430 BMW PRETO          
20200219,24482501,21653,SUPORTE TV UNIVERSAL LCD/LED 10 A 71 SBRUB750
20200219,19056701,21653,SUPORTE TV UNIVERSAL LCD/LED 10 A 71 SBRUB750
20200219,96954801,21653,SUPORTE TV UNIVERSAL LCD/LED 10 A 71 SBRUB750
20200219,16606801,21653,SUPORTE TV UNIVERSAL LCD/LED 10 A 71 SBRUB750
20200219,03591801,25767,CAIXA AMPLIFICADA CM-11 MULT CONECT PARTY BIV
20200219,99E5FO01,26008,SMARTPHONE SAMSUNG GAL A30  A305 64GB BRANCO 
20200219,99EZ8O01,25435,TABLET NB732 MINI MS50X PRETO                
20200219,00568801,25303,"TELEVISOR SMART 32"" TC32FS500B PANASONIC     "
20200219,00568801,21653,SUPORTE TV UNIVERSAL LCD/LED 10 A 71 SBRUB750
20200219,99D9UR01,23781,RADIO CJ65 ABRALLK LG                        
20200219,96105701,23375,"TELEVISOR SMART 40"" KDL-40W655D SONY         "
20200219,22545901,25240,PEN DRIVE MC161 2X1 LEITOR USB SD 8G         
20200219,34093401,21653,SUPORTE TV UNIVERSAL LCD/LED 10 A 71 SBRUB750
20200219,34093401,25188,"TELEVISOR SMART 65"" 4K UN65NU7100 SAMSUNG    "
20200219,30748201,26243,SUPORTE UNIV. BEDIN BU-25                    
20200219,99CPSP01,21653,SUPORTE TV UNIVERSAL LCD/LED 10 A 71 SBRUB750
20200219,91595701,21653,SUPORTE TV UNIVERSAL LCD/LED 10 A 71 SBRUB750
20200219,99CFYH01,26571,SMARTPHONE SAMSUNG GAL A20S 32GB AZUL        
20200219,9NYEYO01,26243,SUPORTE UNIV. BEDIN BU-25                    
20200219,99C5AW01,25681,SMARTPHONE MOTOROLA MOTO G7 PLUS XT1965-2 IND
20200219,18694001,25729,SMARTPHONE SAMSUNG GAL J4 CORE 16GB COBRE    
20200219,9O3EKV01,25997,"TELEVISOR 40"" 40S6500FS HD LED SEMP TCL      "
20200219,9OCF3S01,19729,PEN DRIVE 8GB PD587 TWIST PRETO              
20200219,96136101,21653,SUPORTE TV UNIVERSAL LCD/LED 10 A 71 SBRUB750
20200219,08306601,21603,DVD D-14 GAME STAR II MONDIAL                
20200219,08306601,21653,SUPORTE TV UNIVERSAL LCD/LED 10 A 71 SBRUB750
20200219,08306601,25354,"TELEVISOR SMART 32"" UN32J4290 SAMSUNG        "
20200219,YYZCLL01,21653,SUPORTE TV UNIVERSAL LCD/LED 10 A 71 SBRUB750
20200219,99HQ8R01,21653,SUPORTE TV UNIVERSAL LCD/LED 10 A 71 SBRUB750
20200219,99HQ8R01,25554,TELEVISOR SMART 32 PTV32N87SA LED PHILCO     
20200219,YZ00RR01,21653,SUPORTE TV UNIVERSAL LCD/LED 10 A 71 SBRUB750
20200219,YZ00UK01,21653,SUPORTE TV UNIVERSAL LCD/LED 10 A 71 SBRUB750
20200218,YYZZQU01,25355,"TELEVISOR SMART 43"" UN43J5290 SAMSUNG        "
20200218,YYZZQU01,21653,SUPORTE TV UNIVERSAL LCD/LED 10 A 71 SBRUB750
20200218,99CP0101,21653,SUPORTE TV UNIVERSAL LCD/LED 10 A 71 SBRUB750
20200218,70392901,21823,PEN DRIVE SONY R 8GB USMRGR                  
20200218,99BGEQ01,23376,"TELEVISOR SMART 48"" KDL-48W655D SONY         "
20200218,99BGEQ01,21653,SUPORTE TV UNIVERSAL LCD/LED 10 A 71 SBRUB750
20200218,16281601,21653,SUPORTE TV UNIVERSAL LCD/LED 10 A 71 SBRUB750
20200218,9O92RU01,25997,"TELEVISOR 40"" 40S6500FS HD LED SEMP TCL      "
20200218,23482701,21653,SUPORTE TV UNIVERSAL LCD/LED 10 A 71 SBRUB750
20200218,99CI4M01,22288,"TELEVISOR 40"" TC40D400B PANASONIC            "
20200218,61698301,25250,SMARTPHONE SAMSUNG GAL J6 64GB DB VIOLETA    
20200218,96292701,25355,"TELEVISOR SMART 43"" UN43J5290 SAMSUNG        "
20200218,9O50T401,26243,SUPORTE UNIV. BEDIN BU-25                    
20200218,99BJNR01,26243,SUPORTE UNIV. BEDIN BU-25                    
20200218,9O6OQQ01,25355,"TELEVISOR SMART 43"" UN43J5290 SAMSUNG        "
20200218,9O8J0601,23375,"TELEVISOR SMART 40"" KDL-40W655D SONY         "
20200218,9O8J0601,21653,SUPORTE TV UNIVERSAL LCD/LED 10 A 71 SBRUB750
20200218,9OFHYB01,21653,SUPORTE TV UNIVERSAL LCD/LED 10 A 71 SBRUB750
20200218,9OFHYB01,25355,"TELEVISOR SMART 43"" UN43J5290 SAMSUNG        "
20200218,99M1CE01,21653,SUPORTE TV UNIVERSAL LCD/LED 10 A 71 SBRUB750
20200218,70728501,26243,SUPORTE UNIV. BEDIN BU-25                    
20200218,96167501,21653,SUPORTE TV UNIVERSAL LCD/LED 10 A 71 SBRUB750
20200218,99303401,21653,SUPORTE TV UNIVERSAL LCD/LED 10 A 71 SBRUB750
20200218,91137501,21653,SUPORTE TV UNIVERSAL LCD/LED 10 A 71 SBRUB750
20200218,25294401,21653,SUPORTE TV UNIVERSAL LCD/LED 10 A 71 SBRUB750
20200218,19116701,21653,SUPORTE TV UNIVERSAL LCD/LED 10 A 71 SBRUB750
20200218,99MZMN01,21653,SUPORTE TV UNIVERSAL LCD/LED 10 A 71 SBRUB750
20200218,99LMSF01,21653,SUPORTE TV UNIVERSAL LCD/LED 10 A 71 SBRUB750
20200218,9OC80401,23802,BOOMBOX BX-19 BIVOLT UP DYNAMIC              
20200218,9OFNME01,21653,SUPORTE TV UNIVERSAL LCD/LED 10 A 71 SBRUB750
20200218,9ODT5601,26460,CAIXA DE SOM AMPLIF.TROLLEY 8 POL SP329      
20200218,9O5D8201,21653,SUPORTE TV UNIVERSAL LCD/LED 10 A 71 SBRUB750
20200218,99LHH801,21653,SUPORTE TV UNIVERSAL LCD/LED 10 A 71 SBRUB750
20200217,9OMUSE01,21653,SUPORTE TV UNIVERSAL LCD/LED 10 A 71 SBRUB750
20200217,9OMUSE01,23376,"TELEVISOR SMART 48"" KDL-48W655D SONY         "
20200217,99C7KT01,21653,SUPORTE TV UNIVERSAL LCD/LED 10 A 71 SBRUB750
20200217,9OA7FZ01,21653,SUPORTE TV UNIVERSAL LCD/LED 10 A 71 SBRUB750
20200217,9OBCFT01,21653,SUPORTE TV UNIVERSAL LCD/LED 10 A 71 SBRUB750
20200217,9OEECZ01,20966,PEN DRIVE 32GB PD589 TWIST PRETO             
20200217,17712801,21653,SUPORTE TV UNIVERSAL LCD/LED 10 A 71 SBRUB750
20200217,01060601,21653,SUPORTE TV UNIVERSAL LCD/LED 10 A 71 SBRUB750
20200217,01060601,25355,"TELEVISOR SMART 43"" UN43J5290 SAMSUNG        "
20200217,06554901,21653,SUPORTE TV UNIVERSAL LCD/LED 10 A 71 SBRUB750
20200217,99M4MP01,25579,SMARTPHONE SAMSUNG GAL J6 PLUS 32GB PRATA    
20200217,9OHMNM01,21653,SUPORTE TV UNIVERSAL LCD/LED 10 A 71 SBRUB750
20200217,9OKNYT01,26243,SUPORTE UNIV. BEDIN BU-25                    
20200217,08903501,21653,SUPORTE TV UNIVERSAL LCD/LED 10 A 71 SBRUB750
20200217,99PMQZ01,25355,"TELEVISOR SMART 43"" UN43J5290 SAMSUNG        "
20200217,9NYWMW01,21653,SUPORTE TV UNIVERSAL LCD/LED 10 A 71 SBRUB750
20200217,99CA4V01,26545,SMARTPHONE SAMSUNG GAL A10S 32GB AZUL        
20200217,03610801,26324,"TELEVISOR SMART 32"" 32S5300 HD BLUET SEMP TCL"
20200217,03610801,21653,SUPORTE TV UNIVERSAL LCD/LED 10 A 71 SBRUB750
20200217,9O444D01,26243,SUPORTE UNIV. BEDIN BU-25                    
20200217,66871601,21653,SUPORTE TV UNIVERSAL LCD/LED 10 A 71 SBRUB750
20200217,91422601,26324,"TELEVISOR SMART 32"" 32S5300 HD BLUET SEMP TCL"
20200217,91422601,21653,SUPORTE TV UNIVERSAL LCD/LED 10 A 71 SBRUB750
20200217,16543401,21653,SUPORTE TV UNIVERSAL LCD/LED 10 A 71 SBRUB750
20200217,19476101,25997,"TELEVISOR 40"" 40S6500FS HD LED SEMP TCL      "
20200217,19476101,21653,SUPORTE TV UNIVERSAL LCD/LED 10 A 71 SBRUB750
20200217,15961401,21653,SUPORTE TV UNIVERSAL LCD/LED 10 A 71 SBRUB750
20200217,9OI75Y01,21653,SUPORTE TV UNIVERSAL LCD/LED 10 A 71 SBRUB750
20200217,9NXF2I01,21653,SUPORTE TV UNIVERSAL LCD/LED 10 A 71 SBRUB750
20200217,9O4Q7L01,21653,SUPORTE TV UNIVERSAL LCD/LED 10 A 71 SBRUB750
20200217,9O4M2S01,21653,SUPORTE TV UNIVERSAL LCD/LED 10 A 71 SBRUB750
20200217,9OCE5C01,21653,SUPORTE TV UNIVERSAL LCD/LED 10 A 71 SBRUB750
20200217,24198401,21653,SUPORTE TV UNIVERSAL LCD/LED 10 A 71 SBRUB750
20200217,99BSJ701,21653,SUPORTE TV UNIVERSAL LCD/LED 10 A 71 SBRUB750
20200217,23482701,21821,PEN DRIVE NANO 16GB PD054 PRETO              
20200217,99MN0W01,21653,SUPORTE TV UNIVERSAL LCD/LED 10 A 71 SBRUB750
20200217,11739701,25437,RADIO CK43.ABRALLK X BOOM LG                 
20200217,25019101,21653,SUPORTE TV UNIVERSAL LCD/LED 10 A 71 SBRUB750
20200217,96137101,26570,SMARTPHONE SAMSUNG GAL A20S 32GB PRETO       
20200217,99C3SE01,21653,SUPORTE TV UNIVERSAL LCD/LED 10 A 71 SBRUB750
20200217,99KB2P01,21653,SUPORTE TV UNIVERSAL LCD/LED 10 A 71 SBRUB750
20200217,YYZZCJ01,21653,SUPORTE TV UNIVERSAL LCD/LED 10 A 71 SBRUB750
20200217,YYZFG301,21653,SUPORTE TV UNIVERSAL LCD/LED 10 A 71 SBRUB750
20200217,YYZTZL01,21653,SUPORTE TV UNIVERSAL LCD/LED 10 A 71 SBRUB750
20200217,YYZZDL01,21653,SUPORTE TV UNIVERSAL LCD/LED 10 A 71 SBRUB750
20200217,YYZZHE01,21653,SUPORTE TV UNIVERSAL LCD/LED 10 A 71 SBRUB750
20200217,YYZY9A01,25303,"TELEVISOR SMART 32"" TC32FS500B PANASONIC     "
20200217,YYZY9A01,21653,SUPORTE TV UNIVERSAL LCD/LED 10 A 71 SBRUB750
20200216,9OKEAH01,21653,SUPORTE TV UNIVERSAL LCD/LED 10 A 71 SBRUB750
20200216,9OGWQR01,21653,SUPORTE TV UNIVERSAL LCD/LED 10 A 71 SBRUB750
20200216,9OGWQR01,26243,SUPORTE UNIV. BEDIN BU-25                    
20200216,99PVWB01,21653,SUPORTE TV UNIVERSAL LCD/LED 10 A 71 SBRUB750
20200215,15491201,21653,SUPORTE TV UNIVERSAL LCD/LED 10 A 71 SBRUB750
20200215,20717101,21653,SUPORTE TV UNIVERSAL LCD/LED 10 A 71 SBRUB750
20200215,22998901,21653,SUPORTE TV UNIVERSAL LCD/LED 10 A 71 SBRUB750
20200215,95531001,26243,SUPORTE UNIV. BEDIN BU-25                    
20200215,13519001,25579,SMARTPHONE SAMSUNG GAL J6 PLUS 32GB PRATA    
20200215,99A70201,21653,SUPORTE TV UNIVERSAL LCD/LED 10 A 71 SBRUB750
20200215,99C15401,21653,SUPORTE TV UNIVERSAL LCD/LED 10 A 71 SBRUB750
20200215,99C15401,25717,"TELEVISOR SMART 50"" 50UK6520 UHD 4K LG       "
20200215,9OAEPO01,26571,SMARTPHONE SAMSUNG GAL A20S 32GB AZUL        
20200215,99HF4101,26243,SUPORTE UNIV. BEDIN BU-25                    
20200215,99HF4101,25303,"TELEVISOR SMART 32"" TC32FS500B PANASONIC     "
20200215,99H93801,21653,SUPORTE TV UNIVERSAL LCD/LED 10 A 71 SBRUB750
20200215,9OJK9J01,21653,SUPORTE TV UNIVERSAL LCD/LED 10 A 71 SBRUB750
20200215,99BPWX01,21653,SUPORTE TV UNIVERSAL LCD/LED 10 A 71 SBRUB750
20200215,99PVWF01,21653,SUPORTE TV UNIVERSAL LCD/LED 10 A 71 SBRUB750
20200215,10896401,21653,SUPORTE TV UNIVERSAL LCD/LED 10 A 71 SBRUB750
20200215,01376501,21653,SUPORTE TV UNIVERSAL LCD/LED 10 A 71 SBRUB750
20200215,88421701,25997,"TELEVISOR 40"" 40S6500FS HD LED SEMP TCL      "
20200215,55751401,25676,SMARTPHONE MOTOROLA MOTO G7 PLAY XT1952-5 DR 
20200215,00407401,21653,SUPORTE TV UNIVERSAL LCD/LED 10 A 71 SBRUB750
20200215,96047801,21653,SUPORTE TV UNIVERSAL LCD/LED 10 A 71 SBRUB750
20200215,99BGZV01,25303,"TELEVISOR SMART 32"" TC32FS500B PANASONIC     "
20200215,68721601,23611,SMARTPHONE SAMSUNG GAL J2 PRIME 16GB TV DB RS
20200215,88421701,21653,SUPORTE TV UNIVERSAL LCD/LED 10 A 71 SBRUB750
20200215,99IUMC01,25367,TABLET NB729 MINI MS40G BRANCO               
20200215,999C3901,26328,CAIXA BLUETOOTH BS12A 12W SEMP TCL           
20200215,57870201,25996,"TELEVISOR 32"" 32S6500S HD LED SEMP TCL       "
20200215,99C4VZ01,21653,SUPORTE TV UNIVERSAL LCD/LED 10 A 71 SBRUB750
20200215,99BGZV01,21653,SUPORTE TV UNIVERSAL LCD/LED 10 A 71 SBRUB750
20200215,9OBH9E01,21653,SUPORTE TV UNIVERSAL LCD/LED 10 A 71 SBRUB750
20200215,9O4I9O01,24632,CAIXA AMPLIFICADA CM-07 MONDIAL              
20200215,9OHREZ01,21653,SUPORTE TV UNIVERSAL LCD/LED 10 A 71 SBRUB750
20200215,20956201,21653,SUPORTE TV UNIVERSAL LCD/LED 10 A 71 SBRUB750
20200215,9ON97201,21653,SUPORTE TV UNIVERSAL LCD/LED 10 A 71 SBRUB750
20200215,9OBJZP01,21653,SUPORTE TV UNIVERSAL LCD/LED 10 A 71 SBRUB750
20200215,99BGK901,26328,CAIXA BLUETOOTH BS12A 12W SEMP TCL           
20200215,20272801,21653,SUPORTE TV UNIVERSAL LCD/LED 10 A 71 SBRUB750
20200215,9OR0D801,26569,SMARTPHONE SAMSUNG GAL A10S 32GB PRETO       
20200215,16065801,21653,SUPORTE TV UNIVERSAL LCD/LED 10 A 71 SBRUB750
20200215,99FWC901,26328,CAIXA BLUETOOTH BS12A 12W SEMP TCL           
20200215,20629901,25554,TELEVISOR SMART 32 PTV32N87SA LED PHILCO     
20200215,20629901,21653,SUPORTE TV UNIVERSAL LCD/LED 10 A 71 SBRUB750
20200215,20997601,21653,SUPORTE TV UNIVERSAL LCD/LED 10 A 71 SBRUB750
20200215,YYZYOB01,21653,SUPORTE TV UNIVERSAL LCD/LED 10 A 71 SBRUB750
20200215,YYZTUH01,21653,SUPORTE TV UNIVERSAL LCD/LED 10 A 71 SBRUB750
20200215,YYZYII01,21653,SUPORTE TV UNIVERSAL LCD/LED 10 A 71 SBRUB750
20200214,21302901,21653,SUPORTE TV UNIVERSAL LCD/LED 10 A 71 SBRUB750
20200214,91565401,21653,SUPORTE TV UNIVERSAL LCD/LED 10 A 71 SBRUB750
20200214,91565401,23966,"TELEVISOR SMART 32"" PH32B51DSWGA PHILCO      "
20200214,17353001,25554,TELEVISOR SMART 32 PTV32N87SA LED PHILCO     
20200214,9O860901,21653,SUPORTE TV UNIVERSAL LCD/LED 10 A 71 SBRUB750
20200214,24994301,21653,SUPORTE TV UNIVERSAL LCD/LED 10 A 71 SBRUB750
20200214,24994301,25737,"TELEVISOR SMART 32"" PTV32 G50SN LED PHILCO   "
20200214,99BGSD01,23904,"TELEVISOR SMART 49"" UN49J5200 SAMSUNG        "
20200214,99BGSD01,21653,SUPORTE TV UNIVERSAL LCD/LED 10 A 71 SBRUB750
20200214,9OK4VX01,21653,SUPORTE TV UNIVERSAL LCD/LED 10 A 71 SBRUB750
20200214,9OK0XF01,21653,SUPORTE TV UNIVERSAL LCD/LED 10 A 71 SBRUB750
20200214,9OG2GZ01,21653,SUPORTE TV UNIVERSAL LCD/LED 10 A 71 SBRUB750
20200214,99BQH301,25303,"TELEVISOR SMART 32"" TC32FS500B PANASONIC     "
20200214,99BQH301,21653,SUPORTE TV UNIVERSAL LCD/LED 10 A 71 SBRUB750
20200214,99BT7Y01,21653,SUPORTE TV UNIVERSAL LCD/LED 10 A 71 SBRUB750
20200214,13282001,21653,SUPORTE TV UNIVERSAL LCD/LED 10 A 71 SBRUB750
20200214,99556801,21653,SUPORTE TV UNIVERSAL LCD/LED 10 A 71 SBRUB750
20200214,98605901,21653,SUPORTE TV UNIVERSAL LCD/LED 10 A 71 SBRUB750
20200214,07608101,21653,SUPORTE TV UNIVERSAL LCD/LED 10 A 71 SBRUB750
20200214,95955701,19729,PEN DRIVE 8GB PD587 TWIST PRETO              
20200214,99J17U01,21653,SUPORTE TV UNIVERSAL LCD/LED 10 A 71 SBRUB750
20200214,999HAM01,26243,SUPORTE UNIV. BEDIN BU-25                    
20200214,9O4RSU01,26243,SUPORTE UNIV. BEDIN BU-25                    
20200214,99PXGZ01,25676,SMARTPHONE MOTOROLA MOTO G7 PLAY XT1952-5 DR 
20200214,99BHQT01,21653,SUPORTE TV UNIVERSAL LCD/LED 10 A 71 SBRUB750
20200214,11360801,21653,SUPORTE TV UNIVERSAL LCD/LED 10 A 71 SBRUB750
20200214,9O370I01,21653,SUPORTE TV UNIVERSAL LCD/LED 10 A 71 SBRUB750
20200214,02032201,21653,SUPORTE TV UNIVERSAL LCD/LED 10 A 71 SBRUB750
20200214,04174901,24716,RECEPTOR MIDIA BOX HDTV B3                   
20200214,04174901,25737,"TELEVISOR SMART 32"" PTV32 G50SN LED PHILCO   "
20200214,04174901,21653,SUPORTE TV UNIVERSAL LCD/LED 10 A 71 SBRUB750
20200214,99H7B301,25250,SMARTPHONE SAMSUNG GAL J6 64GB DB VIOLETA    
20200214,9OAK6K01,25726,SMARTPHONE SAMSUNG GAL J2 CORE 16GB PRETO    
20200214,9OAK6K01,23966,"TELEVISOR SMART 32"" PH32B51DSWGA PHILCO      "
20200214,99GD0I01,26545,SMARTPHONE SAMSUNG GAL A10S 32GB AZUL        
20200214,YYZSID01,21653,SUPORTE TV UNIVERSAL LCD/LED 10 A 71 SBRUB750
20200214,YYZXPR01,21653,SUPORTE TV UNIVERSAL LCD/LED 10 A 71 SBRUB750
20200214,YYZXXY01,21653,SUPORTE TV UNIVERSAL LCD/LED 10 A 71 SBRUB750
20200214,YYZY1F01,21653,SUPORTE TV UNIVERSAL LCD/LED 10 A 71 SBRUB750
20200214,YYZY0901,21653,SUPORTE TV UNIVERSAL LCD/LED 10 A 71 SBRUB750
20200213,000RVX01,26243,SUPORTE UNIV. BEDIN BU-25                    
20200213,000RVX01,21653,SUPORTE TV UNIVERSAL LCD/LED 10 A 71 SBRUB750
20200213,YYYXVK01,21653,SUPORTE TV UNIVERSAL LCD/LED 10 A 71 SBRUB750
20200213,YYZX7M01,21653,SUPORTE TV UNIVERSAL LCD/LED 10 A 71 SBRUB750
20200213,95229801,21854,CELULAR BLU JENNY 2.8 T276 DB PRETO-AZUL     
20200213,99H7B301,25250,SMARTPHONE SAMSUNG GAL J6 64GB DB VIOLETA    
20200213,18718601,21653,SUPORTE TV UNIVERSAL LCD/LED 10 A 71 SBRUB750
20200213,04084701,26324,"TELEVISOR SMART 32"" 32S5300 HD BLUET SEMP TCL"
20200213,04084701,21653,SUPORTE TV UNIVERSAL LCD/LED 10 A 71 SBRUB750
20200213,90249001,21653,SUPORTE TV UNIVERSAL LCD/LED 10 A 71 SBRUB750
20200213,99EK5Z01,26579,SMARTPHONE MOTOROLA MOTO E6 PLAY 32GB CINZA  
20200213,25258201,21653,SUPORTE TV UNIVERSAL LCD/LED 10 A 71 SBRUB750
20200213,22473201,21653,SUPORTE TV UNIVERSAL LCD/LED 10 A 71 SBRUB750
20200213,99CJAU01,25669,"TELEVISOR SMART 43"" 43LK5750PSA.BWZ LG       "
20200213,03034401,21653,SUPORTE TV UNIVERSAL LCD/LED 10 A 71 SBRUB750
20200213,03034401,24716,RECEPTOR MIDIA BOX HDTV B3                   
20200213,9OBSP201,25579,SMARTPHONE SAMSUNG GAL J6 PLUS 32GB PRATA    
20200213,18169401,21653,SUPORTE TV UNIVERSAL LCD/LED 10 A 71 SBRUB750
20200213,45895701,23783,RADIO CJ44 ABRALLK LG                        
20200213,9OF7OC01,21653,SUPORTE TV UNIVERSAL LCD/LED 10 A 71 SBRUB750
20200213,9OF7OC01,25545,"TELEVISOR SMART 40"" TC40FS600B PANASONIC     "
20200213,9NY6UJ01,21653,SUPORTE TV UNIVERSAL LCD/LED 10 A 71 SBRUB750
20200213,01612701,25188,"TELEVISOR SMART 65"" 4K UN65NU7100 SAMSUNG    "
20200213,01612701,21653,SUPORTE TV UNIVERSAL LCD/LED 10 A 71 SBRUB750
20200213,99FCQ301,25435,TABLET NB732 MINI MS50X PRETO                
20200213,99CN8X01,21653,SUPORTE TV UNIVERSAL LCD/LED 10 A 71 SBRUB750
20200213,99CJLC01,21653,SUPORTE TV UNIVERSAL LCD/LED 10 A 71 SBRUB750
20200213,99C5B001,21653,SUPORTE TV UNIVERSAL LCD/LED 10 A 71 SBRUB750
20200213,9OJFF401,21653,SUPORTE TV UNIVERSAL LCD/LED 10 A 71 SBRUB750
20200213,9OHVCD01,21653,SUPORTE TV UNIVERSAL LCD/LED 10 A 71 SBRUB750
20200213,99BXV801,19729,PEN DRIVE 8GB PD587 TWIST PRETO              
20200213,99BXV801,26431,CAIXA DE SOM SK-05 VIBE PLUS SPEAKER BIVOLT  
20200213,90805901,21653,SUPORTE TV UNIVERSAL LCD/LED 10 A 71 SBRUB750
20200213,06511401,21653,SUPORTE TV UNIVERSAL LCD/LED 10 A 71 SBRUB750
20200213,9NZ8EK01,21653,SUPORTE TV UNIVERSAL LCD/LED 10 A 71 SBRUB750
20200213,9O9UBJ01,21653,SUPORTE TV UNIVERSAL LCD/LED 10 A 71 SBRUB750
20200213,99LZ7C01,21653,SUPORTE TV UNIVERSAL LCD/LED 10 A 71 SBRUB750
20200213,02522301,25738,"TELEVISOR SMART 43"" PTV43E60SN LED PHILCO    "
20200213,20382901,21653,SUPORTE TV UNIVERSAL LCD/LED 10 A 71 SBRUB750
20200213,55268201,26573,SMARTPHONE SAMSUNG GAL A30S 64GB PRETO       
20200213,99AAOG01,25737,"TELEVISOR SMART 32"" PTV32 G50SN LED PHILCO   "
20200213,99AAOG01,21653,SUPORTE TV UNIVERSAL LCD/LED 10 A 71 SBRUB750
20200213,04643101,25545,"TELEVISOR SMART 40"" TC40FS600B PANASONIC     "
20200213,999U8X01,24368,ROTEADOR RE184 1200MBPS AC DUAL              
20200212,66834101,21653,SUPORTE TV UNIVERSAL LCD/LED 10 A 71 SBRUB750
20200212,06089301,25545,"TELEVISOR SMART 40"" TC40FS600B PANASONIC     "
20200212,06089301,21653,SUPORTE TV UNIVERSAL LCD/LED 10 A 71 SBRUB750
20200212,9O7B8401,25246,PEN DRIVE PD590 64GB TWIST PRETO             
20200212,9O0E5M01,25367,TABLET NB729 MINI MS40G BRANCO               
20200212,00471101,21653,SUPORTE TV UNIVERSAL LCD/LED 10 A 71 SBRUB750
20200212,99LTWB01,21653,SUPORTE TV UNIVERSAL LCD/LED 10 A 71 SBRUB750
20200212,24746001,21653,SUPORTE TV UNIVERSAL LCD/LED 10 A 71 SBRUB750
20200212,99LPBJ01,25303,"TELEVISOR SMART 32"" TC32FS500B PANASONIC     "
20200212,24249101,26579,SMARTPHONE MOTOROLA MOTO E6 PLAY 32GB CINZA  
20200212,87229801,23802,BOOMBOX BX-19 BIVOLT UP DYNAMIC              
20200212,9OJ8IS01,24716,RECEPTOR MIDIA BOX HDTV B3                   
20200212,9OOVLO01,21653,SUPORTE TV UNIVERSAL LCD/LED 10 A 71 SBRUB750
20200212,99EBGO01,21653,SUPORTE TV UNIVERSAL LCD/LED 10 A 71 SBRUB750
20200212,9OOTHN01,21653,SUPORTE TV UNIVERSAL LCD/LED 10 A 71 SBRUB750
20200212,9O37JX01,26571,SMARTPHONE SAMSUNG GAL A20S 32GB AZUL        
20200212,9OQ4JD01,21653,SUPORTE TV UNIVERSAL LCD/LED 10 A 71 SBRUB750
20200212,9OQ4JD01,21653,SUPORTE TV UNIVERSAL LCD/LED 10 A 71 SBRUB750
20200212,9OQ4JD01,25545,"TELEVISOR SMART 40"" TC40FS600B PANASONIC     "
20200212,03039001,21653,SUPORTE TV UNIVERSAL LCD/LED 10 A 71 SBRUB750
20200212,99D46301,21653,SUPORTE TV UNIVERSAL LCD/LED 10 A 71 SBRUB750
20200212,01952001,21653,SUPORTE TV UNIVERSAL LCD/LED 10 A 71 SBRUB750
20200212,9OLGHM01,21653,SUPORTE TV UNIVERSAL LCD/LED 10 A 71 SBRUB750
20200212,99CO7F01,21653,SUPORTE TV UNIVERSAL LCD/LED 10 A 71 SBRUB750
20200212,9O0K9P01,21653,SUPORTE TV UNIVERSAL LCD/LED 10 A 71 SBRUB750
20200212,90207701,25580,SMARTPHONE SAMSUNG GAL J6 PLUS 32GB PRETO    
20200212,9NYNME01,21653,SUPORTE TV UNIVERSAL LCD/LED 10 A 71 SBRUB750
20200212,69550701,25193,SMARTPHONE SAMSUNG GAL J6 32GB PRATA         
20200212,19469701,21653,SUPORTE TV UNIVERSAL LCD/LED 10 A 71 SBRUB750
20200212,32504901,26243,SUPORTE UNIV. BEDIN BU-25                    
20200212,90633201,26460,CAIXA DE SOM AMPLIF.TROLLEY 8 POL SP329      
20200212,99F46O01,25729,SMARTPHONE SAMSUNG GAL J4 CORE 16GB COBRE    
20200212,32504901,23376,"TELEVISOR SMART 48"" KDL-48W655D SONY         "
20200212,22759701,21653,SUPORTE TV UNIVERSAL LCD/LED 10 A 71 SBRUB750
20200212,96604601,21653,SUPORTE TV UNIVERSAL LCD/LED 10 A 71 SBRUB750
20200212,96604601,25241,PEN DRIVE MC162 2X1 LEITOR USB SD 16GB       
20200212,00705201,21653,SUPORTE TV UNIVERSAL LCD/LED 10 A 71 SBRUB750
20200212,96171501,21855,CELULAR BLU JENNY 2.8 T276 DB PRETO-VERMEL   
20200212,77789901,23802,BOOMBOX BX-19 BIVOLT UP DYNAMIC              
20200212,77789901,23802,BOOMBOX BX-19 BIVOLT UP DYNAMIC              
20200212,16490501,21653,SUPORTE TV UNIVERSAL LCD/LED 10 A 71 SBRUB750
20200212,16490501,25545,"TELEVISOR SMART 40"" TC40FS600B PANASONIC     "
20200212,12089001,21653,SUPORTE TV UNIVERSAL LCD/LED 10 A 71 SBRUB750
20200212,10627001,25539,SMARTPHONE SAMSUNG GAL J6 64GB PRATA         
20200212,99JQQD01,25579,SMARTPHONE SAMSUNG GAL J6 PLUS 32GB PRATA    
20200212,04398701,21653,SUPORTE TV UNIVERSAL LCD/LED 10 A 71 SBRUB750
20200212,08501301,26386,SMARTPHONE LG K8 PLUS AZUL                   
20200212,17387901,21653,SUPORTE TV UNIVERSAL LCD/LED 10 A 71 SBRUB750
20200212,30984201,25676,SMARTPHONE MOTOROLA MOTO G7 PLAY XT1952-5 DR 
20200212,99C95R01,21653,SUPORTE TV UNIVERSAL LCD/LED 10 A 71 SBRUB750
20200212,9OCW5601,21653,SUPORTE TV UNIVERSAL LCD/LED 10 A 71 SBRUB750
20200212,9OKL8C01,25172,SMARTPHONE LG K9 TV LM-X210BMW PRETO         
20200212,9OIROD01,25580,SMARTPHONE SAMSUNG GAL J6 PLUS 32GB PRETO    
20200212,9OIROD01,21653,SUPORTE TV UNIVERSAL LCD/LED 10 A 71 SBRUB750
20200212,YYZWID01,21653,SUPORTE TV UNIVERSAL LCD/LED 10 A 71 SBRUB750
20200212,00613101,21653,SUPORTE TV UNIVERSAL LCD/LED 10 A 71 SBRUB750
20200212,YYZW9S01,21653,SUPORTE TV UNIVERSAL LCD/LED 10 A 71 SBRUB750
20200212,YYZW9S01,25545,"TELEVISOR SMART 40"" TC40FS600B PANASONIC     "
20200211,99C10301,21653,SUPORTE TV UNIVERSAL LCD/LED 10 A 71 SBRUB750
20200211,04159201,21653,SUPORTE TV UNIVERSAL LCD/LED 10 A 71 SBRUB750
20200211,05099001,25676,SMARTPHONE MOTOROLA MOTO G7 PLAY XT1952-5 DR 
20200211,15135101,21653,SUPORTE TV UNIVERSAL LCD/LED 10 A 71 SBRUB750
20200211,25617401,21653,SUPORTE TV UNIVERSAL LCD/LED 10 A 71 SBRUB750
20200211,21917701,25356,"TELEVISOR SMART 49"" UN49J5290 SAMSUNG        "
20200211,21917701,21653,SUPORTE TV UNIVERSAL LCD/LED 10 A 71 SBRUB750
20200211,23958601,21653,SUPORTE TV UNIVERSAL LCD/LED 10 A 71 SBRUB750
20200211,99IYEN01,21653,SUPORTE TV UNIVERSAL LCD/LED 10 A 71 SBRUB750
20200211,99PW7601,21653,SUPORTE TV UNIVERSAL LCD/LED 10 A 71 SBRUB750
20200211,02522301,15712,SUPORTE PRETO TV LCD 10 A 55 ART.SBRP120     
20200211,9O19A701,21653,SUPORTE TV UNIVERSAL LCD/LED 10 A 71 SBRUB750
20200211,06143401,21653,SUPORTE TV UNIVERSAL LCD/LED 10 A 71 SBRUB750
20200211,9OKNYT01,26243,SUPORTE UNIV. BEDIN BU-25                    
20200211,02854801,21653,SUPORTE TV UNIVERSAL LCD/LED 10 A 71 SBRUB750
20200211,99MZMN01,24716,RECEPTOR MIDIA BOX HDTV B3                   
20200211,32728901,23802,BOOMBOX BX-19 BIVOLT UP DYNAMIC              
20200211,45608001,23802,BOOMBOX BX-19 BIVOLT UP DYNAMIC              
20200211,45608001,26243,SUPORTE UNIV. BEDIN BU-25                    
20200211,99AP3901,26243,SUPORTE UNIV. BEDIN BU-25                    
20200211,89497501,21653,SUPORTE TV UNIVERSAL LCD/LED 10 A 71 SBRUB750
20200211,90452701,22752,CELULAR RIU FLIP 2.4 DB DOURADO              
20200211,999AMV01,20966,PEN DRIVE 32GB PD589 TWIST PRETO             
20200211,99FWQE01,25676,SMARTPHONE MOTOROLA MOTO G7 PLAY XT1952-5 DR 
20200211,90644401,25193,SMARTPHONE SAMSUNG GAL J6 32GB PRATA         
20200211,15331201,23802,BOOMBOX BX-19 BIVOLT UP DYNAMIC              
20200211,9O5GMB01,21653,SUPORTE TV UNIVERSAL LCD/LED 10 A 71 SBRUB750
20200211,71796301,21653,SUPORTE TV UNIVERSAL LCD/LED 10 A 71 SBRUB750
20200211,9NZ5KR01,21653,SUPORTE TV UNIVERSAL LCD/LED 10 A 71 SBRUB750
20200211,9O6CB801,21653,SUPORTE TV UNIVERSAL LCD/LED 10 A 71 SBRUB750
20200211,YYZTDD01,21653,SUPORTE TV UNIVERSAL LCD/LED 10 A 71 SBRUB750
20200211,YYZVOK01,21653,SUPORTE TV UNIVERSAL LCD/LED 10 A 71 SBRUB750
20200211,22494401,21653,SUPORTE TV UNIVERSAL LCD/LED 10 A 71 SBRUB750
20200211,000ZBJ01,21653,SUPORTE TV UNIVERSAL LCD/LED 10 A 71 SBRUB750
20200211,YYZVDV01,21653,SUPORTE TV UNIVERSAL LCD/LED 10 A 71 SBRUB750
20200211,YYZVYQ01,21653,SUPORTE TV UNIVERSAL LCD/LED 10 A 71 SBRUB750
20200211,YYZVYQ01,25545,"TELEVISOR SMART 40"" TC40FS600B PANASONIC     "
20200211,YYZVDR01,21653,SUPORTE TV UNIVERSAL LCD/LED 10 A 71 SBRUB750
20200210,15722601,21653,SUPORTE TV UNIVERSAL LCD/LED 10 A 71 SBRUB750
20200210,25427101,21653,SUPORTE TV UNIVERSAL LCD/LED 10 A 71 SBRUB750
20200210,02805101,21653,SUPORTE TV UNIVERSAL LCD/LED 10 A 71 SBRUB750
20200210,99NVH401,21653,SUPORTE TV UNIVERSAL LCD/LED 10 A 71 SBRUB750
20200210,999AO701,21653,SUPORTE TV UNIVERSAL LCD/LED 10 A 71 SBRUB750
20200210,999AO701,25545,"TELEVISOR SMART 40"" TC40FS600B PANASONIC     "
20200210,999Q2G01,21653,SUPORTE TV UNIVERSAL LCD/LED 10 A 71 SBRUB750
20200210,9O4XVD01,21653,SUPORTE TV UNIVERSAL LCD/LED 10 A 71 SBRUB750
20200210,20999101,21653,SUPORTE TV UNIVERSAL LCD/LED 10 A 71 SBRUB750
20200210,99660301,21653,SUPORTE TV UNIVERSAL LCD/LED 10 A 71 SBRUB750
20200210,06983401,25729,SMARTPHONE SAMSUNG GAL J4 CORE 16GB COBRE    
20200210,19698501,21653,SUPORTE TV UNIVERSAL LCD/LED 10 A 71 SBRUB750
20200210,19698501,25188,"TELEVISOR SMART 65"" 4K UN65NU7100 SAMSUNG    "
20200210,999XA401,21653,SUPORTE TV UNIVERSAL LCD/LED 10 A 71 SBRUB750
20200210,999XA401,25545,"TELEVISOR SMART 40"" TC40FS600B PANASONIC     "
20200210,22656801,25354,"TELEVISOR SMART 32"" UN32J4290 SAMSUNG        "
20200210,99ECYP01,26126,SMARTPHONE SAMSUNG GAL A70  A705 128GB AZUL  
20200210,9OPD1Y01,25355,"TELEVISOR SMART 43"" UN43J5290 SAMSUNG        "
20200210,9OPD1Y01,21653,SUPORTE TV UNIVERSAL LCD/LED 10 A 71 SBRUB750
20200210,08903501,25545,"TELEVISOR SMART 40"" TC40FS600B PANASONIC     "
20200210,99EF4O01,21653,SUPORTE TV UNIVERSAL LCD/LED 10 A 71 SBRUB750
20200210,99EF4O01,25354,"TELEVISOR SMART 32"" UN32J4290 SAMSUNG        "
20200210,17645001,25545,"TELEVISOR SMART 40"" TC40FS600B PANASONIC     "
20200210,17645001,21653,SUPORTE TV UNIVERSAL LCD/LED 10 A 71 SBRUB750
20200210,86825901,21653,SUPORTE TV UNIVERSAL LCD/LED 10 A 71 SBRUB750
20200210,86825901,25355,"TELEVISOR SMART 43"" UN43J5290 SAMSUNG        "
20200210,86825901,21653,SUPORTE TV UNIVERSAL LCD/LED 10 A 71 SBRUB750
20200210,02682501,21653,SUPORTE TV UNIVERSAL LCD/LED 10 A 71 SBRUB750
20200210,11025001,21653,SUPORTE TV UNIVERSAL LCD/LED 10 A 71 SBRUB750
20200210,11025001,24716,RECEPTOR MIDIA BOX HDTV B3                   
20200210,90302301,21653,SUPORTE TV UNIVERSAL LCD/LED 10 A 71 SBRUB750
20200210,19476101,25173,SMARTPHONE LG K9 TV LM-X210BMW INDIGO        
20200210,99BNV101,25356,"TELEVISOR SMART 49"" UN49J5290 SAMSUNG        "
20200210,99BNV101,21653,SUPORTE TV UNIVERSAL LCD/LED 10 A 71 SBRUB750
20200210,9NWATT01,21653,SUPORTE TV UNIVERSAL LCD/LED 10 A 71 SBRUB750
20200210,9OA1DA01,21653,SUPORTE TV UNIVERSAL LCD/LED 10 A 71 SBRUB750
20200210,9NYDDQ01,26460,CAIXA DE SOM AMPLIF.TROLLEY 8 POL SP329      
20200210,9OHREZ01,25738,"TELEVISOR SMART 43"" PTV43E60SN LED PHILCO    "
20200210,15104001,21653,SUPORTE TV UNIVERSAL LCD/LED 10 A 71 SBRUB750
20200210,99FABI01,25437,RADIO CK43.ABRALLK X BOOM LG                 
20200210,9OP1SA01,21653,SUPORTE TV UNIVERSAL LCD/LED 10 A 71 SBRUB750
20200210,59869401,21653,SUPORTE TV UNIVERSAL LCD/LED 10 A 71 SBRUB750
20200210,59869401,25545,"TELEVISOR SMART 40"" TC40FS600B PANASONIC     "
20200210,12014301,26569,SMARTPHONE SAMSUNG GAL A10S 32GB PRETO       
20200210,03034401,21653,SUPORTE TV UNIVERSAL LCD/LED 10 A 71 SBRUB750
20200210,999K2K01,21653,SUPORTE TV UNIVERSAL LCD/LED 10 A 71 SBRUB750
20200210,999SX801,21653,SUPORTE TV UNIVERSAL LCD/LED 10 A 71 SBRUB750
20200210,20041701,21653,SUPORTE TV UNIVERSAL LCD/LED 10 A 71 SBRUB750
20200210,97240101,21653,SUPORTE TV UNIVERSAL LCD/LED 10 A 71 SBRUB750
20200210,YYZUML01,21653,SUPORTE TV UNIVERSAL LCD/LED 10 A 71 SBRUB750
20200210,YYZUIN01,21653,SUPORTE TV UNIVERSAL LCD/LED 10 A 71 SBRUB750
20200210,YYZUIN01,25356,"TELEVISOR SMART 49"" UN49J5290 SAMSUNG        "
20200210,YYZUVZ01,21653,SUPORTE TV UNIVERSAL LCD/LED 10 A 71 SBRUB750
20200210,000YJ701,21653,SUPORTE TV UNIVERSAL LCD/LED 10 A 71 SBRUB750
20200210,YYZS8B01,21653,SUPORTE TV UNIVERSAL LCD/LED 10 A 71 SBRUB750
20200210,YYZUOV01,25354,"TELEVISOR SMART 32"" UN32J4290 SAMSUNG        "
20200210,YYZUOV01,21653,SUPORTE TV UNIVERSAL LCD/LED 10 A 71 SBRUB750
20200210,YYYLM801,21653,SUPORTE TV UNIVERSAL LCD/LED 10 A 71 SBRUB750
20200210,YYYLM801,26178,"TELEVISOR SMART 49"" 49SK6200 HD LED 4K SEMP T"
20200210,YYZV1R01,21653,SUPORTE TV UNIVERSAL LCD/LED 10 A 71 SBRUB750
20200209,51083201,25250,SMARTPHONE SAMSUNG GAL J6 64GB DB VIOLETA    
20200208,35446501,21653,SUPORTE TV UNIVERSAL LCD/LED 10 A 71 SBRUB750
20200208,21236601,25546,"TELEVISOR SMART 32"" TC32FS600B PANASONIC     "
20200208,21236601,21653,SUPORTE TV UNIVERSAL LCD/LED 10 A 71 SBRUB750
20200208,53816701,26243,SUPORTE UNIV. BEDIN BU-25                    
20200208,9NYRZ901,26325,"TELEVISOR SMART 43"" 43S5300 HD BLUET SEMP TCL"
20200208,9NYRZ901,21653,SUPORTE TV UNIVERSAL LCD/LED 10 A 71 SBRUB750
20200208,17353001,25546,"TELEVISOR SMART 32"" TC32FS600B PANASONIC     "
20200208,17353001,21653,SUPORTE TV UNIVERSAL LCD/LED 10 A 71 SBRUB750
20200208,24035501,26243,SUPORTE UNIV. BEDIN BU-25                    
20200208,14641501,21653,SUPORTE TV UNIVERSAL LCD/LED 10 A 71 SBRUB750
20200208,91354601,21653,SUPORTE TV UNIVERSAL LCD/LED 10 A 71 SBRUB750
20200208,9O0BHQ01,21653,SUPORTE TV UNIVERSAL LCD/LED 10 A 71 SBRUB750
20200208,19047801,20599,ROTEADOR RE160 300 MBPS NOVO (05)            
20200208,21193601,21653,SUPORTE TV UNIVERSAL LCD/LED 10 A 71 SBRUB750
20200208,99D0DY01,21653,SUPORTE TV UNIVERSAL LCD/LED 10 A 71 SBRUB750
20200208,99BSJO01,21653,SUPORTE TV UNIVERSAL LCD/LED 10 A 71 SBRUB750
20200208,9OLMHH01,20966,PEN DRIVE 32GB PD589 TWIST PRETO             
20200208,10652501,21653,SUPORTE TV UNIVERSAL LCD/LED 10 A 71 SBRUB750
20200208,20147501,21653,SUPORTE TV UNIVERSAL LCD/LED 10 A 71 SBRUB750
20200208,90207701,21653,SUPORTE TV UNIVERSAL LCD/LED 10 A 71 SBRUB750
20200208,90207701,19729,PEN DRIVE 8GB PD587 TWIST PRETO              
20200208,06250001,21653,SUPORTE TV UNIVERSAL LCD/LED 10 A 71 SBRUB750
20200208,99A4WX01,21653,SUPORTE TV UNIVERSAL LCD/LED 10 A 71 SBRUB750
20200208,11165501,25356,"TELEVISOR SMART 49"" UN49J5290 SAMSUNG        "
20200208,99BXN801,21653,SUPORTE TV UNIVERSAL LCD/LED 10 A 71 SBRUB750
20200208,00705201,25356,"TELEVISOR SMART 49"" UN49J5290 SAMSUNG        "
20200208,99CLWX01,21653,SUPORTE TV UNIVERSAL LCD/LED 10 A 71 SBRUB750
20200208,9NZV8J01,22506,ROTEADOR RE057 150MBPS 1 ANT.4PTS.LAN        
20200208,9OIRCC01,21653,SUPORTE TV UNIVERSAL LCD/LED 10 A 71 SBRUB750
20200208,99BGFW01,26324,"TELEVISOR SMART 32"" 32S5300 HD BLUET SEMP TCL"
20200208,99BGFW01,21653,SUPORTE TV UNIVERSAL LCD/LED 10 A 71 SBRUB750
20200208,9OES3E01,25676,SMARTPHONE MOTOROLA MOTO G7 PLAY XT1952-5 DR 
20200208,9O99L701,25996,"TELEVISOR 32"" 32S6500S HD LED SEMP TCL       "
20200208,9O50T401,26243,SUPORTE UNIV. BEDIN BU-25                    
20200208,15104001,24716,RECEPTOR MIDIA BOX HDTV B3                   
20200208,15104001,25354,"TELEVISOR SMART 32"" UN32J4290 SAMSUNG        "
20200208,9O5ZUA01,21653,SUPORTE TV UNIVERSAL LCD/LED 10 A 71 SBRUB750
20200208,99CB3201,21653,SUPORTE TV UNIVERSAL LCD/LED 10 A 71 SBRUB750
20200208,03206401,21653,SUPORTE TV UNIVERSAL LCD/LED 10 A 71 SBRUB750
20200208,02505701,21653,SUPORTE TV UNIVERSAL LCD/LED 10 A 71 SBRUB750
20200208,99FIQJ01,25244,TABLET NB730 MINI MS50G PRATA/PRETO          
20200208,9O0D5Y01,21653,SUPORTE TV UNIVERSAL LCD/LED 10 A 71 SBRUB750
20200208,03095101,21653,SUPORTE TV UNIVERSAL LCD/LED 10 A 71 SBRUB750
20200208,YYZTW701,21653,SUPORTE TV UNIVERSAL LCD/LED 10 A 71 SBRUB750
20200208,YYZU6701,21653,SUPORTE TV UNIVERSAL LCD/LED 10 A 71 SBRUB750
20200207,74354201,21653,SUPORTE TV UNIVERSAL LCD/LED 10 A 71 SBRUB750
20200207,99D02401,21653,SUPORTE TV UNIVERSAL LCD/LED 10 A 71 SBRUB750
20200207,99G7N601,26243,SUPORTE UNIV. BEDIN BU-25                    
20200207,99L90G01,26387,SMARTPHONE LG K8 PLUS PLATINUM               
20200207,99HYQ501,26243,SUPORTE UNIV. BEDIN BU-25                    
20200207,16912101,21653,SUPORTE TV UNIVERSAL LCD/LED 10 A 71 SBRUB750
20200207,99DHGA01,26243,SUPORTE UNIV. BEDIN BU-25                    
20200207,9OEDDR01,19729,PEN DRIVE 8GB PD587 TWIST PRETO              
20200207,17195001,21653,SUPORTE TV UNIVERSAL LCD/LED 10 A 71 SBRUB750
20200207,52293601,25366,TABLET NB728 MINI MS40G PRETO                
20200207,9OGE7C01,21653,SUPORTE TV UNIVERSAL LCD/LED 10 A 71 SBRUB750
20200207,99A3U701,21653,SUPORTE TV UNIVERSAL LCD/LED 10 A 71 SBRUB750
20200207,90047401,25545,"TELEVISOR SMART 40"" TC40FS600B PANASONIC     "
20200207,9OIT2P01,21653,SUPORTE TV UNIVERSAL LCD/LED 10 A 71 SBRUB750
20200207,9OBX8Q01,26243,SUPORTE UNIV. BEDIN BU-25                    
20200207,06178601,21653,SUPORTE TV UNIVERSAL LCD/LED 10 A 71 SBRUB750
20200207,9OPDGU01,21653,SUPORTE TV UNIVERSAL LCD/LED 10 A 71 SBRUB750
20200207,9OLI6F01,21647,DVD D-15 KARAOKE MONDIAL                     
20200207,90047401,21653,SUPORTE TV UNIVERSAL LCD/LED 10 A 71 SBRUB750
20200207,999BKN01,25545,"TELEVISOR SMART 40"" TC40FS600B PANASONIC     "
20200207,999BKN01,21653,SUPORTE TV UNIVERSAL LCD/LED 10 A 71 SBRUB750
20200207,76806101,19729,PEN DRIVE 8GB PD587 TWIST PRETO              
20200207,99CZDP01,24913,SMARTPHONE MOTOROLA MOTO G6 PLAY XT1922 DB IN
20200207,07505601,21653,SUPORTE TV UNIVERSAL LCD/LED 10 A 71 SBRUB750
20200207,96323201,21653,SUPORTE TV UNIVERSAL LCD/LED 10 A 71 SBRUB750
20200207,99BXN801,21653,SUPORTE TV UNIVERSAL LCD/LED 10 A 71 SBRUB750
20200207,99O8I101,24525,BOX LINE OCM 3915 ONEAL                      
20200207,9O2H4O01,21653,SUPORTE TV UNIVERSAL LCD/LED 10 A 71 SBRUB750
20200207,9O2H4O01,25545,"TELEVISOR SMART 40"" TC40FS600B PANASONIC     "
20200207,9NYSZ501,25240,PEN DRIVE MC161 2X1 LEITOR USB SD 8G         
20200207,99H8X501,21653,SUPORTE TV UNIVERSAL LCD/LED 10 A 71 SBRUB750
20200207,99CQZA01,21653,SUPORTE TV UNIVERSAL LCD/LED 10 A 71 SBRUB750
20200207,90989701,26579,SMARTPHONE MOTOROLA MOTO E6 PLAY 32GB CINZA  
20200207,99CW5N01,21653,SUPORTE TV UNIVERSAL LCD/LED 10 A 71 SBRUB750
20200207,96292701,21653,SUPORTE TV UNIVERSAL LCD/LED 10 A 71 SBRUB750
20200207,99LHGW01,21653,SUPORTE TV UNIVERSAL LCD/LED 10 A 71 SBRUB750
20200207,04235601,21653,SUPORTE TV UNIVERSAL LCD/LED 10 A 71 SBRUB750
20200207,99EVT701,25933,TABLET NB304 M7 3G PLUS QUAD CORE PRETO      
20200207,99AKW001,21653,SUPORTE TV UNIVERSAL LCD/LED 10 A 71 SBRUB750
20200207,99KVJU01,21821,PEN DRIVE NANO 16GB PD054 PRETO              
20200207,99IN2M01,21653,SUPORTE TV UNIVERSAL LCD/LED 10 A 71 SBRUB750
20200207,9O5DAW01,26579,SMARTPHONE MOTOROLA MOTO E6 PLAY 32GB CINZA  
20200207,20900701,21653,SUPORTE TV UNIVERSAL LCD/LED 10 A 71 SBRUB750
20200207,99BR3O01,25680,SMARTPHONE MOTOROLA MOTO G7 XT1962-4 DB POLAR
20200207,9OQ7DL01,21653,SUPORTE TV UNIVERSAL LCD/LED 10 A 71 SBRUB750
20200207,YYZTG801,21653,SUPORTE TV UNIVERSAL LCD/LED 10 A 71 SBRUB750
20200207,YYZTG801,15713,SUPORTE PRETO TV LCD 10 A 55 BR ART SBRP130  
20200207,YYZTG801,26590,RADIO PORTATIL TR04B C/CD/BLUETOOTH SEMP     
20200207,99902401,21653,SUPORTE TV UNIVERSAL LCD/LED 10 A 71 SBRUB750
20200207,YYZT4N01,21653,SUPORTE TV UNIVERSAL LCD/LED 10 A 71 SBRUB750
20200207,YYZTDD01,21653,SUPORTE TV UNIVERSAL LCD/LED 10 A 71 SBRUB750
20200207,YYZTHX01,21653,SUPORTE TV UNIVERSAL LCD/LED 10 A 71 SBRUB750
20200207,YYZT3Z01,25546,"TELEVISOR SMART 32"" TC32FS600B PANASONIC     "
20200207,YYZT3Z01,26100,TABLET NB736 MINI MS50G PRETO                
20200207,YYZT3Z01,21653,SUPORTE TV UNIVERSAL LCD/LED 10 A 71 SBRUB750
20200206,85088001,21653,SUPORTE TV UNIVERSAL LCD/LED 10 A 71 SBRUB750
20200206,99GH8T01,20966,PEN DRIVE 32GB PD589 TWIST PRETO             
20200206,14288201,21653,SUPORTE TV UNIVERSAL LCD/LED 10 A 71 SBRUB750
20200206,14288201,25354,"TELEVISOR SMART 32"" UN32J4290 SAMSUNG        "
20200206,99MKQL01,26243,SUPORTE UNIV. BEDIN BU-25                    
20200206,99376401,25354,"TELEVISOR SMART 32"" UN32J4290 SAMSUNG        "
20200206,99376401,21653,SUPORTE TV UNIVERSAL LCD/LED 10 A 71 SBRUB750
20200206,19658301,25676,SMARTPHONE MOTOROLA MOTO G7 PLAY XT1952-5 DR 
20200206,19658301,26423,CAIXA AMPLIFICADA CM-09 CONNECT DJ CONTROLLER
20200206,76393201,21653,SUPORTE TV UNIVERSAL LCD/LED 10 A 71 SBRUB750
20200206,91044301,21653,SUPORTE TV UNIVERSAL LCD/LED 10 A 71 SBRUB750
20200206,91044301,23802,BOOMBOX BX-19 BIVOLT UP DYNAMIC              
20200206,9OGPH201,25481,SMARTPHONE LG K9 TV LM-X210BMW DOURADO       
20200206,17195001,25545,"TELEVISOR SMART 40"" TC40FS600B PANASONIC     "
20200206,14368301,21653,SUPORTE TV UNIVERSAL LCD/LED 10 A 71 SBRUB750
20200206,99EBGO01,26243,SUPORTE UNIV. BEDIN BU-25                    
20200206,91354601,21653,SUPORTE TV UNIVERSAL LCD/LED 10 A 71 SBRUB750
20200206,9NYTIV01,21653,SUPORTE TV UNIVERSAL LCD/LED 10 A 71 SBRUB750
20200206,19388601,25356,"TELEVISOR SMART 49"" UN49J5290 SAMSUNG        "
20200206,9OPRRO01,23802,BOOMBOX BX-19 BIVOLT UP DYNAMIC              
20200206,9OPMRQ01,21653,SUPORTE TV UNIVERSAL LCD/LED 10 A 71 SBRUB750
20200206,97788501,21653,SUPORTE TV UNIVERSAL LCD/LED 10 A 71 SBRUB750
20200206,98330201,21653,SUPORTE TV UNIVERSAL LCD/LED 10 A 71 SBRUB750
20200206,06844801,21653,SUPORTE TV UNIVERSAL LCD/LED 10 A 71 SBRUB750
20200206,14459401,21653,SUPORTE TV UNIVERSAL LCD/LED 10 A 71 SBRUB750
20200206,9OLKY101,25173,SMARTPHONE LG K9 TV LM-X210BMW INDIGO        
20200206,999HAM01,24716,RECEPTOR MIDIA BOX HDTV B3                   
20200206,96478501,21653,SUPORTE TV UNIVERSAL LCD/LED 10 A 71 SBRUB750
20200206,99JX7S01,21647,DVD D-15 KARAOKE MONDIAL                     
20200206,99K68B01,21653,SUPORTE TV UNIVERSAL LCD/LED 10 A 71 SBRUB750
20200206,96982701,21653,SUPORTE TV UNIVERSAL LCD/LED 10 A 71 SBRUB750
20200206,9OO8RP01,21653,SUPORTE TV UNIVERSAL LCD/LED 10 A 71 SBRUB750
20200206,9OO8RP01,25545,"TELEVISOR SMART 40"" TC40FS600B PANASONIC     "
20200206,9OK43Y01,21653,SUPORTE TV UNIVERSAL LCD/LED 10 A 71 SBRUB750
20200206,9OK43Y01,25354,"TELEVISOR SMART 32"" UN32J4290 SAMSUNG        "
20200206,9OEYW701,26432,AUTO RADIO AR-06 PRETO                       
20200206,9ODR2401,21653,SUPORTE TV UNIVERSAL LCD/LED 10 A 71 SBRUB750
20200206,93835501,26243,SUPORTE UNIV. BEDIN BU-25                    
20200206,22748501,21653,SUPORTE TV UNIVERSAL LCD/LED 10 A 71 SBRUB750
20200206,9OEP7401,26324,"TELEVISOR SMART 32"" 32S5300 HD BLUET SEMP TCL"
20200206,9OEP7401,21653,SUPORTE TV UNIVERSAL LCD/LED 10 A 71 SBRUB750
20200206,01768701,25728,SMARTPHONE SAMSUNG GAL J4 CORE 16GB PRETO    
20200206,01837501,21653,SUPORTE TV UNIVERSAL LCD/LED 10 A 71 SBRUB750
20200206,01837501,25545,"TELEVISOR SMART 40"" TC40FS600B PANASONIC     "
20200206,YYZSQU01,21653,SUPORTE TV UNIVERSAL LCD/LED 10 A 71 SBRUB750
20200206,YYZSOS01,21653,SUPORTE TV UNIVERSAL LCD/LED 10 A 71 SBRUB750
20200206,YYZT1L01,21653,SUPORTE TV UNIVERSAL LCD/LED 10 A 71 SBRUB750
20200206,YYYXRH01,21653,SUPORTE TV UNIVERSAL LCD/LED 10 A 71 SBRUB750
20200206,YYZST001,25356,"TELEVISOR SMART 49"" UN49J5290 SAMSUNG        "
20200206,YYZST001,21653,SUPORTE TV UNIVERSAL LCD/LED 10 A 71 SBRUB750
20200206,YYZSML01,21653,SUPORTE TV UNIVERSAL LCD/LED 10 A 71 SBRUB750
20200205,YYZS5L01,25354,"TELEVISOR SMART 32"" UN32J4290 SAMSUNG        "
20200205,YYZS5L01,21653,SUPORTE TV UNIVERSAL LCD/LED 10 A 71 SBRUB750
20200205,YYZS5L01,21653,SUPORTE TV UNIVERSAL LCD/LED 10 A 71 SBRUB750
20200205,YYZRVC01,21653,SUPORTE TV UNIVERSAL LCD/LED 10 A 71 SBRUB750
20200205,YYZRUE01,21653,SUPORTE TV UNIVERSAL LCD/LED 10 A 71 SBRUB750
20200205,YYZSID01,25354,"TELEVISOR SMART 32"" UN32J4290 SAMSUNG        "
20200205,19191701,21653,SUPORTE TV UNIVERSAL LCD/LED 10 A 71 SBRUB750
20200205,999WJI01,21653,SUPORTE TV UNIVERSAL LCD/LED 10 A 71 SBRUB750
20200205,22927801,21653,SUPORTE TV UNIVERSAL LCD/LED 10 A 71 SBRUB750
20200205,17710301,25676,SMARTPHONE MOTOROLA MOTO G7 PLAY XT1952-5 DR 
20200205,99A7D401,21653,SUPORTE TV UNIVERSAL LCD/LED 10 A 71 SBRUB750
20200205,99HQMJ01,25545,"TELEVISOR SMART 40"" TC40FS600B PANASONIC     "
20200205,99HQMJ01,21653,SUPORTE TV UNIVERSAL LCD/LED 10 A 71 SBRUB750
20200205,15803301,21653,SUPORTE TV UNIVERSAL LCD/LED 10 A 71 SBRUB750
20200205,9O7EE901,25546,"TELEVISOR SMART 32"" TC32FS600B PANASONIC     "
20200205,9O7EE901,21653,SUPORTE TV UNIVERSAL LCD/LED 10 A 71 SBRUB750
20200205,45252101,21653,SUPORTE TV UNIVERSAL LCD/LED 10 A 71 SBRUB750
20200205,19725801,21653,SUPORTE TV UNIVERSAL LCD/LED 10 A 71 SBRUB750
20200205,19725801,21653,SUPORTE TV UNIVERSAL LCD/LED 10 A 71 SBRUB750
20200205,9OQ67O01,25730,SMARTPHONE SAMSUNG GAL J4 CORE 16GB AZUL     
20200205,98445201,25545,"TELEVISOR SMART 40"" TC40FS600B PANASONIC     "
20200205,98445201,21653,SUPORTE TV UNIVERSAL LCD/LED 10 A 71 SBRUB750
20200205,9OQ8NM01,21653,SUPORTE TV UNIVERSAL LCD/LED 10 A 71 SBRUB750
20200205,9OQ8NM01,25545,"TELEVISOR SMART 40"" TC40FS600B PANASONIC     "
20200205,9OB0KV01,21653,SUPORTE TV UNIVERSAL LCD/LED 10 A 71 SBRUB750
20200205,9OMQR301,25546,"TELEVISOR SMART 32"" TC32FS600B PANASONIC     "
20200205,9OMQR301,21653,SUPORTE TV UNIVERSAL LCD/LED 10 A 71 SBRUB750
20200205,20182601,21653,SUPORTE TV UNIVERSAL LCD/LED 10 A 71 SBRUB750
20200205,01477801,21653,SUPORTE TV UNIVERSAL LCD/LED 10 A 71 SBRUB750
20200205,23718401,21653,SUPORTE TV UNIVERSAL LCD/LED 10 A 71 SBRUB750
20200205,53834201,26243,SUPORTE UNIV. BEDIN BU-25                    
20200205,46066001,25545,"TELEVISOR SMART 40"" TC40FS600B PANASONIC     "
20200205,20007601,25546,"TELEVISOR SMART 32"" TC32FS600B PANASONIC     "
20200205,20007601,21653,SUPORTE TV UNIVERSAL LCD/LED 10 A 71 SBRUB750
20200205,00158401,25545,"TELEVISOR SMART 40"" TC40FS600B PANASONIC     "
20200205,00158401,21653,SUPORTE TV UNIVERSAL LCD/LED 10 A 71 SBRUB750
20200205,95908101,21653,SUPORTE TV UNIVERSAL LCD/LED 10 A 71 SBRUB750
20200205,68639601,25546,"TELEVISOR SMART 32"" TC32FS600B PANASONIC     "
20200205,9OPJPH01,21653,SUPORTE TV UNIVERSAL LCD/LED 10 A 71 SBRUB750
20200205,9OPGJO01,25546,"TELEVISOR SMART 32"" TC32FS600B PANASONIC     "
20200205,9OPGJO01,21653,SUPORTE TV UNIVERSAL LCD/LED 10 A 71 SBRUB750
20200205,13632701,25354,"TELEVISOR SMART 32"" UN32J4290 SAMSUNG        "
20200205,13632701,21653,SUPORTE TV UNIVERSAL LCD/LED 10 A 71 SBRUB750
20200205,9OBX8Q01,26243,SUPORTE UNIV. BEDIN BU-25                    
20200205,99D1CV01,25545,"TELEVISOR SMART 40"" TC40FS600B PANASONIC     "
20200205,97645201,26572,SMARTPHONE SAMSUNG GAL A20S 32GB VERMELHO    
20200205,16440101,21653,SUPORTE TV UNIVERSAL LCD/LED 10 A 71 SBRUB750
20200205,9O6N6M01,21653,SUPORTE TV UNIVERSAL LCD/LED 10 A 71 SBRUB750
20200205,99A1M701,21653,SUPORTE TV UNIVERSAL LCD/LED 10 A 71 SBRUB750
20200205,23278301,21653,SUPORTE TV UNIVERSAL LCD/LED 10 A 71 SBRUB750
20200205,21212101,21653,SUPORTE TV UNIVERSAL LCD/LED 10 A 71 SBRUB750
20200205,06789601,22620,CELULAR RIU-I R200 DB BRANCO-ROSA            
20200205,9OFQU501,21653,SUPORTE TV UNIVERSAL LCD/LED 10 A 71 SBRUB750
20200205,01271701,25355,"TELEVISOR SMART 43"" UN43J5290 SAMSUNG        "
20200205,01271701,21653,SUPORTE TV UNIVERSAL LCD/LED 10 A 71 SBRUB750
20200204,91303701,21653,SUPORTE TV UNIVERSAL LCD/LED 10 A 71 SBRUB750
20200204,97863901,21653,SUPORTE TV UNIVERSAL LCD/LED 10 A 71 SBRUB750
20200204,05240301,26177,TABLET NB720 MINI MS45 4G PRETO              
20200204,06178601,25240,PEN DRIVE MC161 2X1 LEITOR USB SD 8G         
20200204,9OK0XF01,26243,SUPORTE UNIV. BEDIN BU-25                    
20200204,9OJN4K01,26243,SUPORTE UNIV. BEDIN BU-25                    
20200204,9NYXN101,21653,SUPORTE TV UNIVERSAL LCD/LED 10 A 71 SBRUB750
20200204,04982501,21653,SUPORTE TV UNIVERSAL LCD/LED 10 A 71 SBRUB750
20200204,18252201,21653,SUPORTE TV UNIVERSAL LCD/LED 10 A 71 SBRUB750
20200204,90597601,21653,SUPORTE TV UNIVERSAL LCD/LED 10 A 71 SBRUB750
20200204,33692501,20966,PEN DRIVE 32GB PD589 TWIST PRETO             
20200204,04909701,21653,SUPORTE TV UNIVERSAL LCD/LED 10 A 71 SBRUB750
20200204,9O156G01,21653,SUPORTE TV UNIVERSAL LCD/LED 10 A 71 SBRUB750
20200204,9OR6YO01,26243,SUPORTE UNIV. BEDIN BU-25                    
20200204,99JQ7901,26243,SUPORTE UNIV. BEDIN BU-25                    
20200204,99CKEG01,25738,"TELEVISOR SMART 43"" PTV43E60SN LED PHILCO    "
20200204,91585601,25250,SMARTPHONE SAMSUNG GAL J6 64GB DB VIOLETA    
20200204,9ON64801,21653,SUPORTE TV UNIVERSAL LCD/LED 10 A 71 SBRUB750
20200204,9O7USL01,21653,SUPORTE TV UNIVERSAL LCD/LED 10 A 71 SBRUB750
20200204,99EXNL01,21653,SUPORTE TV UNIVERSAL LCD/LED 10 A 71 SBRUB750
20200204,9OD2B001,21653,SUPORTE TV UNIVERSAL LCD/LED 10 A 71 SBRUB750
20200204,9OD2B001,26243,SUPORTE UNIV. BEDIN BU-25                    
20200204,99JT7F01,21653,SUPORTE TV UNIVERSAL LCD/LED 10 A 71 SBRUB750
20200204,21284001,21653,SUPORTE TV UNIVERSAL LCD/LED 10 A 71 SBRUB750
20200204,99AVBI01,21653,SUPORTE TV UNIVERSAL LCD/LED 10 A 71 SBRUB750
20200204,12757301,21653,SUPORTE TV UNIVERSAL LCD/LED 10 A 71 SBRUB750
20200204,12757301,23904,"TELEVISOR SMART 49"" UN49J5200 SAMSUNG        "
20200204,9OI72401,21653,SUPORTE TV UNIVERSAL LCD/LED 10 A 71 SBRUB750
20200204,99BJ8X01,21653,SUPORTE TV UNIVERSAL LCD/LED 10 A 71 SBRUB750
20200204,17170701,25726,SMARTPHONE SAMSUNG GAL J2 CORE 16GB PRETO    
20200204,YYZRMG01,25554,TELEVISOR SMART 32 PTV32N87SA LED PHILCO     
20200204,YYZRNZ01,21653,SUPORTE TV UNIVERSAL LCD/LED 10 A 71 SBRUB750
20200204,YYZRSD01,21653,SUPORTE TV UNIVERSAL LCD/LED 10 A 71 SBRUB750
20200204,YYYSQS01,26243,SUPORTE UNIV. BEDIN BU-25                    
20200204,YYZO0N01,21653,SUPORTE TV UNIVERSAL LCD/LED 10 A 71 SBRUB750
20200204,YYZR5M01,21653,SUPORTE TV UNIVERSAL LCD/LED 10 A 71 SBRUB750
20200204,YYZR5M01,25546,"TELEVISOR SMART 32"" TC32FS600B PANASONIC     "
20200204,YYZRHE01,21653,SUPORTE TV UNIVERSAL LCD/LED 10 A 71 SBRUB750
20200204,YYZRJ001,21653,SUPORTE TV UNIVERSAL LCD/LED 10 A 71 SBRUB750
20200204,YYZRJ001,25546,"TELEVISOR SMART 32"" TC32FS600B PANASONIC     "
20200204,YYZRMG01,21653,SUPORTE TV UNIVERSAL LCD/LED 10 A 71 SBRUB750
20200203,99LRWI01,21653,SUPORTE TV UNIVERSAL LCD/LED 10 A 71 SBRUB750
20200203,99LRWI01,21653,SUPORTE TV UNIVERSAL LCD/LED 10 A 71 SBRUB750
20200203,9O8YDI01,26574,SMARTPHONE SAMSUNG GAL A30S 64GB BRANCO      
20200203,99BEB301,21653,SUPORTE TV UNIVERSAL LCD/LED 10 A 71 SBRUB750
20200203,99BEB301,21653,SUPORTE TV UNIVERSAL LCD/LED 10 A 71 SBRUB750
20200203,9O767M01,21653,SUPORTE TV UNIVERSAL LCD/LED 10 A 71 SBRUB750
20200203,9OOLXB01,26243,SUPORTE UNIV. BEDIN BU-25                    
20200203,99ARKQ01,21653,SUPORTE TV UNIVERSAL LCD/LED 10 A 71 SBRUB750
20200203,62218701,25676,SMARTPHONE MOTOROLA MOTO G7 PLAY XT1952-5 DR 
20200203,99HD7301,21653,SUPORTE TV UNIVERSAL LCD/LED 10 A 71 SBRUB750
20200203,99A9VW01,21653,SUPORTE TV UNIVERSAL LCD/LED 10 A 71 SBRUB750
20200203,99PS0O01,21653,SUPORTE TV UNIVERSAL LCD/LED 10 A 71 SBRUB750
20200203,99CHQA01,26569,SMARTPHONE SAMSUNG GAL A10S 32GB PRETO       
20200203,17517401,21653,SUPORTE TV UNIVERSAL LCD/LED 10 A 71 SBRUB750
20200203,19928201,21653,SUPORTE TV UNIVERSAL LCD/LED 10 A 71 SBRUB750
20200203,999VCK01,21653,SUPORTE TV UNIVERSAL LCD/LED 10 A 71 SBRUB750
20200203,72934201,21855,CELULAR BLU JENNY 2.8 T276 DB PRETO-VERMEL   
20200203,72934201,21653,SUPORTE TV UNIVERSAL LCD/LED 10 A 71 SBRUB750
20200203,23639801,21653,SUPORTE TV UNIVERSAL LCD/LED 10 A 71 SBRUB750
20200203,68581401,25726,SMARTPHONE SAMSUNG GAL J2 CORE 16GB PRETO    
20200203,05021001,21653,SUPORTE TV UNIVERSAL LCD/LED 10 A 71 SBRUB750
20200203,99BHLK01,25193,SMARTPHONE SAMSUNG GAL J6 32GB PRATA         
20200203,999II401,21653,SUPORTE TV UNIVERSAL LCD/LED 10 A 71 SBRUB750
20200203,9NWIJJ01,21653,SUPORTE TV UNIVERSAL LCD/LED 10 A 71 SBRUB750
20200203,99LCW201,23802,BOOMBOX BX-19 BIVOLT UP DYNAMIC              
20200203,47181801,26243,SUPORTE UNIV. BEDIN BU-25                    
20200203,02058601,25355,"TELEVISOR SMART 43"" UN43J5290 SAMSUNG        "
20200203,00279001,24716,RECEPTOR MIDIA BOX HDTV B3                   
20200203,00279001,21653,SUPORTE TV UNIVERSAL LCD/LED 10 A 71 SBRUB750
20200203,999PU801,21653,SUPORTE TV UNIVERSAL LCD/LED 10 A 71 SBRUB750
20200203,9OGSYG01,21653,SUPORTE TV UNIVERSAL LCD/LED 10 A 71 SBRUB750
20200203,01768701,21653,SUPORTE TV UNIVERSAL LCD/LED 10 A 71 SBRUB750
20200203,99BYRT01,25728,SMARTPHONE SAMSUNG GAL J4 CORE 16GB PRETO    
20200203,23413401,21653,SUPORTE TV UNIVERSAL LCD/LED 10 A 71 SBRUB750
20200203,99HU0O01,21653,SUPORTE TV UNIVERSAL LCD/LED 10 A 71 SBRUB750
20200203,18768501,21653,SUPORTE TV UNIVERSAL LCD/LED 10 A 71 SBRUB750
20200203,17726401,21653,SUPORTE TV UNIVERSAL LCD/LED 10 A 71 SBRUB750
20200203,YYZQHC01,21653,SUPORTE TV UNIVERSAL LCD/LED 10 A 71 SBRUB750
20200203,9OKO6D01,21653,SUPORTE TV UNIVERSAL LCD/LED 10 A 71 SBRUB750
20200203,YYZJUJ01,21653,SUPORTE TV UNIVERSAL LCD/LED 10 A 71 SBRUB750
20200203,YYZNLC01,21653,SUPORTE TV UNIVERSAL LCD/LED 10 A 71 SBRUB750
20200202,59397701,25545,"TELEVISOR SMART 40"" TC40FS600B PANASONIC     "
20200202,59397701,21653,SUPORTE TV UNIVERSAL LCD/LED 10 A 71 SBRUB750
20200202,79754901,26548,SMARTPHONE SAMSUNG GAL A10S 32GB VERMELHO    
20200201,YYZPYG01,21653,SUPORTE TV UNIVERSAL LCD/LED 10 A 71 SBRUB750
20200201,YYZQ9G01,21653,SUPORTE TV UNIVERSAL LCD/LED 10 A 71 SBRUB750
20200201,YYZQ6401,21653,SUPORTE TV UNIVERSAL LCD/LED 10 A 71 SBRUB750
20200201,YYZQ0201,21653,SUPORTE TV UNIVERSAL LCD/LED 10 A 71 SBRUB750
20200201,YYZPZH01,21653,SUPORTE TV UNIVERSAL LCD/LED 10 A 71 SBRUB750
20200201,YYYI4201,21653,SUPORTE TV UNIVERSAL LCD/LED 10 A 71 SBRUB750
20200201,99A1WL01,21653,SUPORTE TV UNIVERSAL LCD/LED 10 A 71 SBRUB750
20200201,46547601,21653,SUPORTE TV UNIVERSAL LCD/LED 10 A 71 SBRUB750
20200201,44536401,21653,SUPORTE TV UNIVERSAL LCD/LED 10 A 71 SBRUB750
20200201,99LWAM01,26574,SMARTPHONE SAMSUNG GAL A30S 64GB BRANCO      
20200201,18337401,21653,SUPORTE TV UNIVERSAL LCD/LED 10 A 71 SBRUB750
20200201,99LCF601,21653,SUPORTE TV UNIVERSAL LCD/LED 10 A 71 SBRUB750
20200201,15714001,21653,SUPORTE TV UNIVERSAL LCD/LED 10 A 71 SBRUB750
20200201,99JXL101,21653,SUPORTE TV UNIVERSAL LCD/LED 10 A 71 SBRUB750
20200201,9O55GA01,25173,SMARTPHONE LG K9 TV LM-X210BMW INDIGO        
20200201,9O4XFU01,21653,SUPORTE TV UNIVERSAL LCD/LED 10 A 71 SBRUB750
20200201,9O4RSU01,26243,SUPORTE UNIV. BEDIN BU-25                    
20200201,99QH1C01,25546,"TELEVISOR SMART 32"" TC32FS600B PANASONIC     "
20200201,99KB3B01,21653,SUPORTE TV UNIVERSAL LCD/LED 10 A 71 SBRUB750
20200201,99IUMC01,25244,TABLET NB730 MINI MS50G PRATA/PRETO          
20200201,99HXM301,21653,SUPORTE TV UNIVERSAL LCD/LED 10 A 71 SBRUB750
20200201,05395301,21653,SUPORTE TV UNIVERSAL LCD/LED 10 A 71 SBRUB750
20200201,66019801,21653,SUPORTE TV UNIVERSAL LCD/LED 10 A 71 SBRUB750
20200201,11489901,23802,BOOMBOX BX-19 BIVOLT UP DYNAMIC              
20200201,19818801,21653,SUPORTE TV UNIVERSAL LCD/LED 10 A 71 SBRUB750
20200201,19818801,26243,SUPORTE UNIV. BEDIN BU-25                    
20200201,24364701,21653,SUPORTE TV UNIVERSAL LCD/LED 10 A 71 SBRUB750
20200201,03609001,25546,"TELEVISOR SMART 32"" TC32FS600B PANASONIC     "
20200201,15070601,21653,SUPORTE TV UNIVERSAL LCD/LED 10 A 71 SBRUB750
20200201,17077501,23802,BOOMBOX BX-19 BIVOLT UP DYNAMIC              
20200201,9OBB1P01,21653,SUPORTE TV UNIVERSAL LCD/LED 10 A 71 SBRUB750
20200201,48986401,21653,SUPORTE TV UNIVERSAL LCD/LED 10 A 71 SBRUB750
20200201,9O0RG501,21653,SUPORTE TV UNIVERSAL LCD/LED 10 A 71 SBRUB750
20200201,41414601,21653,SUPORTE TV UNIVERSAL LCD/LED 10 A 71 SBRUB750
20200201,99I3GB01,21653,SUPORTE TV UNIVERSAL LCD/LED 10 A 71 SBRUB750
20200201,70918001,25546,"TELEVISOR SMART 32"" TC32FS600B PANASONIC     "
20200201,70918001,21653,SUPORTE TV UNIVERSAL LCD/LED 10 A 71 SBRUB750
20200201,99ECJB01,25999,RADIO AUTOMOTIVO P3335 POP 1 4X25WRMS PT     
20200201,18995601,21653,SUPORTE TV UNIVERSAL LCD/LED 10 A 71 SBRUB750
20200131,19444701,21653,SUPORTE TV UNIVERSAL LCD/LED 10 A 71 SBRUB750
20200131,9OCFUP01,21653,SUPORTE TV UNIVERSAL LCD/LED 10 A 71 SBRUB750
20200131,9OO3YD01,21653,SUPORTE TV UNIVERSAL LCD/LED 10 A 71 SBRUB750
20200131,45505401,21653,SUPORTE TV UNIVERSAL LCD/LED 10 A 71 SBRUB750
20200131,9NZAQX01,26548,SMARTPHONE SAMSUNG GAL A10S 32GB VERMELHO    
20200131,9O30WJ01,26326,"TELEVISOR SMART 50"" 50P8M 4K UHD BLT SEMP TCL"
20200131,9O30WJ01,25172,SMARTPHONE LG K9 TV LM-X210BMW PRETO         
20200131,9O30WJ01,21653,SUPORTE TV UNIVERSAL LCD/LED 10 A 71 SBRUB750
20200131,9O30WJ01,21653,SUPORTE TV UNIVERSAL LCD/LED 10 A 71 SBRUB750
20200131,99BW0S01,25996,"TELEVISOR 32"" 32S6500S HD LED SEMP TCL       "
20200131,99BW0S01,21653,SUPORTE TV UNIVERSAL LCD/LED 10 A 71 SBRUB750
20200131,01901101,21653,SUPORTE TV UNIVERSAL LCD/LED 10 A 71 SBRUB750
20200131,19116701,26590,RADIO PORTATIL TR04B C/CD/BLUETOOTH SEMP     
20200131,37812401,25997,"TELEVISOR 40"" 40S6500FS HD LED SEMP TCL      "
20200131,37812401,21653,SUPORTE TV UNIVERSAL LCD/LED 10 A 71 SBRUB750
20200131,99EDM201,21653,SUPORTE TV UNIVERSAL LCD/LED 10 A 71 SBRUB750
20200131,18097601,25579,SMARTPHONE SAMSUNG GAL J6 PLUS 32GB PRATA    
20200131,99FH3B01,26243,SUPORTE UNIV. BEDIN BU-25                    
20200131,9OK78V01,25303,"TELEVISOR SMART 32"" TC32FS500B PANASONIC     "
20200131,9OK78V01,21653,SUPORTE TV UNIVERSAL LCD/LED 10 A 71 SBRUB750
20200131,9O4RSU01,21653,SUPORTE TV UNIVERSAL LCD/LED 10 A 71 SBRUB750
20200131,9ODM9501,21653,SUPORTE TV UNIVERSAL LCD/LED 10 A 71 SBRUB750
20200131,99MYTQ01,24618,RELOGIO SMART RIU WATCH R160 DOURADO         
20200131,99MYTQ01,21653,SUPORTE TV UNIVERSAL LCD/LED 10 A 71 SBRUB750
20200131,38199101,21653,SUPORTE TV UNIVERSAL LCD/LED 10 A 71 SBRUB750
20200131,9OD2UF01,23376,"TELEVISOR SMART 48"" KDL-48W655D SONY         "
20200131,9OD2UF01,21653,SUPORTE TV UNIVERSAL LCD/LED 10 A 71 SBRUB750
20200131,16535401,26243,SUPORTE UNIV. BEDIN BU-25                    
20200131,99HPCY01,21653,SUPORTE TV UNIVERSAL LCD/LED 10 A 71 SBRUB750
20200131,99HPCY01,25997,"TELEVISOR 40"" 40S6500FS HD LED SEMP TCL      "
20200131,37436801,25546,"TELEVISOR SMART 32"" TC32FS600B PANASONIC     "
20200131,37436801,21653,SUPORTE TV UNIVERSAL LCD/LED 10 A 71 SBRUB750
20200131,24719901,22617,CELULAR RIU-I R200 DB PRETO-VERMELHO         
20200131,9O0L7501,26243,SUPORTE UNIV. BEDIN BU-25                    
20200131,YYZP0C01,21653,SUPORTE TV UNIVERSAL LCD/LED 10 A 71 SBRUB750
20200131,9O1E0V01,21653,SUPORTE TV UNIVERSAL LCD/LED 10 A 71 SBRUB750
20200131,YYZPE401,21653,SUPORTE TV UNIVERSAL LCD/LED 10 A 71 SBRUB750
20200131,YYZP9E01,21653,SUPORTE TV UNIVERSAL LCD/LED 10 A 71 SBRUB750
20200131,YYZPKU01,21653,SUPORTE TV UNIVERSAL LCD/LED 10 A 71 SBRUB750
20200130,99DLS901,21653,SUPORTE TV UNIVERSAL LCD/LED 10 A 71 SBRUB750
20200130,YYZJ8401,26572,SMARTPHONE SAMSUNG GAL A20S 32GB VERMELHO    
20200130,90026301,21653,SUPORTE TV UNIVERSAL LCD/LED 10 A 71 SBRUB750
20200130,90026301,25545,"TELEVISOR SMART 40"" TC40FS600B PANASONIC     "
20200130,45740201,21653,SUPORTE TV UNIVERSAL LCD/LED 10 A 71 SBRUB750
20200130,98267801,26243,SUPORTE UNIV. BEDIN BU-25                    
20200130,98267801,25997,"TELEVISOR 40"" 40S6500FS HD LED SEMP TCL      "
20200130,9OBUV301,26326,"TELEVISOR SMART 50"" 50P8M 4K UHD BLT SEMP TCL"
20200130,9OBUV301,21653,SUPORTE TV UNIVERSAL LCD/LED 10 A 71 SBRUB750
20200130,9O3GNV01,21653,SUPORTE TV UNIVERSAL LCD/LED 10 A 71 SBRUB750
20200130,9O4XFU01,25303,"TELEVISOR SMART 32"" TC32FS500B PANASONIC     "
20200130,99KIZT01,21653,SUPORTE TV UNIVERSAL LCD/LED 10 A 71 SBRUB750
20200130,99B67V01,21653,SUPORTE TV UNIVERSAL LCD/LED 10 A 71 SBRUB750
20200130,14423201,21653,SUPORTE TV UNIVERSAL LCD/LED 10 A 71 SBRUB750
20200130,999HAM01,26243,SUPORTE UNIV. BEDIN BU-25                    
20200130,97376201,26243,SUPORTE UNIV. BEDIN BU-25                    
20200130,34309601,26527,SMARTPHONE LG K40S LMX430 BMW PRETO          
20200130,99FH3B01,26243,SUPORTE UNIV. BEDIN BU-25                    
20200130,99E5FO01,21653,SUPORTE TV UNIVERSAL LCD/LED 10 A 71 SBRUB750
20200130,95267501,21653,SUPORTE TV UNIVERSAL LCD/LED 10 A 71 SBRUB750
20200130,03065801,23777,RADIO RECEPTOR RM-PUSM81AC USB               
20200130,20782401,26386,SMARTPHONE LG K8 PLUS AZUL                   
20200130,20782401,26247,SMARTPHONE LG K8 PLUS PRETO                  
20200130,80885101,21653,SUPORTE TV UNIVERSAL LCD/LED 10 A 71 SBRUB750
20200130,9OOWJZ01,21653,SUPORTE TV UNIVERSAL LCD/LED 10 A 71 SBRUB750
20200130,45832401,25997,"TELEVISOR 40"" 40S6500FS HD LED SEMP TCL      "
20200130,70381601,21653,SUPORTE TV UNIVERSAL LCD/LED 10 A 71 SBRUB750
20200130,99IQOL01,21653,SUPORTE TV UNIVERSAL LCD/LED 10 A 71 SBRUB750
20200130,99N54G01,21653,SUPORTE TV UNIVERSAL LCD/LED 10 A 71 SBRUB750
20200130,27683201,21653,SUPORTE TV UNIVERSAL LCD/LED 10 A 71 SBRUB750
20200130,15772001,19729,PEN DRIVE 8GB PD587 TWIST PRETO              
20200130,15772001,26431,CAIXA DE SOM SK-05 VIBE PLUS SPEAKER BIVOLT  
20200130,9ONSDY01,21653,SUPORTE TV UNIVERSAL LCD/LED 10 A 71 SBRUB750
20200130,9O4VEX01,21653,SUPORTE TV UNIVERSAL LCD/LED 10 A 71 SBRUB750
20200130,9ON37G01,21653,SUPORTE TV UNIVERSAL LCD/LED 10 A 71 SBRUB750
20200130,23266201,21653,SUPORTE TV UNIVERSAL LCD/LED 10 A 71 SBRUB750
20200129,61627701,21653,SUPORTE TV UNIVERSAL LCD/LED 10 A 71 SBRUB750
20200129,99G88101,21653,SUPORTE TV UNIVERSAL LCD/LED 10 A 71 SBRUB750
20200129,47076301,26243,SUPORTE UNIV. BEDIN BU-25                    
20200129,14232201,21653,SUPORTE TV UNIVERSAL LCD/LED 10 A 71 SBRUB750
20200129,14232201,25997,"TELEVISOR 40"" 40S6500FS HD LED SEMP TCL      "
20200129,99F3PJ01,21653,SUPORTE TV UNIVERSAL LCD/LED 10 A 71 SBRUB750
20200129,99ARCV01,21653,SUPORTE TV UNIVERSAL LCD/LED 10 A 71 SBRUB750
20200129,99ARCV01,23376,"TELEVISOR SMART 48"" KDL-48W655D SONY         "
20200129,9NZ7XN01,21653,SUPORTE TV UNIVERSAL LCD/LED 10 A 71 SBRUB750
20200129,9NZ7XN01,25676,SMARTPHONE MOTOROLA MOTO G7 PLAY XT1952-5 DR 
20200129,9O10YG01,19729,PEN DRIVE 8GB PD587 TWIST PRETO              
20200129,9NYCKT01,24716,RECEPTOR MIDIA BOX HDTV B3                   
20200129,06678901,21653,SUPORTE TV UNIVERSAL LCD/LED 10 A 71 SBRUB750
20200129,55406701,21653,SUPORTE TV UNIVERSAL LCD/LED 10 A 71 SBRUB750
20200129,9O714O01,21653,SUPORTE TV UNIVERSAL LCD/LED 10 A 71 SBRUB750
20200129,9O17RE01,21653,SUPORTE TV UNIVERSAL LCD/LED 10 A 71 SBRUB750
20200129,46923701,21653,SUPORTE TV UNIVERSAL LCD/LED 10 A 71 SBRUB750
20200129,16839601,21653,SUPORTE TV UNIVERSAL LCD/LED 10 A 71 SBRUB750
20200129,9OHPAP01,22218,CONJ.SC-AKX220LBK PANASONIC                  
20200129,9OHPAP01,21653,SUPORTE TV UNIVERSAL LCD/LED 10 A 71 SBRUB750
20200129,9OBB1P01,25997,"TELEVISOR 40"" 40S6500FS HD LED SEMP TCL      "
20200129,23945901,21653,SUPORTE TV UNIVERSAL LCD/LED 10 A 71 SBRUB750
20200129,20356301,21653,SUPORTE TV UNIVERSAL LCD/LED 10 A 71 SBRUB750
20200129,13537201,21653,SUPORTE TV UNIVERSAL LCD/LED 10 A 71 SBRUB750
20200129,18464401,25303,"TELEVISOR SMART 32"" TC32FS500B PANASONIC     "
20200129,18464401,21653,SUPORTE TV UNIVERSAL LCD/LED 10 A 71 SBRUB750
20200129,99087001,26570,SMARTPHONE SAMSUNG GAL A20S 32GB PRETO       
20200129,12872701,21653,SUPORTE TV UNIVERSAL LCD/LED 10 A 71 SBRUB750
20200129,12872701,24716,RECEPTOR MIDIA BOX HDTV B3                   
20200129,07905001,21653,SUPORTE TV UNIVERSAL LCD/LED 10 A 71 SBRUB750
20200129,9OIQYP01,23376,"TELEVISOR SMART 48"" KDL-48W655D SONY         "
20200129,9OIQYP01,21653,SUPORTE TV UNIVERSAL LCD/LED 10 A 71 SBRUB750
20200129,99HFS001,21653,SUPORTE TV UNIVERSAL LCD/LED 10 A 71 SBRUB750
20200129,66064001,21653,SUPORTE TV UNIVERSAL LCD/LED 10 A 71 SBRUB750
20200129,34277201,25738,"TELEVISOR SMART 43"" PTV43E60SN LED PHILCO    "
20200129,98582401,25997,"TELEVISOR 40"" 40S6500FS HD LED SEMP TCL      "
20200129,9OM26E01,21653,SUPORTE TV UNIVERSAL LCD/LED 10 A 71 SBRUB750
20200129,9OE4A301,21653,SUPORTE TV UNIVERSAL LCD/LED 10 A 71 SBRUB750
20200129,99N3MM01,25303,"TELEVISOR SMART 32"" TC32FS500B PANASONIC     "
20200129,99N3MM01,25481,SMARTPHONE LG K9 TV LM-X210BMW DOURADO       
20200129,95772001,21653,SUPORTE TV UNIVERSAL LCD/LED 10 A 71 SBRUB750
20200129,95772001,25303,"TELEVISOR SMART 32"" TC32FS500B PANASONIC     "
20200129,99N3MM01,21653,SUPORTE TV UNIVERSAL LCD/LED 10 A 71 SBRUB750
20200129,99GDV301,21653,SUPORTE TV UNIVERSAL LCD/LED 10 A 71 SBRUB750
20200129,24306701,21653,SUPORTE TV UNIVERSAL LCD/LED 10 A 71 SBRUB750
20200129,99EZ8Q01,26324,"TELEVISOR SMART 32"" 32S5300 HD BLUET SEMP TCL"
20200129,99EZ8Q01,21653,SUPORTE TV UNIVERSAL LCD/LED 10 A 71 SBRUB750
20200129,06716901,21653,SUPORTE TV UNIVERSAL LCD/LED 10 A 71 SBRUB750
20200129,9OAK6K01,21653,SUPORTE TV UNIVERSAL LCD/LED 10 A 71 SBRUB750
20200129,90073201,21653,SUPORTE TV UNIVERSAL LCD/LED 10 A 71 SBRUB750
20200129,9NZEL301,21653,SUPORTE TV UNIVERSAL LCD/LED 10 A 71 SBRUB750
20200129,YYZO2E01,21653,SUPORTE TV UNIVERSAL LCD/LED 10 A 71 SBRUB750
20200129,02891101,21653,SUPORTE TV UNIVERSAL LCD/LED 10 A 71 SBRUB750
20200129,56801301,21653,SUPORTE TV UNIVERSAL LCD/LED 10 A 71 SBRUB750
20200129,YYZO4G01,21653,SUPORTE TV UNIVERSAL LCD/LED 10 A 71 SBRUB750
20200129,YYZO5F01,21653,SUPORTE TV UNIVERSAL LCD/LED 10 A 71 SBRUB750
20200128,23627901,25703,CAIXA AMPLIFICADA CM-13 BIVOLT BLUETOOTH     
20200128,50329201,21653,SUPORTE TV UNIVERSAL LCD/LED 10 A 71 SBRUB750
20200128,94550801,26585,SMARTPHONE MOTOROLA MOTO ONE MACRO 64GB AZUL 
20200128,35744201,21653,SUPORTE TV UNIVERSAL LCD/LED 10 A 71 SBRUB750
20200128,72808001,21653,SUPORTE TV UNIVERSAL LCD/LED 10 A 71 SBRUB750
20200128,50116601,21653,SUPORTE TV UNIVERSAL LCD/LED 10 A 71 SBRUB750
20200128,9OMWCK01,25997,"TELEVISOR 40"" 40S6500FS HD LED SEMP TCL      "
20200128,9OMWCK01,21653,SUPORTE TV UNIVERSAL LCD/LED 10 A 71 SBRUB750
20200128,34652701,26243,SUPORTE UNIV. BEDIN BU-25                    
20200128,34652701,21653,SUPORTE TV UNIVERSAL LCD/LED 10 A 71 SBRUB750
20200128,33797101,21653,SUPORTE TV UNIVERSAL LCD/LED 10 A 71 SBRUB750
20200128,99FKQA01,21653,SUPORTE TV UNIVERSAL LCD/LED 10 A 71 SBRUB750
20200128,99FKQA01,25703,CAIXA AMPLIFICADA CM-13 BIVOLT BLUETOOTH     
20200128,99FKQA01,26327,"TELEVISOR SMART 55"" 55P8M 4K UHD BLT SEMP TCL"
20200128,9OFEXE01,21653,SUPORTE TV UNIVERSAL LCD/LED 10 A 71 SBRUB750
20200128,9OFEXE01,25997,"TELEVISOR 40"" 40S6500FS HD LED SEMP TCL      "
20200128,29034301,26179,"TELEVISOR SMART 32"" S3900S SEMP TCL          "
20200128,9OGD3901,21653,SUPORTE TV UNIVERSAL LCD/LED 10 A 71 SBRUB750
20200128,9OGD3901,21653,SUPORTE TV UNIVERSAL LCD/LED 10 A 71 SBRUB750
20200128,9OGD3901,26325,"TELEVISOR SMART 43"" 43S5300 HD BLUET SEMP TCL"
20200128,9O7AAG01,21653,SUPORTE TV UNIVERSAL LCD/LED 10 A 71 SBRUB750
20200128,70018101,21653,SUPORTE TV UNIVERSAL LCD/LED 10 A 71 SBRUB750
20200128,9OCRER01,21653,SUPORTE TV UNIVERSAL LCD/LED 10 A 71 SBRUB750
20200128,24035501,21653,SUPORTE TV UNIVERSAL LCD/LED 10 A 71 SBRUB750
20200128,99HKR201,21653,SUPORTE TV UNIVERSAL LCD/LED 10 A 71 SBRUB750
20200128,99HKR201,26325,"TELEVISOR SMART 43"" 43S5300 HD BLUET SEMP TCL"
20200128,9O0Q0I01,21653,SUPORTE TV UNIVERSAL LCD/LED 10 A 71 SBRUB750
20200128,9O7KWI01,21653,SUPORTE TV UNIVERSAL LCD/LED 10 A 71 SBRUB750
20200128,9O7KWI01,25997,"TELEVISOR 40"" 40S6500FS HD LED SEMP TCL      "
20200128,16718001,21653,SUPORTE TV UNIVERSAL LCD/LED 10 A 71 SBRUB750
20200128,98290301,23278,CELULAR RIU FLIP 2.4 DB VERMELHO             
20200128,9O3TYP01,21653,SUPORTE TV UNIVERSAL LCD/LED 10 A 71 SBRUB750
20200128,15646701,21653,SUPORTE TV UNIVERSAL LCD/LED 10 A 71 SBRUB750
20200128,9O20MS01,21653,SUPORTE TV UNIVERSAL LCD/LED 10 A 71 SBRUB750
20200128,91366401,21653,SUPORTE TV UNIVERSAL LCD/LED 10 A 71 SBRUB750
20200128,24167801,21653,SUPORTE TV UNIVERSAL LCD/LED 10 A 71 SBRUB750
20200128,99AY2T01,26545,SMARTPHONE SAMSUNG GAL A10S 32GB AZUL        
20200128,95576101,21653,SUPORTE TV UNIVERSAL LCD/LED 10 A 71 SBRUB750
20200128,32719801,21653,SUPORTE TV UNIVERSAL LCD/LED 10 A 71 SBRUB750
20200128,79155301,21653,SUPORTE TV UNIVERSAL LCD/LED 10 A 71 SBRUB750
20200128,79155301,21653,SUPORTE TV UNIVERSAL LCD/LED 10 A 71 SBRUB750
20200128,56613401,21653,SUPORTE TV UNIVERSAL LCD/LED 10 A 71 SBRUB750
20200128,999HAM01,24716,RECEPTOR MIDIA BOX HDTV B3                   
20200128,66732801,21653,SUPORTE TV UNIVERSAL LCD/LED 10 A 71 SBRUB750
20200128,99EYAI01,21653,SUPORTE TV UNIVERSAL LCD/LED 10 A 71 SBRUB750
20200128,20694301,25303,"TELEVISOR SMART 32"" TC32FS500B PANASONIC     "
20200128,20694301,21653,SUPORTE TV UNIVERSAL LCD/LED 10 A 71 SBRUB750
20200128,99BNF101,21653,SUPORTE TV UNIVERSAL LCD/LED 10 A 71 SBRUB750
20200128,99BNF101,25997,"TELEVISOR 40"" 40S6500FS HD LED SEMP TCL      "
20200128,37922301,21653,SUPORTE TV UNIVERSAL LCD/LED 10 A 71 SBRUB750
20200128,99ESIE01,21653,SUPORTE TV UNIVERSAL LCD/LED 10 A 71 SBRUB750
20200128,95571401,21653,SUPORTE TV UNIVERSAL LCD/LED 10 A 71 SBRUB750
20200128,23642101,21653,SUPORTE TV UNIVERSAL LCD/LED 10 A 71 SBRUB750
20200128,51338201,21653,SUPORTE TV UNIVERSAL LCD/LED 10 A 71 SBRUB750
20200128,9OB52D01,21653,SUPORTE TV UNIVERSAL LCD/LED 10 A 71 SBRUB750
20200128,9OB52D01,25303,"TELEVISOR SMART 32"" TC32FS500B PANASONIC     "
20200128,44271901,21653,SUPORTE TV UNIVERSAL LCD/LED 10 A 71 SBRUB750
20200128,52693401,21653,SUPORTE TV UNIVERSAL LCD/LED 10 A 71 SBRUB750
20200128,9OHYC101,21653,SUPORTE TV UNIVERSAL LCD/LED 10 A 71 SBRUB750
20200128,99EKAX01,21653,SUPORTE TV UNIVERSAL LCD/LED 10 A 71 SBRUB750
20200128,06696501,24716,RECEPTOR MIDIA BOX HDTV B3                   
20200128,15234001,21653,SUPORTE TV UNIVERSAL LCD/LED 10 A 71 SBRUB750
20200128,9OGPJA01,25997,"TELEVISOR 40"" 40S6500FS HD LED SEMP TCL      "
20200128,99CJ4001,25250,SMARTPHONE SAMSUNG GAL J6 64GB DB VIOLETA    
20200128,9O08NV01,21653,SUPORTE TV UNIVERSAL LCD/LED 10 A 71 SBRUB750
20200128,9O08NV01,25997,"TELEVISOR 40"" 40S6500FS HD LED SEMP TCL      "
20200128,01478201,24716,RECEPTOR MIDIA BOX HDTV B3                   
20200128,99FHXH01,21653,SUPORTE TV UNIVERSAL LCD/LED 10 A 71 SBRUB750
20200128,9OPVGA01,26243,SUPORTE UNIV. BEDIN BU-25                    
20200128,99G0BG01,21653,SUPORTE TV UNIVERSAL LCD/LED 10 A 71 SBRUB750
20200128,9OKDPN01,21653,SUPORTE TV UNIVERSAL LCD/LED 10 A 71 SBRUB750
20200128,51969401,21653,SUPORTE TV UNIVERSAL LCD/LED 10 A 71 SBRUB750
20200128,000VKC01,21653,SUPORTE TV UNIVERSAL LCD/LED 10 A 71 SBRUB750
20200128,YYZN2N01,21653,SUPORTE TV UNIVERSAL LCD/LED 10 A 71 SBRUB750
20200128,YYZNKM01,21653,SUPORTE TV UNIVERSAL LCD/LED 10 A 71 SBRUB750
20200128,YYZN3701,21653,SUPORTE TV UNIVERSAL LCD/LED 10 A 71 SBRUB750
20200128,YYZN7T01,21653,SUPORTE TV UNIVERSAL LCD/LED 10 A 71 SBRUB750
20200128,YYZMWT01,21653,SUPORTE TV UNIVERSAL LCD/LED 10 A 71 SBRUB750
20200128,YYZMWT01,23376,"TELEVISOR SMART 48"" KDL-48W655D SONY         "
20200128,YYZMWL01,21653,SUPORTE TV UNIVERSAL LCD/LED 10 A 71 SBRUB750
20200128,YYZMYH01,21653,SUPORTE TV UNIVERSAL LCD/LED 10 A 71 SBRUB750
20200128,YYZMYJ01,21653,SUPORTE TV UNIVERSAL LCD/LED 10 A 71 SBRUB750
20200127,9OMSH401,20966,PEN DRIVE 32GB PD589 TWIST PRETO             
20200127,99G7N601,25997,"TELEVISOR 40"" 40S6500FS HD LED SEMP TCL      "
20200127,99G7N601,21653,SUPORTE TV UNIVERSAL LCD/LED 10 A 71 SBRUB750
20200127,24835701,21653,SUPORTE TV UNIVERSAL LCD/LED 10 A 71 SBRUB750
20200127,99DEXY01,21653,SUPORTE TV UNIVERSAL LCD/LED 10 A 71 SBRUB750
20200127,49948101,21653,SUPORTE TV UNIVERSAL LCD/LED 10 A 71 SBRUB750
20200127,99CH8001,21653,SUPORTE TV UNIVERSAL LCD/LED 10 A 71 SBRUB750
20200127,51027801,21653,SUPORTE TV UNIVERSAL LCD/LED 10 A 71 SBRUB750
20200127,9OEECZ01,21653,SUPORTE TV UNIVERSAL LCD/LED 10 A 71 SBRUB750
20200127,9OB8V701,21653,SUPORTE TV UNIVERSAL LCD/LED 10 A 71 SBRUB750
20200127,99M7ZU01,21653,SUPORTE TV UNIVERSAL LCD/LED 10 A 71 SBRUB750
20200127,99M7ZU01,25303,"TELEVISOR SMART 32"" TC32FS500B PANASONIC     "
20200127,99HJ8N01,21653,SUPORTE TV UNIVERSAL LCD/LED 10 A 71 SBRUB750
20200127,18675801,21653,SUPORTE TV UNIVERSAL LCD/LED 10 A 71 SBRUB750
20200127,18675801,25997,"TELEVISOR 40"" 40S6500FS HD LED SEMP TCL      "
20200127,99J6WE01,21653,SUPORTE TV UNIVERSAL LCD/LED 10 A 71 SBRUB750
20200127,99FB2U01,21855,CELULAR BLU JENNY 2.8 T276 DB PRETO-VERMEL   
20200127,24067801,21653,SUPORTE TV UNIVERSAL LCD/LED 10 A 71 SBRUB750
20200127,99DOMH01,26386,SMARTPHONE LG K8 PLUS AZUL                   
20200127,29034301,25554,TELEVISOR SMART 32 PTV32N87SA LED PHILCO     
20200127,29034301,21653,SUPORTE TV UNIVERSAL LCD/LED 10 A 71 SBRUB750
20200127,9ODLNL01,21653,SUPORTE TV UNIVERSAL LCD/LED 10 A 71 SBRUB750
20200127,9OCA9B01,21653,SUPORTE TV UNIVERSAL LCD/LED 10 A 71 SBRUB750
20200127,74389401,21653,SUPORTE TV UNIVERSAL LCD/LED 10 A 71 SBRUB750
20200127,9O6ZQM01,21653,SUPORTE TV UNIVERSAL LCD/LED 10 A 71 SBRUB750
20200127,9OD26C01,21653,SUPORTE TV UNIVERSAL LCD/LED 10 A 71 SBRUB750
20200127,9O30P001,21653,SUPORTE TV UNIVERSAL LCD/LED 10 A 71 SBRUB750
20200127,99CP6W01,26325,"TELEVISOR SMART 43"" 43S5300 HD BLUET SEMP TCL"
20200127,99CP6W01,21653,SUPORTE TV UNIVERSAL LCD/LED 10 A 71 SBRUB750
20200127,91354601,21653,SUPORTE TV UNIVERSAL LCD/LED 10 A 71 SBRUB750
20200127,9OJN0Q01,21653,SUPORTE TV UNIVERSAL LCD/LED 10 A 71 SBRUB750
20200127,9OIZVG01,21653,SUPORTE TV UNIVERSAL LCD/LED 10 A 71 SBRUB750
20200127,9OIPTM01,21653,SUPORTE TV UNIVERSAL LCD/LED 10 A 71 SBRUB750
20200127,50079301,21653,SUPORTE TV UNIVERSAL LCD/LED 10 A 71 SBRUB750
20200127,99C39A01,21653,SUPORTE TV UNIVERSAL LCD/LED 10 A 71 SBRUB750
20200127,9OPD3601,25738,"TELEVISOR SMART 43"" PTV43E60SN LED PHILCO    "
20200127,9OPD3601,21653,SUPORTE TV UNIVERSAL LCD/LED 10 A 71 SBRUB750
20200127,76283201,21653,SUPORTE TV UNIVERSAL LCD/LED 10 A 71 SBRUB750
20200127,9O4PRW01,21653,SUPORTE TV UNIVERSAL LCD/LED 10 A 71 SBRUB750
20200127,9O4PRW01,25997,"TELEVISOR 40"" 40S6500FS HD LED SEMP TCL      "
20200127,78003601,21653,SUPORTE TV UNIVERSAL LCD/LED 10 A 71 SBRUB750
20200127,17043901,21653,SUPORTE TV UNIVERSAL LCD/LED 10 A 71 SBRUB750
20200127,17043901,23781,RADIO CJ65 ABRALLK LG                        
20200127,06861201,21653,SUPORTE TV UNIVERSAL LCD/LED 10 A 71 SBRUB750
20200127,9OQXJQ01,21653,SUPORTE TV UNIVERSAL LCD/LED 10 A 71 SBRUB750
20200127,06685501,21653,SUPORTE TV UNIVERSAL LCD/LED 10 A 71 SBRUB750
20200127,06685501,25997,"TELEVISOR 40"" 40S6500FS HD LED SEMP TCL      "
20200127,33692501,21653,SUPORTE TV UNIVERSAL LCD/LED 10 A 71 SBRUB750
20200127,90089701,21653,SUPORTE TV UNIVERSAL LCD/LED 10 A 71 SBRUB750
20200127,90089701,25186,"TELEVISOR SMART 55"" 4K UN55NU7100 SAMSUNG    "
20200127,90089701,24368,ROTEADOR RE184 1200MBPS AC DUAL              
20200127,62742301,21653,SUPORTE TV UNIVERSAL LCD/LED 10 A 71 SBRUB750
20200127,9NZG4801,21653,SUPORTE TV UNIVERSAL LCD/LED 10 A 71 SBRUB750
20200127,9NZG4801,25997,"TELEVISOR 40"" 40S6500FS HD LED SEMP TCL      "
20200127,99ILVK01,21653,SUPORTE TV UNIVERSAL LCD/LED 10 A 71 SBRUB750
20200127,12814101,21653,SUPORTE TV UNIVERSAL LCD/LED 10 A 71 SBRUB750
20200127,9OP8NK01,21653,SUPORTE TV UNIVERSAL LCD/LED 10 A 71 SBRUB750
20200127,99BSI301,21653,SUPORTE TV UNIVERSAL LCD/LED 10 A 71 SBRUB750
20200127,99BSI301,23376,"TELEVISOR SMART 48"" KDL-48W655D SONY         "
20200127,9OH21501,21653,SUPORTE TV UNIVERSAL LCD/LED 10 A 71 SBRUB750
20200127,9OISTB01,21653,SUPORTE TV UNIVERSAL LCD/LED 10 A 71 SBRUB750
20200127,9O0G9V01,21653,SUPORTE TV UNIVERSAL LCD/LED 10 A 71 SBRUB750
20200127,9O69DR01,21653,SUPORTE TV UNIVERSAL LCD/LED 10 A 71 SBRUB750
20200127,79026101,21653,SUPORTE TV UNIVERSAL LCD/LED 10 A 71 SBRUB750
20200127,99C10701,21653,SUPORTE TV UNIVERSAL LCD/LED 10 A 71 SBRUB750
20200127,9O4K8M01,21653,SUPORTE TV UNIVERSAL LCD/LED 10 A 71 SBRUB750
20200127,9O4K8M01,25303,"TELEVISOR SMART 32"" TC32FS500B PANASONIC     "
20200127,42054701,21653,SUPORTE TV UNIVERSAL LCD/LED 10 A 71 SBRUB750
20200127,9OOW6501,25997,"TELEVISOR 40"" 40S6500FS HD LED SEMP TCL      "
20200127,9OOW6501,21653,SUPORTE TV UNIVERSAL LCD/LED 10 A 71 SBRUB750
20200127,9OFXTY01,21653,SUPORTE TV UNIVERSAL LCD/LED 10 A 71 SBRUB750
20200127,12512901,21653,SUPORTE TV UNIVERSAL LCD/LED 10 A 71 SBRUB750
20200127,9O1Y7M01,21653,SUPORTE TV UNIVERSAL LCD/LED 10 A 71 SBRUB750
20200127,9O5AA401,21653,SUPORTE TV UNIVERSAL LCD/LED 10 A 71 SBRUB750
20200127,99KQJ701,19729,PEN DRIVE 8GB PD587 TWIST PRETO              
20200127,99KQJ701,26243,SUPORTE UNIV. BEDIN BU-25                    
20200127,9OID5M01,21653,SUPORTE TV UNIVERSAL LCD/LED 10 A 71 SBRUB750
20200127,91840801,21653,SUPORTE TV UNIVERSAL LCD/LED 10 A 71 SBRUB750
20200127,9OIF9Q01,21653,SUPORTE TV UNIVERSAL LCD/LED 10 A 71 SBRUB750
20200127,9O26L401,21653,SUPORTE TV UNIVERSAL LCD/LED 10 A 71 SBRUB750
20200127,9O4I2001,21653,SUPORTE TV UNIVERSAL LCD/LED 10 A 71 SBRUB750
20200127,99EK5Z01,25481,SMARTPHONE LG K9 TV LM-X210BMW DOURADO       
20200127,45586001,21653,SUPORTE TV UNIVERSAL LCD/LED 10 A 71 SBRUB750
20200127,99GQ6X01,21653,SUPORTE TV UNIVERSAL LCD/LED 10 A 71 SBRUB750
20200127,92734301,21653,SUPORTE TV UNIVERSAL LCD/LED 10 A 71 SBRUB750
20200127,88603101,25303,"TELEVISOR SMART 32"" TC32FS500B PANASONIC     "
20200127,88603101,21653,SUPORTE TV UNIVERSAL LCD/LED 10 A 71 SBRUB750
20200127,9OPHG001,21653,SUPORTE TV UNIVERSAL LCD/LED 10 A 71 SBRUB750
20200127,20315801,26222,CELULAR INFINITY W201 PRETO                  
20200127,YYZMFE01,21653,SUPORTE TV UNIVERSAL LCD/LED 10 A 71 SBRUB750
20200127,9O0Y9O01,21653,SUPORTE TV UNIVERSAL LCD/LED 10 A 71 SBRUB750
20200127,9O0Y9O01,25554,TELEVISOR SMART 32 PTV32N87SA LED PHILCO     
20200127,56394501,21653,SUPORTE TV UNIVERSAL LCD/LED 10 A 71 SBRUB750
20200127,YYZMAN01,25303,"TELEVISOR SMART 32"" TC32FS500B PANASONIC     "
20200127,YYZMOM01,25997,"TELEVISOR 40"" 40S6500FS HD LED SEMP TCL      "
20200127,YYZMOM01,21653,SUPORTE TV UNIVERSAL LCD/LED 10 A 71 SBRUB750
20200127,YYZMM101,21653,SUPORTE TV UNIVERSAL LCD/LED 10 A 71 SBRUB750
20200127,YYZMGO01,25997,"TELEVISOR 40"" 40S6500FS HD LED SEMP TCL      "
20200127,YYZMGO01,21653,SUPORTE TV UNIVERSAL LCD/LED 10 A 71 SBRUB750
20200127,YYZMOW01,21653,SUPORTE TV UNIVERSAL LCD/LED 10 A 71 SBRUB750
20200127,YYZMAN01,21653,SUPORTE TV UNIVERSAL LCD/LED 10 A 71 SBRUB750
20200127,YYZMAN01,21653,SUPORTE TV UNIVERSAL LCD/LED 10 A 71 SBRUB750
20200126,9O5KIP01,25303,"TELEVISOR SMART 32"" TC32FS500B PANASONIC     "
20200126,9O5KIP01,21653,SUPORTE TV UNIVERSAL LCD/LED 10 A 71 SBRUB750
20200126,YYZ9MW01,21653,SUPORTE TV UNIVERSAL LCD/LED 10 A 71 SBRUB750
20200126,9O3ZU601,25738,"TELEVISOR SMART 43"" PTV43E60SN LED PHILCO    "
20200126,9O3ZU601,21653,SUPORTE TV UNIVERSAL LCD/LED 10 A 71 SBRUB750
20200126,99E1NY01,21653,SUPORTE TV UNIVERSAL LCD/LED 10 A 71 SBRUB750
20200125,YYZLR101,21653,SUPORTE TV UNIVERSAL LCD/LED 10 A 71 SBRUB750
20200125,YYZLR101,25303,"TELEVISOR SMART 32"" TC32FS500B PANASONIC     "
20200125,YYZEOE01,21653,SUPORTE TV UNIVERSAL LCD/LED 10 A 71 SBRUB750
20200125,YYZKMC01,15713,SUPORTE PRETO TV LCD 10 A 55 BR ART SBRP130  
20200125,YYZLZY01,21653,SUPORTE TV UNIVERSAL LCD/LED 10 A 71 SBRUB750
20200125,71654501,21653,SUPORTE TV UNIVERSAL LCD/LED 10 A 71 SBRUB750
20200125,79743901,21653,SUPORTE TV UNIVERSAL LCD/LED 10 A 71 SBRUB750
20200125,79743901,25737,"TELEVISOR SMART 32"" PTV32 G50SN LED PHILCO   "
20200125,99EXUV01,21653,SUPORTE TV UNIVERSAL LCD/LED 10 A 71 SBRUB750
20200125,99EXUV01,25997,"TELEVISOR 40"" 40S6500FS HD LED SEMP TCL      "
20200125,9ONY1U01,21653,SUPORTE TV UNIVERSAL LCD/LED 10 A 71 SBRUB750
20200125,90396401,21653,SUPORTE TV UNIVERSAL LCD/LED 10 A 71 SBRUB750
20200125,90396401,25997,"TELEVISOR 40"" 40S6500FS HD LED SEMP TCL      "
20200125,99DM1F01,21653,SUPORTE TV UNIVERSAL LCD/LED 10 A 71 SBRUB750
20200125,24306701,21821,PEN DRIVE NANO 16GB PD054 PRETO              
20200125,99MPND01,21653,SUPORTE TV UNIVERSAL LCD/LED 10 A 71 SBRUB750
20200125,17456401,21653,SUPORTE TV UNIVERSAL LCD/LED 10 A 71 SBRUB750
20200125,9O1E9601,21653,SUPORTE TV UNIVERSAL LCD/LED 10 A 71 SBRUB750
20200125,47181801,21653,SUPORTE TV UNIVERSAL LCD/LED 10 A 71 SBRUB750
20200125,9NYZDF01,21653,SUPORTE TV UNIVERSAL LCD/LED 10 A 71 SBRUB750
20200125,20476001,21653,SUPORTE TV UNIVERSAL LCD/LED 10 A 71 SBRUB750
20200125,17879601,21653,SUPORTE TV UNIVERSAL LCD/LED 10 A 71 SBRUB750
20200125,9O9AD001,21653,SUPORTE TV UNIVERSAL LCD/LED 10 A 71 SBRUB750
20200125,9O9AD001,25995,"TELEVISOR 24"" S1300 L1850 HD LED SEMP TCL    "
20200125,9O0ZEC01,21653,SUPORTE TV UNIVERSAL LCD/LED 10 A 71 SBRUB750
20200125,9O3MNG01,21653,SUPORTE TV UNIVERSAL LCD/LED 10 A 71 SBRUB750
20200125,9NZLM501,21653,SUPORTE TV UNIVERSAL LCD/LED 10 A 71 SBRUB750
20200125,99JX7S01,25303,"TELEVISOR SMART 32"" TC32FS500B PANASONIC     "
20200125,99JX7S01,21653,SUPORTE TV UNIVERSAL LCD/LED 10 A 71 SBRUB750
20200125,99IYYR01,21653,SUPORTE TV UNIVERSAL LCD/LED 10 A 71 SBRUB750
20200125,99JE9301,21653,SUPORTE TV UNIVERSAL LCD/LED 10 A 71 SBRUB750
20200125,17446901,21653,SUPORTE TV UNIVERSAL LCD/LED 10 A 71 SBRUB750
20200125,67570301,21653,SUPORTE TV UNIVERSAL LCD/LED 10 A 71 SBRUB750
20200125,29383901,21653,SUPORTE TV UNIVERSAL LCD/LED 10 A 71 SBRUB750
20200125,29383901,24335,"TELEVISOR SMART 43"" L43S4900FS SEMP TCL      "
20200125,17592301,21653,SUPORTE TV UNIVERSAL LCD/LED 10 A 71 SBRUB750
20200125,22660801,21653,SUPORTE TV UNIVERSAL LCD/LED 10 A 71 SBRUB750
20200125,51400501,21653,SUPORTE TV UNIVERSAL LCD/LED 10 A 71 SBRUB750
20200125,69103201,21653,SUPORTE TV UNIVERSAL LCD/LED 10 A 71 SBRUB750
20200125,93494101,21653,SUPORTE TV UNIVERSAL LCD/LED 10 A 71 SBRUB750
20200125,14075501,25676,SMARTPHONE MOTOROLA MOTO G7 PLAY XT1952-5 DR 
20200125,16954001,26569,SMARTPHONE SAMSUNG GAL A10S 32GB PRETO       
20200125,9OMKF401,21653,SUPORTE TV UNIVERSAL LCD/LED 10 A 71 SBRUB750
20200125,9OMKF401,23375,"TELEVISOR SMART 40"" KDL-40W655D SONY         "
20200125,17027701,21653,SUPORTE TV UNIVERSAL LCD/LED 10 A 71 SBRUB750
20200125,23638601,25767,CAIXA AMPLIFICADA CM-11 MULT CONECT PARTY BIV
20200125,47335501,21653,SUPORTE TV UNIVERSAL LCD/LED 10 A 71 SBRUB750
20200125,42419301,25356,"TELEVISOR SMART 49"" UN49J5290 SAMSUNG        "
20200125,9O9C8U01,25997,"TELEVISOR 40"" 40S6500FS HD LED SEMP TCL      "
20200125,9O9C8U01,21653,SUPORTE TV UNIVERSAL LCD/LED 10 A 71 SBRUB750
20200125,9ODWLO01,21653,SUPORTE TV UNIVERSAL LCD/LED 10 A 71 SBRUB750
20200125,14612201,21653,SUPORTE TV UNIVERSAL LCD/LED 10 A 71 SBRUB750
20200125,46935801,21653,SUPORTE TV UNIVERSAL LCD/LED 10 A 71 SBRUB750
20200125,61271101,21653,SUPORTE TV UNIVERSAL LCD/LED 10 A 71 SBRUB750
20200125,50422801,21653,SUPORTE TV UNIVERSAL LCD/LED 10 A 71 SBRUB750
20200125,99H0G601,25981,SMARTPHONE SAMSUNG GAL A10  A105 32GB PRETO  
20200125,81008201,21653,SUPORTE TV UNIVERSAL LCD/LED 10 A 71 SBRUB750
20200125,20765901,21653,SUPORTE TV UNIVERSAL LCD/LED 10 A 71 SBRUB750
20200125,9OADS901,25999,RADIO AUTOMOTIVO P3335 POP 1 4X25WRMS PT     
20200125,99FQJV01,21653,SUPORTE TV UNIVERSAL LCD/LED 10 A 71 SBRUB750
20200125,99HAN701,25982,SMARTPHONE SAMSUNG GAL A10  A105 32GB AZUL   
20200125,50534601,21653,SUPORTE TV UNIVERSAL LCD/LED 10 A 71 SBRUB750
20200125,50534601,25997,"TELEVISOR 40"" 40S6500FS HD LED SEMP TCL      "
20200125,49806601,26243,SUPORTE UNIV. BEDIN BU-25                    
20200125,94019101,25738,"TELEVISOR SMART 43"" PTV43E60SN LED PHILCO    "
20200125,94019101,21653,SUPORTE TV UNIVERSAL LCD/LED 10 A 71 SBRUB750
20200125,42438701,21653,SUPORTE TV UNIVERSAL LCD/LED 10 A 71 SBRUB750
20200125,02444201,26590,RADIO PORTATIL TR04B C/CD/BLUETOOTH SEMP     
20200124,87087101,21653,SUPORTE TV UNIVERSAL LCD/LED 10 A 71 SBRUB750
20200124,75793801,25737,"TELEVISOR SMART 32"" PTV32 G50SN LED PHILCO   "
20200124,75793801,21653,SUPORTE TV UNIVERSAL LCD/LED 10 A 71 SBRUB750
20200124,99780301,24716,RECEPTOR MIDIA BOX HDTV B3                   
20200124,37309501,21653,SUPORTE TV UNIVERSAL LCD/LED 10 A 71 SBRUB750
20200124,99FR2T01,21653,SUPORTE TV UNIVERSAL LCD/LED 10 A 71 SBRUB750
20200124,39536901,21653,SUPORTE TV UNIVERSAL LCD/LED 10 A 71 SBRUB750
20200124,66390101,21653,SUPORTE TV UNIVERSAL LCD/LED 10 A 71 SBRUB750
20200124,55513601,21653,SUPORTE TV UNIVERSAL LCD/LED 10 A 71 SBRUB750
20200124,30685701,21653,SUPORTE TV UNIVERSAL LCD/LED 10 A 71 SBRUB750
20200124,13133601,21653,SUPORTE TV UNIVERSAL LCD/LED 10 A 71 SBRUB750
20200124,13133601,25356,"TELEVISOR SMART 49"" UN49J5290 SAMSUNG        "
20200124,9NZOJY01,21653,SUPORTE TV UNIVERSAL LCD/LED 10 A 71 SBRUB750
20200124,99MEYR01,26003,SMARTPHONE SAMSUNG GAL A20  A205 32GB PRETO  
20200124,99IVKA01,21653,SUPORTE TV UNIVERSAL LCD/LED 10 A 71 SBRUB750
20200124,99JD4G01,21653,SUPORTE TV UNIVERSAL LCD/LED 10 A 71 SBRUB750
20200124,99KCLQ01,21653,SUPORTE TV UNIVERSAL LCD/LED 10 A 71 SBRUB750
20200124,99IVKA01,25303,"TELEVISOR SMART 32"" TC32FS500B PANASONIC     "
20200124,25991601,21653,SUPORTE TV UNIVERSAL LCD/LED 10 A 71 SBRUB750
20200124,03794201,23319,TABLET NB247 M9-3G QC PRETO                  
20200124,32259301,21653,SUPORTE TV UNIVERSAL LCD/LED 10 A 71 SBRUB750
20200124,15569901,21653,SUPORTE TV UNIVERSAL LCD/LED 10 A 71 SBRUB750
20200124,9OGUC501,21653,SUPORTE TV UNIVERSAL LCD/LED 10 A 71 SBRUB750
20200124,9ODRZ701,21653,SUPORTE TV UNIVERSAL LCD/LED 10 A 71 SBRUB750
20200124,9OBMC301,21653,SUPORTE TV UNIVERSAL LCD/LED 10 A 71 SBRUB750
20200124,9O2ZOE01,21653,SUPORTE TV UNIVERSAL LCD/LED 10 A 71 SBRUB750
20200124,99FLT801,21653,SUPORTE TV UNIVERSAL LCD/LED 10 A 71 SBRUB750
20200124,99FLT801,24716,RECEPTOR MIDIA BOX HDTV B3                   
20200124,99ERD401,21653,SUPORTE TV UNIVERSAL LCD/LED 10 A 71 SBRUB750
20200124,47848801,21653,SUPORTE TV UNIVERSAL LCD/LED 10 A 71 SBRUB750
20200124,09049501,21653,SUPORTE TV UNIVERSAL LCD/LED 10 A 71 SBRUB750
20200124,9ODLLZ01,21653,SUPORTE TV UNIVERSAL LCD/LED 10 A 71 SBRUB750
20200124,99F36901,25356,"TELEVISOR SMART 49"" UN49J5290 SAMSUNG        "
20200124,99F36901,21653,SUPORTE TV UNIVERSAL LCD/LED 10 A 71 SBRUB750
20200124,16718001,25356,"TELEVISOR SMART 49"" UN49J5290 SAMSUNG        "
20200124,18616201,21653,SUPORTE TV UNIVERSAL LCD/LED 10 A 71 SBRUB750
20200124,9OJ0KO01,21653,SUPORTE TV UNIVERSAL LCD/LED 10 A 71 SBRUB750
20200124,9OJEWU01,21653,SUPORTE TV UNIVERSAL LCD/LED 10 A 71 SBRUB750
20200124,9OI6RM01,21653,SUPORTE TV UNIVERSAL LCD/LED 10 A 71 SBRUB750
20200124,46840401,21653,SUPORTE TV UNIVERSAL LCD/LED 10 A 71 SBRUB750
20200124,9OOKUS01,21653,SUPORTE TV UNIVERSAL LCD/LED 10 A 71 SBRUB750
20200124,16594601,21653,SUPORTE TV UNIVERSAL LCD/LED 10 A 71 SBRUB750
20200124,15757301,25356,"TELEVISOR SMART 49"" UN49J5290 SAMSUNG        "
20200124,15757301,21653,SUPORTE TV UNIVERSAL LCD/LED 10 A 71 SBRUB750
20200124,999DXL01,25191,SMARTPHONE SAMSUNG GAL J6 32GB PRETO         
20200124,99D39D01,21653,SUPORTE TV UNIVERSAL LCD/LED 10 A 71 SBRUB750
20200124,20782401,25729,SMARTPHONE SAMSUNG GAL J4 CORE 16GB COBRE    
20200124,20782401,25729,SMARTPHONE SAMSUNG GAL J4 CORE 16GB COBRE    
20200124,18391901,21653,SUPORTE TV UNIVERSAL LCD/LED 10 A 71 SBRUB750
20200124,22990901,25727,SMARTPHONE SAMSUNG GAL J2 CORE 16GB PRATA    
20200124,99E8FS01,21653,SUPORTE TV UNIVERSAL LCD/LED 10 A 71 SBRUB750
20200124,22427301,21653,SUPORTE TV UNIVERSAL LCD/LED 10 A 71 SBRUB750
20200124,22427301,21653,SUPORTE TV UNIVERSAL LCD/LED 10 A 71 SBRUB750
20200124,61589901,20966,PEN DRIVE 32GB PD589 TWIST PRETO             
20200124,82828601,25729,SMARTPHONE SAMSUNG GAL J4 CORE 16GB COBRE    
20200124,06144601,26548,SMARTPHONE SAMSUNG GAL A10S 32GB VERMELHO    
20200124,04130301,25303,"TELEVISOR SMART 32"" TC32FS500B PANASONIC     "
20200124,95187101,21653,SUPORTE TV UNIVERSAL LCD/LED 10 A 71 SBRUB750
20200124,54364101,21653,SUPORTE TV UNIVERSAL LCD/LED 10 A 71 SBRUB750
20200124,44746901,21653,SUPORTE TV UNIVERSAL LCD/LED 10 A 71 SBRUB750
20200124,27600901,21653,SUPORTE TV UNIVERSAL LCD/LED 10 A 71 SBRUB750
20200124,99GQFC01,21653,SUPORTE TV UNIVERSAL LCD/LED 10 A 71 SBRUB750
20200124,99GQFC01,25356,"TELEVISOR SMART 49"" UN49J5290 SAMSUNG        "
20200124,42319601,21653,SUPORTE TV UNIVERSAL LCD/LED 10 A 71 SBRUB750
20200124,99O8I101,21653,SUPORTE TV UNIVERSAL LCD/LED 10 A 71 SBRUB750
20200124,9OOX5U01,21653,SUPORTE TV UNIVERSAL LCD/LED 10 A 71 SBRUB750
20200124,9OOX5U01,26325,"TELEVISOR SMART 43"" 43S5300 HD BLUET SEMP TCL"
20200124,9OQZEO01,21653,SUPORTE TV UNIVERSAL LCD/LED 10 A 71 SBRUB750
20200124,45742901,25997,"TELEVISOR 40"" 40S6500FS HD LED SEMP TCL      "
20200124,45742901,21653,SUPORTE TV UNIVERSAL LCD/LED 10 A 71 SBRUB750
20200124,99E7MJ01,21653,SUPORTE TV UNIVERSAL LCD/LED 10 A 71 SBRUB750
20200124,9OC3PE01,21653,SUPORTE TV UNIVERSAL LCD/LED 10 A 71 SBRUB750
20200124,9OC3PE01,25997,"TELEVISOR 40"" 40S6500FS HD LED SEMP TCL      "
20200124,9O8H5N01,25356,"TELEVISOR SMART 49"" UN49J5290 SAMSUNG        "
20200124,9O8H5N01,21653,SUPORTE TV UNIVERSAL LCD/LED 10 A 71 SBRUB750
20200124,9O095401,21653,SUPORTE TV UNIVERSAL LCD/LED 10 A 71 SBRUB750
20200124,9NZFQM01,21653,SUPORTE TV UNIVERSAL LCD/LED 10 A 71 SBRUB750
20200124,90563701,21653,SUPORTE TV UNIVERSAL LCD/LED 10 A 71 SBRUB750
20200124,9OKQNY01,21653,SUPORTE TV UNIVERSAL LCD/LED 10 A 71 SBRUB750
20200124,99HHID01,21653,SUPORTE TV UNIVERSAL LCD/LED 10 A 71 SBRUB750
20200124,9O58HC01,21653,SUPORTE TV UNIVERSAL LCD/LED 10 A 71 SBRUB750
20200124,36647901,21653,SUPORTE TV UNIVERSAL LCD/LED 10 A 71 SBRUB750
20200124,99N7WT01,21653,SUPORTE TV UNIVERSAL LCD/LED 10 A 71 SBRUB750
20200124,99F7HM01,21653,SUPORTE TV UNIVERSAL LCD/LED 10 A 71 SBRUB750
20200124,99HD8801,19526,RADIO RECEPTOR 2 FXS RM PF25 PT              
20200124,27980501,21653,SUPORTE TV UNIVERSAL LCD/LED 10 A 71 SBRUB750
20200124,27980501,21653,SUPORTE TV UNIVERSAL LCD/LED 10 A 71 SBRUB750
20200124,27980501,21653,SUPORTE TV UNIVERSAL LCD/LED 10 A 71 SBRUB750
20200124,27980501,21653,SUPORTE TV UNIVERSAL LCD/LED 10 A 71 SBRUB750
20200124,27980501,21653,SUPORTE TV UNIVERSAL LCD/LED 10 A 71 SBRUB750
20200124,27980501,21653,SUPORTE TV UNIVERSAL LCD/LED 10 A 71 SBRUB750
20200124,9NYYJ301,21653,SUPORTE TV UNIVERSAL LCD/LED 10 A 71 SBRUB750
20200124,99KVJU01,21653,SUPORTE TV UNIVERSAL LCD/LED 10 A 71 SBRUB750
20200124,999SGG01,26243,SUPORTE UNIV. BEDIN BU-25                    
20200124,57661101,26004,SMARTPHONE SAMSUNG GAL A20  A205 32GB AZUL   
20200124,57661101,21653,SUPORTE TV UNIVERSAL LCD/LED 10 A 71 SBRUB750
20200124,53136501,21653,SUPORTE TV UNIVERSAL LCD/LED 10 A 71 SBRUB750
20200124,53136501,25997,"TELEVISOR 40"" 40S6500FS HD LED SEMP TCL      "
20200124,YYZLGH01,21653,SUPORTE TV UNIVERSAL LCD/LED 10 A 71 SBRUB750
20200124,YYZLE301,21653,SUPORTE TV UNIVERSAL LCD/LED 10 A 71 SBRUB750
20200124,YYZLG701,21653,SUPORTE TV UNIVERSAL LCD/LED 10 A 71 SBRUB750
20200124,YYZLBF01,23376,"TELEVISOR SMART 48"" KDL-48W655D SONY         "
20200124,YYZLBF01,21653,SUPORTE TV UNIVERSAL LCD/LED 10 A 71 SBRUB750
20200124,YYZL8F01,21653,SUPORTE TV UNIVERSAL LCD/LED 10 A 71 SBRUB750
20200124,YYZL8F01,21653,SUPORTE TV UNIVERSAL LCD/LED 10 A 71 SBRUB750
20200123,18322301,26326,"TELEVISOR SMART 50"" 50P8M 4K UHD BLT SEMP TCL"
20200123,18322301,21653,SUPORTE TV UNIVERSAL LCD/LED 10 A 71 SBRUB750
20200123,13164901,21653,SUPORTE TV UNIVERSAL LCD/LED 10 A 71 SBRUB750
20200123,35859301,25996,"TELEVISOR 32"" 32S6500S HD LED SEMP TCL       "
20200123,35859301,21653,SUPORTE TV UNIVERSAL LCD/LED 10 A 71 SBRUB750
20200123,999YWM01,26243,SUPORTE UNIV. BEDIN BU-25                    
20200123,99CH8001,26013,SMARTPHONE SAMSUNG GAL A50  A505 64GB BRANCO 
20200123,17108701,25303,"TELEVISOR SMART 32"" TC32FS500B PANASONIC     "
20200123,17108701,21653,SUPORTE TV UNIVERSAL LCD/LED 10 A 71 SBRUB750
20200123,59479701,21653,SUPORTE TV UNIVERSAL LCD/LED 10 A 71 SBRUB750
20200123,66663001,25356,"TELEVISOR SMART 49"" UN49J5290 SAMSUNG        "
20200123,66663001,21653,SUPORTE TV UNIVERSAL LCD/LED 10 A 71 SBRUB750
20200123,22331401,21653,SUPORTE TV UNIVERSAL LCD/LED 10 A 71 SBRUB750
20200123,73110201,21653,SUPORTE TV UNIVERSAL LCD/LED 10 A 71 SBRUB750
20200123,53816701,21653,SUPORTE TV UNIVERSAL LCD/LED 10 A 71 SBRUB750
20200123,09557001,21653,SUPORTE TV UNIVERSAL LCD/LED 10 A 71 SBRUB750
20200123,71611401,21653,SUPORTE TV UNIVERSAL LCD/LED 10 A 71 SBRUB750
20200123,9O1QG901,21653,SUPORTE TV UNIVERSAL LCD/LED 10 A 71 SBRUB750
20200123,9O0QW501,21653,SUPORTE TV UNIVERSAL LCD/LED 10 A 71 SBRUB750
20200123,99O8WW01,21653,SUPORTE TV UNIVERSAL LCD/LED 10 A 71 SBRUB750
20200123,99HJ8N01,25997,"TELEVISOR 40"" 40S6500FS HD LED SEMP TCL      "
20200123,9O79CU01,26590,RADIO PORTATIL TR04B C/CD/BLUETOOTH SEMP     
20200123,83742101,21653,SUPORTE TV UNIVERSAL LCD/LED 10 A 71 SBRUB750
20200123,83742101,25356,"TELEVISOR SMART 49"" UN49J5290 SAMSUNG        "
20200123,99N66Z01,21653,SUPORTE TV UNIVERSAL LCD/LED 10 A 71 SBRUB750
20200123,44955501,21653,SUPORTE TV UNIVERSAL LCD/LED 10 A 71 SBRUB750
20200123,99GP7H01,21653,SUPORTE TV UNIVERSAL LCD/LED 10 A 71 SBRUB750
20200123,99KQW701,21653,SUPORTE TV UNIVERSAL LCD/LED 10 A 71 SBRUB750
20200123,99KQW701,25998,"TELEVISOR 43"" 43S6500FS FULL HD SEMP TCL     "
20200123,9ODIB601,21653,SUPORTE TV UNIVERSAL LCD/LED 10 A 71 SBRUB750
20200123,9O9SGE01,25303,"TELEVISOR SMART 32"" TC32FS500B PANASONIC     "
20200123,9O9SGE01,21653,SUPORTE TV UNIVERSAL LCD/LED 10 A 71 SBRUB750
20200123,97198301,26006,SMARTPHONE SAMSUNG GAL A30 A305 64GB PRETO   
20200123,57636501,21653,SUPORTE TV UNIVERSAL LCD/LED 10 A 71 SBRUB750
20200123,99KURF01,21653,SUPORTE TV UNIVERSAL LCD/LED 10 A 71 SBRUB750
20200123,90230001,21653,SUPORTE TV UNIVERSAL LCD/LED 10 A 71 SBRUB750
20200123,9O494301,21653,SUPORTE TV UNIVERSAL LCD/LED 10 A 71 SBRUB750
20200123,23719601,21653,SUPORTE TV UNIVERSAL LCD/LED 10 A 71 SBRUB750
20200123,9OMHW501,21653,SUPORTE TV UNIVERSAL LCD/LED 10 A 71 SBRUB750
20200123,9OKWOA01,21653,SUPORTE TV UNIVERSAL LCD/LED 10 A 71 SBRUB750
20200123,9OHFOL01,21653,SUPORTE TV UNIVERSAL LCD/LED 10 A 71 SBRUB750
20200123,99FUHM01,26327,"TELEVISOR SMART 55"" 55P8M 4K UHD BLT SEMP TCL"
20200123,99FUHM01,21653,SUPORTE TV UNIVERSAL LCD/LED 10 A 71 SBRUB750
20200123,03420301,21653,SUPORTE TV UNIVERSAL LCD/LED 10 A 71 SBRUB750
20200123,54364101,25356,"TELEVISOR SMART 49"" UN49J5290 SAMSUNG        "
20200123,61589901,21653,SUPORTE TV UNIVERSAL LCD/LED 10 A 71 SBRUB750
20200123,61589901,26590,RADIO PORTATIL TR04B C/CD/BLUETOOTH SEMP     
20200123,27597501,21653,SUPORTE TV UNIVERSAL LCD/LED 10 A 71 SBRUB750
20200123,9OJ9KW01,21653,SUPORTE TV UNIVERSAL LCD/LED 10 A 71 SBRUB750
20200123,9OJ9KW01,26324,"TELEVISOR SMART 32"" 32S5300 HD BLUET SEMP TCL"
20200123,99EV0M01,21653,SUPORTE TV UNIVERSAL LCD/LED 10 A 71 SBRUB750
20200123,14526601,21653,SUPORTE TV UNIVERSAL LCD/LED 10 A 71 SBRUB750
20200123,14526601,25303,"TELEVISOR SMART 32"" TC32FS500B PANASONIC     "
20200123,99MBVC01,25303,"TELEVISOR SMART 32"" TC32FS500B PANASONIC     "
20200123,99MBVC01,21653,SUPORTE TV UNIVERSAL LCD/LED 10 A 71 SBRUB750
20200123,99HB0701,25481,SMARTPHONE LG K9 TV LM-X210BMW DOURADO       
20200123,9O3AQZ01,21653,SUPORTE TV UNIVERSAL LCD/LED 10 A 71 SBRUB750
20200123,9O3AQZ01,25997,"TELEVISOR 40"" 40S6500FS HD LED SEMP TCL      "
20200123,15612301,25356,"TELEVISOR SMART 49"" UN49J5290 SAMSUNG        "
20200123,15612301,21653,SUPORTE TV UNIVERSAL LCD/LED 10 A 71 SBRUB750
20200123,9OLH9F01,21653,SUPORTE TV UNIVERSAL LCD/LED 10 A 71 SBRUB750
20200123,90563701,25303,"TELEVISOR SMART 32"" TC32FS500B PANASONIC     "
20200123,99K6F001,21653,SUPORTE TV UNIVERSAL LCD/LED 10 A 71 SBRUB750
20200123,99MHIT01,21653,SUPORTE TV UNIVERSAL LCD/LED 10 A 71 SBRUB750
20200123,99K6F001,25303,"TELEVISOR SMART 32"" TC32FS500B PANASONIC     "
20200123,9NY40301,21653,SUPORTE TV UNIVERSAL LCD/LED 10 A 71 SBRUB750
20200123,9O6FZ801,21653,SUPORTE TV UNIVERSAL LCD/LED 10 A 71 SBRUB750
20200123,9O05YX01,21653,SUPORTE TV UNIVERSAL LCD/LED 10 A 71 SBRUB750
20200123,9OR1N101,21653,SUPORTE TV UNIVERSAL LCD/LED 10 A 71 SBRUB750
20200123,9O9QB501,21653,SUPORTE TV UNIVERSAL LCD/LED 10 A 71 SBRUB750
20200123,12953001,25303,"TELEVISOR SMART 32"" TC32FS500B PANASONIC     "
20200123,12953001,21653,SUPORTE TV UNIVERSAL LCD/LED 10 A 71 SBRUB750
20200123,50670501,21653,SUPORTE TV UNIVERSAL LCD/LED 10 A 71 SBRUB750
20200123,9OLA9301,21653,SUPORTE TV UNIVERSAL LCD/LED 10 A 71 SBRUB750
20200123,9OLA9301,25303,"TELEVISOR SMART 32"" TC32FS500B PANASONIC     "
20200123,62203201,25356,"TELEVISOR SMART 49"" UN49J5290 SAMSUNG        "
20200123,62203201,21653,SUPORTE TV UNIVERSAL LCD/LED 10 A 71 SBRUB750
20200123,50251901,26243,SUPORTE UNIV. BEDIN BU-25                    
20200123,9OCCPF01,21653,SUPORTE TV UNIVERSAL LCD/LED 10 A 71 SBRUB750
20200123,9O4NTM01,25303,"TELEVISOR SMART 32"" TC32FS500B PANASONIC     "
20200123,9O4NTM01,21653,SUPORTE TV UNIVERSAL LCD/LED 10 A 71 SBRUB750
20200123,9OLI2501,21653,SUPORTE TV UNIVERSAL LCD/LED 10 A 71 SBRUB750
20200123,79446401,21653,SUPORTE TV UNIVERSAL LCD/LED 10 A 71 SBRUB750
20200123,29002801,26578,SMARTPHONE MOTOROLA MOTO E6 PLUS 64GB AZ NET 
20200123,YYZJ6W01,25185,"TELEVISOR SMART 55"" 4K UN55NU7400 SAMSUNG    "
20200123,YYZKKU01,21653,SUPORTE TV UNIVERSAL LCD/LED 10 A 71 SBRUB750
20200123,YYZKKU01,25303,"TELEVISOR SMART 32"" TC32FS500B PANASONIC     "
20200123,YYZKXS01,21653,SUPORTE TV UNIVERSAL LCD/LED 10 A 71 SBRUB750
20200123,YYZKMC01,21653,SUPORTE TV UNIVERSAL LCD/LED 10 A 71 SBRUB750
20200123,YYZKMC01,25303,"TELEVISOR SMART 32"" TC32FS500B PANASONIC     "
20200123,YYY9YV01,21653,SUPORTE TV UNIVERSAL LCD/LED 10 A 71 SBRUB750
20200123,YYZKMU01,21653,SUPORTE TV UNIVERSAL LCD/LED 10 A 71 SBRUB750
20200123,YYZKY001,21653,SUPORTE TV UNIVERSAL LCD/LED 10 A 71 SBRUB750
20200123,YYZKTA01,25356,"TELEVISOR SMART 49"" UN49J5290 SAMSUNG        "
20200123,YYZKTA01,21653,SUPORTE TV UNIVERSAL LCD/LED 10 A 71 SBRUB750
20200123,YYZL2L01,21653,SUPORTE TV UNIVERSAL LCD/LED 10 A 71 SBRUB750
20200123,YYZL2L01,25303,"TELEVISOR SMART 32"" TC32FS500B PANASONIC     "
20200123,YYZKVG01,21653,SUPORTE TV UNIVERSAL LCD/LED 10 A 71 SBRUB750
20200122,75828701,21653,SUPORTE TV UNIVERSAL LCD/LED 10 A 71 SBRUB750
20200122,83738701,21653,SUPORTE TV UNIVERSAL LCD/LED 10 A 71 SBRUB750
20200122,14885901,25185,"TELEVISOR SMART 55"" 4K UN55NU7400 SAMSUNG    "
20200122,14885901,21653,SUPORTE TV UNIVERSAL LCD/LED 10 A 71 SBRUB750
20200122,99CT9N01,25356,"TELEVISOR SMART 49"" UN49J5290 SAMSUNG        "
20200122,89612001,25303,"TELEVISOR SMART 32"" TC32FS500B PANASONIC     "
20200122,89612001,21653,SUPORTE TV UNIVERSAL LCD/LED 10 A 71 SBRUB750
20200122,51959101,21653,SUPORTE TV UNIVERSAL LCD/LED 10 A 71 SBRUB750
20200122,50576401,21653,SUPORTE TV UNIVERSAL LCD/LED 10 A 71 SBRUB750
20200122,83203001,21653,SUPORTE TV UNIVERSAL LCD/LED 10 A 71 SBRUB750
20200122,99FD8Y01,21653,SUPORTE TV UNIVERSAL LCD/LED 10 A 71 SBRUB750
20200122,24378801,21653,SUPORTE TV UNIVERSAL LCD/LED 10 A 71 SBRUB750
20200122,9OGWGF01,21653,SUPORTE TV UNIVERSAL LCD/LED 10 A 71 SBRUB750
20200122,9O7ONN01,21653,SUPORTE TV UNIVERSAL LCD/LED 10 A 71 SBRUB750
20200122,9O0LGP01,21653,SUPORTE TV UNIVERSAL LCD/LED 10 A 71 SBRUB750
20200122,9NZOJY01,25185,"TELEVISOR SMART 55"" 4K UN55NU7400 SAMSUNG    "
20200122,9NY38501,21653,SUPORTE TV UNIVERSAL LCD/LED 10 A 71 SBRUB750
20200122,9NZ0XI01,21653,SUPORTE TV UNIVERSAL LCD/LED 10 A 71 SBRUB750
20200122,9OES7M01,21653,SUPORTE TV UNIVERSAL LCD/LED 10 A 71 SBRUB750
20200122,9OES7M01,25737,"TELEVISOR SMART 32"" PTV32 G50SN LED PHILCO   "
20200122,16839601,21653,SUPORTE TV UNIVERSAL LCD/LED 10 A 71 SBRUB750
20200122,9OFI1P01,21653,SUPORTE TV UNIVERSAL LCD/LED 10 A 71 SBRUB750
20200122,9OFI1P01,25303,"TELEVISOR SMART 32"" TC32FS500B PANASONIC     "
20200122,9OCWVG01,21653,SUPORTE TV UNIVERSAL LCD/LED 10 A 71 SBRUB750
20200122,9OCWVG01,25356,"TELEVISOR SMART 49"" UN49J5290 SAMSUNG        "
20200122,9O34IA01,21653,SUPORTE TV UNIVERSAL LCD/LED 10 A 71 SBRUB750
20200122,37382001,21653,SUPORTE TV UNIVERSAL LCD/LED 10 A 71 SBRUB750
20200122,34467301,21653,SUPORTE TV UNIVERSAL LCD/LED 10 A 71 SBRUB750
20200122,80169401,21653,SUPORTE TV UNIVERSAL LCD/LED 10 A 71 SBRUB750
20200122,99A3U701,26243,SUPORTE UNIV. BEDIN BU-25                    
20200122,99FIU401,21653,SUPORTE TV UNIVERSAL LCD/LED 10 A 71 SBRUB750
20200122,21963901,25185,"TELEVISOR SMART 55"" 4K UN55NU7400 SAMSUNG    "
20200122,21963901,21653,SUPORTE TV UNIVERSAL LCD/LED 10 A 71 SBRUB750
20200122,9O494301,21653,SUPORTE TV UNIVERSAL LCD/LED 10 A 71 SBRUB750
20200122,9OLQ8301,21653,SUPORTE TV UNIVERSAL LCD/LED 10 A 71 SBRUB750
20200122,9OKNYT01,26243,SUPORTE UNIV. BEDIN BU-25                    
20200122,9OLP7P01,21653,SUPORTE TV UNIVERSAL LCD/LED 10 A 71 SBRUB750
20200122,9OLP7P01,21653,SUPORTE TV UNIVERSAL LCD/LED 10 A 71 SBRUB750
20200122,9OK0XF01,25727,SMARTPHONE SAMSUNG GAL J2 CORE 16GB PRATA    
20200122,57233401,21821,PEN DRIVE NANO 16GB PD054 PRETO              
20200122,93531601,21653,SUPORTE TV UNIVERSAL LCD/LED 10 A 71 SBRUB750
20200122,97738001,21653,SUPORTE TV UNIVERSAL LCD/LED 10 A 71 SBRUB750
20200122,79775701,21653,SUPORTE TV UNIVERSAL LCD/LED 10 A 71 SBRUB750
20200122,99BI2B01,21854,CELULAR BLU JENNY 2.8 T276 DB PRETO-AZUL     
20200122,22188801,21653,SUPORTE TV UNIVERSAL LCD/LED 10 A 71 SBRUB750
20200122,99FJJY01,20966,PEN DRIVE 32GB PD589 TWIST PRETO             
20200122,99FRL501,21653,SUPORTE TV UNIVERSAL LCD/LED 10 A 71 SBRUB750
20200122,99ECFA01,19729,PEN DRIVE 8GB PD587 TWIST PRETO              
20200122,99ECFA01,21653,SUPORTE TV UNIVERSAL LCD/LED 10 A 71 SBRUB750
20200122,15748001,21653,SUPORTE TV UNIVERSAL LCD/LED 10 A 71 SBRUB750
20200122,75866801,21653,SUPORTE TV UNIVERSAL LCD/LED 10 A 71 SBRUB750
20200122,75866801,25997,"TELEVISOR 40"" 40S6500FS HD LED SEMP TCL      "
20200122,58804901,25303,"TELEVISOR SMART 32"" TC32FS500B PANASONIC     "
20200122,58804901,21653,SUPORTE TV UNIVERSAL LCD/LED 10 A 71 SBRUB750
20200122,60633701,21653,SUPORTE TV UNIVERSAL LCD/LED 10 A 71 SBRUB750
20200122,62543601,21653,SUPORTE TV UNIVERSAL LCD/LED 10 A 71 SBRUB750
20200122,99DLUT01,21653,SUPORTE TV UNIVERSAL LCD/LED 10 A 71 SBRUB750
20200122,99O88G01,21653,SUPORTE TV UNIVERSAL LCD/LED 10 A 71 SBRUB750
20200122,99O88G01,25303,"TELEVISOR SMART 32"" TC32FS500B PANASONIC     "
20200122,99L7IN01,21653,SUPORTE TV UNIVERSAL LCD/LED 10 A 71 SBRUB750
20200122,99M4HY01,21653,SUPORTE TV UNIVERSAL LCD/LED 10 A 71 SBRUB750
20200122,99M4HY01,21653,SUPORTE TV UNIVERSAL LCD/LED 10 A 71 SBRUB750
20200122,99H6QU01,21653,SUPORTE TV UNIVERSAL LCD/LED 10 A 71 SBRUB750
20200122,99EXMQ01,21653,SUPORTE TV UNIVERSAL LCD/LED 10 A 71 SBRUB750
20200122,96731401,21653,SUPORTE TV UNIVERSAL LCD/LED 10 A 71 SBRUB750
20200122,99ELBR01,21653,SUPORTE TV UNIVERSAL LCD/LED 10 A 71 SBRUB750
20200122,9O8WKQ01,21653,SUPORTE TV UNIVERSAL LCD/LED 10 A 71 SBRUB750
20200122,9O23UI01,21653,SUPORTE TV UNIVERSAL LCD/LED 10 A 71 SBRUB750
20200122,9O3FFN01,21653,SUPORTE TV UNIVERSAL LCD/LED 10 A 71 SBRUB750
20200122,9NZ6S701,21653,SUPORTE TV UNIVERSAL LCD/LED 10 A 71 SBRUB750
20200122,99MHIT01,25185,"TELEVISOR SMART 55"" 4K UN55NU7400 SAMSUNG    "
20200122,25549701,21653,SUPORTE TV UNIVERSAL LCD/LED 10 A 71 SBRUB750
20200122,93696301,21653,SUPORTE TV UNIVERSAL LCD/LED 10 A 71 SBRUB750
20200122,90918301,21653,SUPORTE TV UNIVERSAL LCD/LED 10 A 71 SBRUB750
20200122,9OAMS601,25303,"TELEVISOR SMART 32"" TC32FS500B PANASONIC     "
20200122,9OAMS601,21653,SUPORTE TV UNIVERSAL LCD/LED 10 A 71 SBRUB750
20200122,99DQH201,25997,"TELEVISOR 40"" 40S6500FS HD LED SEMP TCL      "
20200122,99DQH201,21653,SUPORTE TV UNIVERSAL LCD/LED 10 A 71 SBRUB750
20200122,71156601,21653,SUPORTE TV UNIVERSAL LCD/LED 10 A 71 SBRUB750
20200122,43989401,21653,SUPORTE TV UNIVERSAL LCD/LED 10 A 71 SBRUB750
20200122,43989401,25303,"TELEVISOR SMART 32"" TC32FS500B PANASONIC     "
20200122,9ODFWJ01,21653,SUPORTE TV UNIVERSAL LCD/LED 10 A 71 SBRUB750
20200122,9OQN7O01,21653,SUPORTE TV UNIVERSAL LCD/LED 10 A 71 SBRUB750
20200122,9OQN7O01,25303,"TELEVISOR SMART 32"" TC32FS500B PANASONIC     "
20200122,16169201,25185,"TELEVISOR SMART 55"" 4K UN55NU7400 SAMSUNG    "
20200122,16169201,21653,SUPORTE TV UNIVERSAL LCD/LED 10 A 71 SBRUB750
20200122,9OE09V01,25303,"TELEVISOR SMART 32"" TC32FS500B PANASONIC     "
20200122,9OE09V01,21653,SUPORTE TV UNIVERSAL LCD/LED 10 A 71 SBRUB750
20200122,9O8KNJ01,21653,SUPORTE TV UNIVERSAL LCD/LED 10 A 71 SBRUB750
20200122,50251901,21653,SUPORTE TV UNIVERSAL LCD/LED 10 A 71 SBRUB750
20200122,61822101,26243,SUPORTE UNIV. BEDIN BU-25                    
20200122,YYZIP801,21653,SUPORTE TV UNIVERSAL LCD/LED 10 A 71 SBRUB750
20200122,96752601,21653,SUPORTE TV UNIVERSAL LCD/LED 10 A 71 SBRUB750
20200122,99K4L101,21653,SUPORTE TV UNIVERSAL LCD/LED 10 A 71 SBRUB750
20200122,YYZK9301,21653,SUPORTE TV UNIVERSAL LCD/LED 10 A 71 SBRUB750
20200122,YYZK8Z01,21653,SUPORTE TV UNIVERSAL LCD/LED 10 A 71 SBRUB750
20200122,YYZK8N01,25303,"TELEVISOR SMART 32"" TC32FS500B PANASONIC     "
20200122,YYZK8N01,21653,SUPORTE TV UNIVERSAL LCD/LED 10 A 71 SBRUB750
20200122,YYZK8F01,21653,SUPORTE TV UNIVERSAL LCD/LED 10 A 71 SBRUB750
20200122,YYZK1L01,21653,SUPORTE TV UNIVERSAL LCD/LED 10 A 71 SBRUB750
20200122,YYZK1L01,25546,"TELEVISOR SMART 32"" TC32FS600B PANASONIC     "
20200122,9OPDE201,21653,SUPORTE TV UNIVERSAL LCD/LED 10 A 71 SBRUB750
20200122,YYZK2501,21653,SUPORTE TV UNIVERSAL LCD/LED 10 A 71 SBRUB750
20200122,YYZK2501,21653,SUPORTE TV UNIVERSAL LCD/LED 10 A 71 SBRUB750
20200122,YYZJI301,21653,SUPORTE TV UNIVERSAL LCD/LED 10 A 71 SBRUB750
20200122,YYZJZL01,21653,SUPORTE TV UNIVERSAL LCD/LED 10 A 71 SBRUB750
20200122,YYZJUJ01,21653,SUPORTE TV UNIVERSAL LCD/LED 10 A 71 SBRUB750
20200122,YYZKGR01,21653,SUPORTE TV UNIVERSAL LCD/LED 10 A 71 SBRUB750
20200122,YYZK7F01,25303,"TELEVISOR SMART 32"" TC32FS500B PANASONIC     "
20200122,YYZK7F01,21653,SUPORTE TV UNIVERSAL LCD/LED 10 A 71 SBRUB750
20200121,55268201,21653,SUPORTE TV UNIVERSAL LCD/LED 10 A 71 SBRUB750
20200121,20543701,21653,SUPORTE TV UNIVERSAL LCD/LED 10 A 71 SBRUB750
20200121,34594501,21653,SUPORTE TV UNIVERSAL LCD/LED 10 A 71 SBRUB750
20200121,99CUHW01,26583,SMARTPHONE MOTOROLA MOTO G8 PLUS 64GB AZUL SF
20200121,05121001,21653,SUPORTE TV UNIVERSAL LCD/LED 10 A 71 SBRUB750
20200121,24041401,21653,SUPORTE TV UNIVERSAL LCD/LED 10 A 71 SBRUB750
20200121,9OH1JN01,21653,SUPORTE TV UNIVERSAL LCD/LED 10 A 71 SBRUB750
20200121,20547101,21653,SUPORTE TV UNIVERSAL LCD/LED 10 A 71 SBRUB750
20200121,20547101,25185,"TELEVISOR SMART 55"" 4K UN55NU7400 SAMSUNG    "
20200121,83203001,21256,CELULAR BLU TANK II T193 DB PRETO AZUL       
20200121,24378801,26325,"TELEVISOR SMART 43"" 43S5300 HD BLUET SEMP TCL"
20200121,99G88101,25996,"TELEVISOR 32"" 32S6500S HD LED SEMP TCL       "
20200121,71452301,25356,"TELEVISOR SMART 49"" UN49J5290 SAMSUNG        "
20200121,71452301,21653,SUPORTE TV UNIVERSAL LCD/LED 10 A 71 SBRUB750
20200121,9O6ZEP01,21653,SUPORTE TV UNIVERSAL LCD/LED 10 A 71 SBRUB750
20200121,99M2RO01,21653,SUPORTE TV UNIVERSAL LCD/LED 10 A 71 SBRUB750
20200121,99MLX701,21653,SUPORTE TV UNIVERSAL LCD/LED 10 A 71 SBRUB750
20200121,99MLX701,25356,"TELEVISOR SMART 49"" UN49J5290 SAMSUNG        "
20200121,99JL9101,21653,SUPORTE TV UNIVERSAL LCD/LED 10 A 71 SBRUB750
20200121,99JL9101,25303,"TELEVISOR SMART 32"" TC32FS500B PANASONIC     "
20200121,99J5A201,26326,"TELEVISOR SMART 50"" 50P8M 4K UHD BLT SEMP TCL"
20200121,99J5A201,21653,SUPORTE TV UNIVERSAL LCD/LED 10 A 71 SBRUB750
20200121,73096201,21653,SUPORTE TV UNIVERSAL LCD/LED 10 A 71 SBRUB750
20200121,81870001,21653,SUPORTE TV UNIVERSAL LCD/LED 10 A 71 SBRUB750
20200121,81870001,26326,"TELEVISOR SMART 50"" 50P8M 4K UHD BLT SEMP TCL"
20200121,81870001,21653,SUPORTE TV UNIVERSAL LCD/LED 10 A 71 SBRUB750
20200121,99DFHS01,21653,SUPORTE TV UNIVERSAL LCD/LED 10 A 71 SBRUB750
20200121,999RC201,21653,SUPORTE TV UNIVERSAL LCD/LED 10 A 71 SBRUB750
20200121,18444101,21653,SUPORTE TV UNIVERSAL LCD/LED 10 A 71 SBRUB750
20200121,9OK87Z01,21653,SUPORTE TV UNIVERSAL LCD/LED 10 A 71 SBRUB750
20200121,62023101,21653,SUPORTE TV UNIVERSAL LCD/LED 10 A 71 SBRUB750
20200121,9OORZU01,21653,SUPORTE TV UNIVERSAL LCD/LED 10 A 71 SBRUB750
20200121,9ODI3X01,20599,ROTEADOR RE160 300 MBPS NOVO (05)            
20200121,99KZWE01,21653,SUPORTE TV UNIVERSAL LCD/LED 10 A 71 SBRUB750
20200121,9OLB2A01,25303,"TELEVISOR SMART 32"" TC32FS500B PANASONIC     "
20200121,9OLB2A01,21653,SUPORTE TV UNIVERSAL LCD/LED 10 A 71 SBRUB750
20200121,9OKRBF01,25996,"TELEVISOR 32"" 32S6500S HD LED SEMP TCL       "
20200121,9OKRBF01,21653,SUPORTE TV UNIVERSAL LCD/LED 10 A 71 SBRUB750
20200121,999P4601,26578,SMARTPHONE MOTOROLA MOTO E6 PLUS 64GB AZ NET 
20200121,999P4601,21653,SUPORTE TV UNIVERSAL LCD/LED 10 A 71 SBRUB750
20200121,13574501,21653,SUPORTE TV UNIVERSAL LCD/LED 10 A 71 SBRUB750
20200121,10338901,21653,SUPORTE TV UNIVERSAL LCD/LED 10 A 71 SBRUB750
20200121,14386401,21653,SUPORTE TV UNIVERSAL LCD/LED 10 A 71 SBRUB750
20200121,9O09YL01,21653,SUPORTE TV UNIVERSAL LCD/LED 10 A 71 SBRUB750
20200121,9OQFD901,21653,SUPORTE TV UNIVERSAL LCD/LED 10 A 71 SBRUB750
20200121,32504901,25997,"TELEVISOR 40"" 40S6500FS HD LED SEMP TCL      "
20200121,32504901,21653,SUPORTE TV UNIVERSAL LCD/LED 10 A 71 SBRUB750
20200121,99D35101,21653,SUPORTE TV UNIVERSAL LCD/LED 10 A 71 SBRUB750
20200121,23419601,25996,"TELEVISOR 32"" 32S6500S HD LED SEMP TCL       "
20200121,23419601,21653,SUPORTE TV UNIVERSAL LCD/LED 10 A 71 SBRUB750
20200121,06003901,21653,SUPORTE TV UNIVERSAL LCD/LED 10 A 71 SBRUB750
20200121,06003901,25997,"TELEVISOR 40"" 40S6500FS HD LED SEMP TCL      "
20200121,19314901,21653,SUPORTE TV UNIVERSAL LCD/LED 10 A 71 SBRUB750
20200121,28029601,21653,SUPORTE TV UNIVERSAL LCD/LED 10 A 71 SBRUB750
20200121,31494901,21653,SUPORTE TV UNIVERSAL LCD/LED 10 A 71 SBRUB750
20200121,02516501,25356,"TELEVISOR SMART 49"" UN49J5290 SAMSUNG        "
20200121,02516501,21653,SUPORTE TV UNIVERSAL LCD/LED 10 A 71 SBRUB750
20200121,99EXCF01,21653,SUPORTE TV UNIVERSAL LCD/LED 10 A 71 SBRUB750
20200121,99F28Z01,20966,PEN DRIVE 32GB PD589 TWIST PRETO             
20200121,99DGRH01,21653,SUPORTE TV UNIVERSAL LCD/LED 10 A 71 SBRUB750
20200121,56300201,21653,SUPORTE TV UNIVERSAL LCD/LED 10 A 71 SBRUB750
20200121,24670401,21653,SUPORTE TV UNIVERSAL LCD/LED 10 A 71 SBRUB750
20200121,99C6J501,21653,SUPORTE TV UNIVERSAL LCD/LED 10 A 71 SBRUB750
20200121,99C6J501,23375,"TELEVISOR SMART 40"" KDL-40W655D SONY         "
20200121,9O2IOM01,21653,SUPORTE TV UNIVERSAL LCD/LED 10 A 71 SBRUB750
20200121,9NZ6S701,25366,TABLET NB728 MINI MS40G PRETO                
20200121,9NZ6S701,25367,TABLET NB729 MINI MS40G BRANCO               
20200121,9OO32U01,21653,SUPORTE TV UNIVERSAL LCD/LED 10 A 71 SBRUB750
20200121,9OP4YA01,25303,"TELEVISOR SMART 32"" TC32FS500B PANASONIC     "
20200121,9O8OJR01,21653,SUPORTE TV UNIVERSAL LCD/LED 10 A 71 SBRUB750
20200121,9OP4YA01,21653,SUPORTE TV UNIVERSAL LCD/LED 10 A 71 SBRUB750
20200121,9OP4YA01,26324,"TELEVISOR SMART 32"" 32S5300 HD BLUET SEMP TCL"
20200121,18787101,21653,SUPORTE TV UNIVERSAL LCD/LED 10 A 71 SBRUB750
20200121,99IMYR01,21653,SUPORTE TV UNIVERSAL LCD/LED 10 A 71 SBRUB750
20200121,9OMWEX01,25997,"TELEVISOR 40"" 40S6500FS HD LED SEMP TCL      "
20200121,9OMWEX01,26243,SUPORTE UNIV. BEDIN BU-25                    
20200121,9OHU9401,25303,"TELEVISOR SMART 32"" TC32FS500B PANASONIC     "
20200121,9OHU9401,21653,SUPORTE TV UNIVERSAL LCD/LED 10 A 71 SBRUB750
20200121,9O4NE001,21653,SUPORTE TV UNIVERSAL LCD/LED 10 A 71 SBRUB750
20200121,9O4NE001,25480,ANTENA + RECEPTOR SKY PRE PAGO 60CM PT/CZ    
20200121,99DHBV01,21653,SUPORTE TV UNIVERSAL LCD/LED 10 A 71 SBRUB750
20200121,99I5NZ01,25172,SMARTPHONE LG K9 TV LM-X210BMW PRETO         
20200121,9OKXGS01,21653,SUPORTE TV UNIVERSAL LCD/LED 10 A 71 SBRUB750
20200121,99BKKK01,21653,SUPORTE TV UNIVERSAL LCD/LED 10 A 71 SBRUB750
20200121,90845201,21653,SUPORTE TV UNIVERSAL LCD/LED 10 A 71 SBRUB750
20200121,9OGZQB01,21653,SUPORTE TV UNIVERSAL LCD/LED 10 A 71 SBRUB750
20200121,31956001,21653,SUPORTE TV UNIVERSAL LCD/LED 10 A 71 SBRUB750
20200121,9OEV5A01,26327,"TELEVISOR SMART 55"" 55P8M 4K UHD BLT SEMP TCL"
20200121,9O92RU01,21653,SUPORTE TV UNIVERSAL LCD/LED 10 A 71 SBRUB750
20200121,15832101,21653,SUPORTE TV UNIVERSAL LCD/LED 10 A 71 SBRUB750
20200121,99C4XP01,21653,SUPORTE TV UNIVERSAL LCD/LED 10 A 71 SBRUB750
20200121,99FYOT01,21653,SUPORTE TV UNIVERSAL LCD/LED 10 A 71 SBRUB750
20200121,99O7RF01,21653,SUPORTE TV UNIVERSAL LCD/LED 10 A 71 SBRUB750
20200121,9OHY7Z01,21653,SUPORTE TV UNIVERSAL LCD/LED 10 A 71 SBRUB750
20200121,98858401,24716,RECEPTOR MIDIA BOX HDTV B3                   
20200121,04801401,25172,SMARTPHONE LG K9 TV LM-X210BMW PRETO         
20200121,99FY8J01,21653,SUPORTE TV UNIVERSAL LCD/LED 10 A 71 SBRUB750
20200121,99FY8J01,25356,"TELEVISOR SMART 49"" UN49J5290 SAMSUNG        "
20200121,93834401,21653,SUPORTE TV UNIVERSAL LCD/LED 10 A 71 SBRUB750
20200121,80530801,21653,SUPORTE TV UNIVERSAL LCD/LED 10 A 71 SBRUB750
20200121,59145901,21653,SUPORTE TV UNIVERSAL LCD/LED 10 A 71 SBRUB750
20200121,59145901,21653,SUPORTE TV UNIVERSAL LCD/LED 10 A 71 SBRUB750
20200121,99850401,21653,SUPORTE TV UNIVERSAL LCD/LED 10 A 71 SBRUB750
20200121,000VWV01,21653,SUPORTE TV UNIVERSAL LCD/LED 10 A 71 SBRUB750
20200121,000YYK01,25356,"TELEVISOR SMART 49"" UN49J5290 SAMSUNG        "
20200121,000YYK01,21653,SUPORTE TV UNIVERSAL LCD/LED 10 A 71 SBRUB750
20200121,YYZJ6A01,25997,"TELEVISOR 40"" 40S6500FS HD LED SEMP TCL      "
20200121,YYZJ6A01,21653,SUPORTE TV UNIVERSAL LCD/LED 10 A 71 SBRUB750
20200121,YYZH0U01,21653,SUPORTE TV UNIVERSAL LCD/LED 10 A 71 SBRUB750
20200121,9NYF6H01,21653,SUPORTE TV UNIVERSAL LCD/LED 10 A 71 SBRUB750
20200121,9NYF6H01,25303,"TELEVISOR SMART 32"" TC32FS500B PANASONIC     "
20200121,YYZJPD01,25997,"TELEVISOR 40"" 40S6500FS HD LED SEMP TCL      "
20200121,YYZJPD01,21653,SUPORTE TV UNIVERSAL LCD/LED 10 A 71 SBRUB750
20200121,YYZJ6W01,21653,SUPORTE TV UNIVERSAL LCD/LED 10 A 71 SBRUB750
20200121,YYZJ6W01,25356,"TELEVISOR SMART 49"" UN49J5290 SAMSUNG        "
20200121,YYZJOD01,21653,SUPORTE TV UNIVERSAL LCD/LED 10 A 71 SBRUB750
20200121,YYZCFZ01,21653,SUPORTE TV UNIVERSAL LCD/LED 10 A 71 SBRUB750
20200121,YYZJHT01,25356,"TELEVISOR SMART 49"" UN49J5290 SAMSUNG        "
20200121,YYZJHT01,21653,SUPORTE TV UNIVERSAL LCD/LED 10 A 71 SBRUB750
20200121,YYZJMX01,21653,SUPORTE TV UNIVERSAL LCD/LED 10 A 71 SBRUB750
20200121,YYZJ9W01,21653,SUPORTE TV UNIVERSAL LCD/LED 10 A 71 SBRUB750
20200121,YYZJ9W01,25303,"TELEVISOR SMART 32"" TC32FS500B PANASONIC     "
20200121,YYZJ8401,21653,SUPORTE TV UNIVERSAL LCD/LED 10 A 71 SBRUB750
20200121,YYZJOX01,21653,SUPORTE TV UNIVERSAL LCD/LED 10 A 71 SBRUB750
20200120,64778701,21653,SUPORTE TV UNIVERSAL LCD/LED 10 A 71 SBRUB750
20200120,64778701,25997,"TELEVISOR 40"" 40S6500FS HD LED SEMP TCL      "
20200120,19687101,21653,SUPORTE TV UNIVERSAL LCD/LED 10 A 71 SBRUB750
20200120,92244901,21647,DVD D-15 KARAOKE MONDIAL                     
20200120,98947901,21653,SUPORTE TV UNIVERSAL LCD/LED 10 A 71 SBRUB750
20200120,98947901,25997,"TELEVISOR 40"" 40S6500FS HD LED SEMP TCL      "
20200120,16721101,21653,SUPORTE TV UNIVERSAL LCD/LED 10 A 71 SBRUB750
20200120,88299801,21653,SUPORTE TV UNIVERSAL LCD/LED 10 A 71 SBRUB750
20200120,26988101,21653,SUPORTE TV UNIVERSAL LCD/LED 10 A 71 SBRUB750
20200120,03796101,21653,SUPORTE TV UNIVERSAL LCD/LED 10 A 71 SBRUB750
20200120,9O1EZO01,21653,SUPORTE TV UNIVERSAL LCD/LED 10 A 71 SBRUB750
20200120,9O003701,21653,SUPORTE TV UNIVERSAL LCD/LED 10 A 71 SBRUB750
20200120,99MJBC01,21653,SUPORTE TV UNIVERSAL LCD/LED 10 A 71 SBRUB750
20200120,99MJBC01,25303,"TELEVISOR SMART 32"" TC32FS500B PANASONIC     "
20200120,99HVYH01,21653,SUPORTE TV UNIVERSAL LCD/LED 10 A 71 SBRUB750
20200120,99HVYH01,25545,"TELEVISOR SMART 40"" TC40FS600B PANASONIC     "
20200120,34424101,21653,SUPORTE TV UNIVERSAL LCD/LED 10 A 71 SBRUB750
20200120,9OGG3901,21653,SUPORTE TV UNIVERSAL LCD/LED 10 A 71 SBRUB750
20200120,07456201,21653,SUPORTE TV UNIVERSAL LCD/LED 10 A 71 SBRUB750
20200120,9ODSNO01,26243,SUPORTE UNIV. BEDIN BU-25                    
20200120,32320401,21653,SUPORTE TV UNIVERSAL LCD/LED 10 A 71 SBRUB750
20200120,9OB8KC01,25303,"TELEVISOR SMART 32"" TC32FS500B PANASONIC     "
20200120,9OB8KC01,21653,SUPORTE TV UNIVERSAL LCD/LED 10 A 71 SBRUB750
20200120,99L8V301,21653,SUPORTE TV UNIVERSAL LCD/LED 10 A 71 SBRUB750
20200120,53706301,21653,SUPORTE TV UNIVERSAL LCD/LED 10 A 71 SBRUB750
20200120,93609501,21653,SUPORTE TV UNIVERSAL LCD/LED 10 A 71 SBRUB750
20200120,9O0OTA01,21653,SUPORTE TV UNIVERSAL LCD/LED 10 A 71 SBRUB750
20200120,9NZXEB01,21653,SUPORTE TV UNIVERSAL LCD/LED 10 A 71 SBRUB750
20200120,99L75H01,21653,SUPORTE TV UNIVERSAL LCD/LED 10 A 71 SBRUB750
20200120,9OJPDW01,21653,SUPORTE TV UNIVERSAL LCD/LED 10 A 71 SBRUB750
20200120,99HUCB01,21653,SUPORTE TV UNIVERSAL LCD/LED 10 A 71 SBRUB750
20200120,62218701,21653,SUPORTE TV UNIVERSAL LCD/LED 10 A 71 SBRUB750
20200120,99BHKC01,24716,RECEPTOR MIDIA BOX HDTV B3                   
20200120,99DQCN01,21653,SUPORTE TV UNIVERSAL LCD/LED 10 A 71 SBRUB750
20200120,9O0K9P01,24716,RECEPTOR MIDIA BOX HDTV B3                   
20200120,99K57601,25241,PEN DRIVE MC162 2X1 LEITOR USB SD 16GB       
20200120,93494101,21653,SUPORTE TV UNIVERSAL LCD/LED 10 A 71 SBRUB750
20200120,93494101,21653,SUPORTE TV UNIVERSAL LCD/LED 10 A 71 SBRUB750
20200120,03118201,21653,SUPORTE TV UNIVERSAL LCD/LED 10 A 71 SBRUB750
20200120,03132601,21653,SUPORTE TV UNIVERSAL LCD/LED 10 A 71 SBRUB750
20200120,9O68ZA01,21653,SUPORTE TV UNIVERSAL LCD/LED 10 A 71 SBRUB750
20200120,93604101,21653,SUPORTE TV UNIVERSAL LCD/LED 10 A 71 SBRUB750
20200120,48525301,21653,SUPORTE TV UNIVERSAL LCD/LED 10 A 71 SBRUB750
20200120,28029601,26325,"TELEVISOR SMART 43"" 43S5300 HD BLUET SEMP TCL"
20200120,27577701,21653,SUPORTE TV UNIVERSAL LCD/LED 10 A 71 SBRUB750
20200120,27577701,25303,"TELEVISOR SMART 32"" TC32FS500B PANASONIC     "
20200120,27577701,21653,SUPORTE TV UNIVERSAL LCD/LED 10 A 71 SBRUB750
20200120,78385301,21653,SUPORTE TV UNIVERSAL LCD/LED 10 A 71 SBRUB750
20200120,99H11P01,21653,SUPORTE TV UNIVERSAL LCD/LED 10 A 71 SBRUB750
20200120,10223101,21653,SUPORTE TV UNIVERSAL LCD/LED 10 A 71 SBRUB750
20200120,99I9Z201,21653,SUPORTE TV UNIVERSAL LCD/LED 10 A 71 SBRUB750
20200120,99JOLJ01,21653,SUPORTE TV UNIVERSAL LCD/LED 10 A 71 SBRUB750
20200120,999ZAU01,25545,"TELEVISOR SMART 40"" TC40FS600B PANASONIC     "
20200120,999ZAU01,21653,SUPORTE TV UNIVERSAL LCD/LED 10 A 71 SBRUB750
20200120,17612401,25997,"TELEVISOR 40"" 40S6500FS HD LED SEMP TCL      "
20200120,17612401,21653,SUPORTE TV UNIVERSAL LCD/LED 10 A 71 SBRUB750
20200120,08310301,25997,"TELEVISOR 40"" 40S6500FS HD LED SEMP TCL      "
20200120,08310301,21653,SUPORTE TV UNIVERSAL LCD/LED 10 A 71 SBRUB750
20200120,90392101,25356,"TELEVISOR SMART 49"" UN49J5290 SAMSUNG        "
20200120,90392101,21653,SUPORTE TV UNIVERSAL LCD/LED 10 A 71 SBRUB750
20200120,47687401,21653,SUPORTE TV UNIVERSAL LCD/LED 10 A 71 SBRUB750
20200120,27600901,21653,SUPORTE TV UNIVERSAL LCD/LED 10 A 71 SBRUB750
20200120,9O8XMB01,21653,SUPORTE TV UNIVERSAL LCD/LED 10 A 71 SBRUB750
20200120,9O130W01,25997,"TELEVISOR 40"" 40S6500FS HD LED SEMP TCL      "
20200120,9O130W01,21653,SUPORTE TV UNIVERSAL LCD/LED 10 A 71 SBRUB750
20200120,9O0EH101,21653,SUPORTE TV UNIVERSAL LCD/LED 10 A 71 SBRUB750
20200120,9O0EH101,26327,"TELEVISOR SMART 55"" 55P8M 4K UHD BLT SEMP TCL"
20200120,99MRMB01,21653,SUPORTE TV UNIVERSAL LCD/LED 10 A 71 SBRUB750
20200120,99NCTS01,21653,SUPORTE TV UNIVERSAL LCD/LED 10 A 71 SBRUB750
20200120,99MFRN01,21653,SUPORTE TV UNIVERSAL LCD/LED 10 A 71 SBRUB750
20200120,9OH2TY01,20966,PEN DRIVE 32GB PD589 TWIST PRETO             
20200120,9OH2TY01,26324,"TELEVISOR SMART 32"" 32S5300 HD BLUET SEMP TCL"
20200120,9OH2TY01,21653,SUPORTE TV UNIVERSAL LCD/LED 10 A 71 SBRUB750
20200120,9OQHXQ01,21653,SUPORTE TV UNIVERSAL LCD/LED 10 A 71 SBRUB750
20200120,47486201,21653,SUPORTE TV UNIVERSAL LCD/LED 10 A 71 SBRUB750
20200120,9OJH2001,23807,KIT AUTOMOTIVO AU 953 MP3+4 ALTO FALANTES    
20200120,9OJH2001,25303,"TELEVISOR SMART 32"" TC32FS500B PANASONIC     "
20200120,9OJH2001,21653,SUPORTE TV UNIVERSAL LCD/LED 10 A 71 SBRUB750
20200120,9ODM9501,21653,SUPORTE TV UNIVERSAL LCD/LED 10 A 71 SBRUB750
20200120,9OGRW301,21653,SUPORTE TV UNIVERSAL LCD/LED 10 A 71 SBRUB750
20200120,99GWLR01,26325,"TELEVISOR SMART 43"" 43S5300 HD BLUET SEMP TCL"
20200120,99GWLR01,21653,SUPORTE TV UNIVERSAL LCD/LED 10 A 71 SBRUB750
20200120,80229101,25997,"TELEVISOR 40"" 40S6500FS HD LED SEMP TCL      "
20200120,80229101,21653,SUPORTE TV UNIVERSAL LCD/LED 10 A 71 SBRUB750
20200120,9OIF0A01,21653,SUPORTE TV UNIVERSAL LCD/LED 10 A 71 SBRUB750
20200120,9NXFBP01,21653,SUPORTE TV UNIVERSAL LCD/LED 10 A 71 SBRUB750
20200120,58006401,21653,SUPORTE TV UNIVERSAL LCD/LED 10 A 71 SBRUB750
20200120,97012001,25356,"TELEVISOR SMART 49"" UN49J5290 SAMSUNG        "
20200120,41284901,21653,SUPORTE TV UNIVERSAL LCD/LED 10 A 71 SBRUB750
20200120,41284901,25997,"TELEVISOR 40"" 40S6500FS HD LED SEMP TCL      "
20200120,99417901,21653,SUPORTE TV UNIVERSAL LCD/LED 10 A 71 SBRUB750
20200120,9O2ZRL01,21653,SUPORTE TV UNIVERSAL LCD/LED 10 A 71 SBRUB750
20200120,999QLS01,21653,SUPORTE TV UNIVERSAL LCD/LED 10 A 71 SBRUB750
20200120,98573501,21653,SUPORTE TV UNIVERSAL LCD/LED 10 A 71 SBRUB750
20200120,98573501,25996,"TELEVISOR 32"" 32S6500S HD LED SEMP TCL       "
20200120,99ER3T01,21653,SUPORTE TV UNIVERSAL LCD/LED 10 A 71 SBRUB750
20200120,999SGG01,20599,ROTEADOR RE160 300 MBPS NOVO (05)            
20200120,9OJS6N01,21653,SUPORTE TV UNIVERSAL LCD/LED 10 A 71 SBRUB750
20200120,9OKZXF01,21653,SUPORTE TV UNIVERSAL LCD/LED 10 A 71 SBRUB750
20200120,35085901,21653,SUPORTE TV UNIVERSAL LCD/LED 10 A 71 SBRUB750
20200120,99CFWC01,25303,"TELEVISOR SMART 32"" TC32FS500B PANASONIC     "
20200120,99CFWC01,21653,SUPORTE TV UNIVERSAL LCD/LED 10 A 71 SBRUB750
20200120,74796901,26326,"TELEVISOR SMART 50"" 50P8M 4K UHD BLT SEMP TCL"
20200120,74796901,21653,SUPORTE TV UNIVERSAL LCD/LED 10 A 71 SBRUB750
20200120,9NY43N01,21653,SUPORTE TV UNIVERSAL LCD/LED 10 A 71 SBRUB750
20200120,99F1BO01,21653,SUPORTE TV UNIVERSAL LCD/LED 10 A 71 SBRUB750
20200120,99F1BO01,26326,"TELEVISOR SMART 50"" 50P8M 4K UHD BLT SEMP TCL"
20200120,YYZJ1O01,21653,SUPORTE TV UNIVERSAL LCD/LED 10 A 71 SBRUB750
20200120,YYZJ0C01,25185,"TELEVISOR SMART 55"" 4K UN55NU7400 SAMSUNG    "
20200120,YYZICZ01,21653,SUPORTE TV UNIVERSAL LCD/LED 10 A 71 SBRUB750
20200120,YYZJ0C01,21653,SUPORTE TV UNIVERSAL LCD/LED 10 A 71 SBRUB750
20200120,YYZIIN01,21653,SUPORTE TV UNIVERSAL LCD/LED 10 A 71 SBRUB750
20200120,YYZIW201,21653,SUPORTE TV UNIVERSAL LCD/LED 10 A 71 SBRUB750
20200120,YYZIW201,25997,"TELEVISOR 40"" 40S6500FS HD LED SEMP TCL      "
20200120,YYZITM01,21653,SUPORTE TV UNIVERSAL LCD/LED 10 A 71 SBRUB750
20200120,YYZIJ501,21653,SUPORTE TV UNIVERSAL LCD/LED 10 A 71 SBRUB750
20200120,YYZIGD01,21653,SUPORTE TV UNIVERSAL LCD/LED 10 A 71 SBRUB750
20200120,YYZIEV01,25303,"TELEVISOR SMART 32"" TC32FS500B PANASONIC     "
20200120,YYZIEV01,21653,SUPORTE TV UNIVERSAL LCD/LED 10 A 71 SBRUB750
20200120,000T4601,21653,SUPORTE TV UNIVERSAL LCD/LED 10 A 71 SBRUB750
20200120,YYZIZA01,25303,"TELEVISOR SMART 32"" TC32FS500B PANASONIC     "
20200120,YYZIZA01,21653,SUPORTE TV UNIVERSAL LCD/LED 10 A 71 SBRUB750
20200120,YYZE5401,21653,SUPORTE TV UNIVERSAL LCD/LED 10 A 71 SBRUB750
20200120,YYZD1301,21653,SUPORTE TV UNIVERSAL LCD/LED 10 A 71 SBRUB750
20200120,YYZIYK01,25356,"TELEVISOR SMART 49"" UN49J5290 SAMSUNG        "
20200120,YYZIYK01,21653,SUPORTE TV UNIVERSAL LCD/LED 10 A 71 SBRUB750
20200120,YYYSQS01,25997,"TELEVISOR 40"" 40S6500FS HD LED SEMP TCL      "
20200120,YYYSQS01,21653,SUPORTE TV UNIVERSAL LCD/LED 10 A 71 SBRUB750
20200119,9OMQ5J01,21653,SUPORTE TV UNIVERSAL LCD/LED 10 A 71 SBRUB750
20200119,YYZICZ01,25355,"TELEVISOR SMART 43"" UN43J5290 SAMSUNG        "
20200119,9O90HL01,21653,SUPORTE TV UNIVERSAL LCD/LED 10 A 71 SBRUB750
20200119,9O2RRN01,21653,SUPORTE TV UNIVERSAL LCD/LED 10 A 71 SBRUB750
20200118,18505201,26325,"TELEVISOR SMART 43"" 43S5300 HD BLUET SEMP TCL"
20200118,18505201,21653,SUPORTE TV UNIVERSAL LCD/LED 10 A 71 SBRUB750
20200118,9OCKI501,21653,SUPORTE TV UNIVERSAL LCD/LED 10 A 71 SBRUB750
20200118,9OCKI501,25355,"TELEVISOR SMART 43"" UN43J5290 SAMSUNG        "
20200118,84655801,21653,SUPORTE TV UNIVERSAL LCD/LED 10 A 71 SBRUB750
20200118,99DB0K01,21653,SUPORTE TV UNIVERSAL LCD/LED 10 A 71 SBRUB750
20200118,99DB0K01,26326,"TELEVISOR SMART 50"" 50P8M 4K UHD BLT SEMP TCL"
20200118,9OFWES01,25545,"TELEVISOR SMART 40"" TC40FS600B PANASONIC     "
20200118,9OFWES01,21653,SUPORTE TV UNIVERSAL LCD/LED 10 A 71 SBRUB750
20200118,9OCE5Y01,21653,SUPORTE TV UNIVERSAL LCD/LED 10 A 71 SBRUB750
20200118,9ODSNO01,21653,SUPORTE TV UNIVERSAL LCD/LED 10 A 71 SBRUB750
20200118,99N3NW01,21653,SUPORTE TV UNIVERSAL LCD/LED 10 A 71 SBRUB750
20200118,9OO2XV01,21653,SUPORTE TV UNIVERSAL LCD/LED 10 A 71 SBRUB750
20200118,65237501,21653,SUPORTE TV UNIVERSAL LCD/LED 10 A 71 SBRUB750
20200118,99LLVZ01,21653,SUPORTE TV UNIVERSAL LCD/LED 10 A 71 SBRUB750
20200118,99EKD101,21653,SUPORTE TV UNIVERSAL LCD/LED 10 A 71 SBRUB750
20200118,20377101,21653,SUPORTE TV UNIVERSAL LCD/LED 10 A 71 SBRUB750
20200118,9OHPPG01,21653,SUPORTE TV UNIVERSAL LCD/LED 10 A 71 SBRUB750
20200118,9O3DPO01,25981,SMARTPHONE SAMSUNG GAL A10  A105 32GB PRETO  
20200118,16055301,25676,SMARTPHONE MOTOROLA MOTO G7 PLAY XT1952-5 DR 
20200118,999LCL01,21653,SUPORTE TV UNIVERSAL LCD/LED 10 A 71 SBRUB750
20200118,9O42C001,20966,PEN DRIVE 32GB PD589 TWIST PRETO             
20200118,999LRN01,21653,SUPORTE TV UNIVERSAL LCD/LED 10 A 71 SBRUB750
20200118,03655601,21653,SUPORTE TV UNIVERSAL LCD/LED 10 A 71 SBRUB750
20200118,49521801,21653,SUPORTE TV UNIVERSAL LCD/LED 10 A 71 SBRUB750
20200118,19115101,21653,SUPORTE TV UNIVERSAL LCD/LED 10 A 71 SBRUB750
20200118,16011801,21653,SUPORTE TV UNIVERSAL LCD/LED 10 A 71 SBRUB750
20200118,43654001,21653,SUPORTE TV UNIVERSAL LCD/LED 10 A 71 SBRUB750
20200118,999CB801,21653,SUPORTE TV UNIVERSAL LCD/LED 10 A 71 SBRUB750
20200118,15025401,26243,SUPORTE UNIV. BEDIN BU-25                    
20200118,14571501,21653,SUPORTE TV UNIVERSAL LCD/LED 10 A 71 SBRUB750
20200118,03557601,26222,CELULAR INFINITY W201 PRETO                  
20200118,99JWJ701,26324,"TELEVISOR SMART 32"" 32S5300 HD BLUET SEMP TCL"
20200118,99JWJ701,21653,SUPORTE TV UNIVERSAL LCD/LED 10 A 71 SBRUB750
20200118,9OG9YQ01,21653,SUPORTE TV UNIVERSAL LCD/LED 10 A 71 SBRUB750
20200118,9O7BPW01,21653,SUPORTE TV UNIVERSAL LCD/LED 10 A 71 SBRUB750
20200118,9O4P7C01,25545,"TELEVISOR SMART 40"" TC40FS600B PANASONIC     "
20200118,9O4P7C01,21653,SUPORTE TV UNIVERSAL LCD/LED 10 A 71 SBRUB750
20200118,9O0O7H01,26326,"TELEVISOR SMART 50"" 50P8M 4K UHD BLT SEMP TCL"
20200118,9O0O7H01,21653,SUPORTE TV UNIVERSAL LCD/LED 10 A 71 SBRUB750
20200118,9O0O7H01,25703,CAIXA AMPLIFICADA CM-13 BIVOLT BLUETOOTH     
20200118,9OJ4OO01,19729,PEN DRIVE 8GB PD587 TWIST PRETO              
20200118,16896701,25545,"TELEVISOR SMART 40"" TC40FS600B PANASONIC     "
20200118,16896701,21653,SUPORTE TV UNIVERSAL LCD/LED 10 A 71 SBRUB750
20200118,18821601,21653,SUPORTE TV UNIVERSAL LCD/LED 10 A 71 SBRUB750
20200118,09118201,21653,SUPORTE TV UNIVERSAL LCD/LED 10 A 71 SBRUB750
20200118,99BQAZ01,25996,"TELEVISOR 32"" 32S6500S HD LED SEMP TCL       "
20200118,99BQAZ01,21653,SUPORTE TV UNIVERSAL LCD/LED 10 A 71 SBRUB750
20200118,00990101,25996,"TELEVISOR 32"" 32S6500S HD LED SEMP TCL       "
20200118,00990101,21653,SUPORTE TV UNIVERSAL LCD/LED 10 A 71 SBRUB750
20200118,9O0D5Y01,25355,"TELEVISOR SMART 43"" UN43J5290 SAMSUNG        "
20200118,99BS7401,21653,SUPORTE TV UNIVERSAL LCD/LED 10 A 71 SBRUB750
20200118,99BS7401,25997,"TELEVISOR 40"" 40S6500FS HD LED SEMP TCL      "
20200118,9NZMD401,21653,SUPORTE TV UNIVERSAL LCD/LED 10 A 71 SBRUB750
20200118,9O1P1601,21653,SUPORTE TV UNIVERSAL LCD/LED 10 A 71 SBRUB750
20200118,9O1P1601,23376,"TELEVISOR SMART 48"" KDL-48W655D SONY         "
20200118,90862401,21653,SUPORTE TV UNIVERSAL LCD/LED 10 A 71 SBRUB750
20200118,YYZGAO01,21653,SUPORTE TV UNIVERSAL LCD/LED 10 A 71 SBRUB750
20200118,YYYPQ101,21653,SUPORTE TV UNIVERSAL LCD/LED 10 A 71 SBRUB750
20200118,YYZI3B01,21653,SUPORTE TV UNIVERSAL LCD/LED 10 A 71 SBRUB750
20200118,YYZHMQ01,25354,"TELEVISOR SMART 32"" UN32J4290 SAMSUNG        "
20200118,YYZHMQ01,21653,SUPORTE TV UNIVERSAL LCD/LED 10 A 71 SBRUB750
20200117,99C03S01,21653,SUPORTE TV UNIVERSAL LCD/LED 10 A 71 SBRUB750
20200117,62401101,21653,SUPORTE TV UNIVERSAL LCD/LED 10 A 71 SBRUB750
20200117,06006701,21653,SUPORTE TV UNIVERSAL LCD/LED 10 A 71 SBRUB750
20200117,07703401,21653,SUPORTE TV UNIVERSAL LCD/LED 10 A 71 SBRUB750
20200117,07282801,21653,SUPORTE TV UNIVERSAL LCD/LED 10 A 71 SBRUB750
20200117,07282801,25981,SMARTPHONE SAMSUNG GAL A10  A105 32GB PRETO  
20200117,07282801,26325,"TELEVISOR SMART 43"" 43S5300 HD BLUET SEMP TCL"
20200117,9ON17M01,25728,SMARTPHONE SAMSUNG GAL J4 CORE 16GB PRETO    
20200117,63261901,21653,SUPORTE TV UNIVERSAL LCD/LED 10 A 71 SBRUB750
20200117,49806601,21653,SUPORTE TV UNIVERSAL LCD/LED 10 A 71 SBRUB750
20200117,9O4P2901,21653,SUPORTE TV UNIVERSAL LCD/LED 10 A 71 SBRUB750
20200117,9ONMEE01,21653,SUPORTE TV UNIVERSAL LCD/LED 10 A 71 SBRUB750
20200117,9OOAP201,25996,"TELEVISOR 32"" 32S6500S HD LED SEMP TCL       "
20200117,69400701,21653,SUPORTE TV UNIVERSAL LCD/LED 10 A 71 SBRUB750
20200117,16839601,26243,SUPORTE UNIV. BEDIN BU-25                    
20200117,99H0G601,21653,SUPORTE TV UNIVERSAL LCD/LED 10 A 71 SBRUB750
20200117,9OI3HH01,21653,SUPORTE TV UNIVERSAL LCD/LED 10 A 71 SBRUB750
20200117,9OOL6801,21653,SUPORTE TV UNIVERSAL LCD/LED 10 A 71 SBRUB750
20200117,9OOFHQ01,21653,SUPORTE TV UNIVERSAL LCD/LED 10 A 71 SBRUB750
20200117,9OB3MW01,21653,SUPORTE TV UNIVERSAL LCD/LED 10 A 71 SBRUB750
20200117,9OOAP201,21653,SUPORTE TV UNIVERSAL LCD/LED 10 A 71 SBRUB750
20200117,99CHQA01,21653,SUPORTE TV UNIVERSAL LCD/LED 10 A 71 SBRUB750
20200117,99C8KH01,26243,SUPORTE UNIV. BEDIN BU-25                    
20200117,11133001,25996,"TELEVISOR 32"" 32S6500S HD LED SEMP TCL       "
20200117,11133001,21653,SUPORTE TV UNIVERSAL LCD/LED 10 A 71 SBRUB750
20200117,99FV2Z01,22616,CELULAR RIU-I R200 DB PRETO-AZUL             
20200117,99ELE501,26243,SUPORTE UNIV. BEDIN BU-25                    
20200117,99CWB901,21653,SUPORTE TV UNIVERSAL LCD/LED 10 A 71 SBRUB750
20200117,80495201,26327,"TELEVISOR SMART 55"" 55P8M 4K UHD BLT SEMP TCL"
20200117,80495201,21653,SUPORTE TV UNIVERSAL LCD/LED 10 A 71 SBRUB750
20200117,58804901,26432,AUTO RADIO AR-06 PRETO                       
20200117,58804901,26243,SUPORTE UNIV. BEDIN BU-25                    
20200117,12426101,21653,SUPORTE TV UNIVERSAL LCD/LED 10 A 71 SBRUB750
20200117,99PSYK01,25996,"TELEVISOR 32"" 32S6500S HD LED SEMP TCL       "
20200117,99PSYK01,21653,SUPORTE TV UNIVERSAL LCD/LED 10 A 71 SBRUB750
20200117,99L7YR01,25545,"TELEVISOR SMART 40"" TC40FS600B PANASONIC     "
20200117,99L7YR01,21653,SUPORTE TV UNIVERSAL LCD/LED 10 A 71 SBRUB750
20200117,9OIRCC01,21653,SUPORTE TV UNIVERSAL LCD/LED 10 A 71 SBRUB750
20200117,9O19XE01,21653,SUPORTE TV UNIVERSAL LCD/LED 10 A 71 SBRUB750
20200117,9O3N6Z01,21653,SUPORTE TV UNIVERSAL LCD/LED 10 A 71 SBRUB750
20200117,73400801,21653,SUPORTE TV UNIVERSAL LCD/LED 10 A 71 SBRUB750
20200117,44470001,25997,"TELEVISOR 40"" 40S6500FS HD LED SEMP TCL      "
20200117,44470001,25703,CAIXA AMPLIFICADA CM-13 BIVOLT BLUETOOTH     
20200117,44470001,25726,SMARTPHONE SAMSUNG GAL J2 CORE 16GB PRETO    
20200117,44470001,21653,SUPORTE TV UNIVERSAL LCD/LED 10 A 71 SBRUB750
20200117,70582201,21653,SUPORTE TV UNIVERSAL LCD/LED 10 A 71 SBRUB750
20200117,11360801,21653,SUPORTE TV UNIVERSAL LCD/LED 10 A 71 SBRUB750
20200117,11360801,11332,ANTENA 1 50 MT MULTIPONTO CENTURY            
20200117,20476001,25996,"TELEVISOR 32"" 32S6500S HD LED SEMP TCL       "
20200117,99928701,21653,SUPORTE TV UNIVERSAL LCD/LED 10 A 71 SBRUB750
20200117,98526401,26326,"TELEVISOR SMART 50"" 50P8M 4K UHD BLT SEMP TCL"
20200117,98526401,21653,SUPORTE TV UNIVERSAL LCD/LED 10 A 71 SBRUB750
20200117,99F1US01,21653,SUPORTE TV UNIVERSAL LCD/LED 10 A 71 SBRUB750
20200117,9OEV5A01,21653,SUPORTE TV UNIVERSAL LCD/LED 10 A 71 SBRUB750
20200117,9O92RU01,26243,SUPORTE UNIV. BEDIN BU-25                    
20200117,9O92RU01,25996,"TELEVISOR 32"" 32S6500S HD LED SEMP TCL       "
20200117,9OHSPV01,21653,SUPORTE TV UNIVERSAL LCD/LED 10 A 71 SBRUB750
20200117,9OHSPV01,25355,"TELEVISOR SMART 43"" UN43J5290 SAMSUNG        "
20200117,19090701,25996,"TELEVISOR 32"" 32S6500S HD LED SEMP TCL       "
20200117,19090701,21653,SUPORTE TV UNIVERSAL LCD/LED 10 A 71 SBRUB750
20200117,57249201,21653,SUPORTE TV UNIVERSAL LCD/LED 10 A 71 SBRUB750
20200117,YYYSMN01,25355,"TELEVISOR SMART 43"" UN43J5290 SAMSUNG        "
20200117,17538901,25997,"TELEVISOR 40"" 40S6500FS HD LED SEMP TCL      "
20200117,17538901,21653,SUPORTE TV UNIVERSAL LCD/LED 10 A 71 SBRUB750
20200117,YYZHLS01,21653,SUPORTE TV UNIVERSAL LCD/LED 10 A 71 SBRUB750
20200117,YYZHJY01,21653,SUPORTE TV UNIVERSAL LCD/LED 10 A 71 SBRUB750
20200117,YYZHJY01,26324,"TELEVISOR SMART 32"" 32S5300 HD BLUET SEMP TCL"
20200116,18602901,21653,SUPORTE TV UNIVERSAL LCD/LED 10 A 71 SBRUB750
20200116,18602901,25996,"TELEVISOR 32"" 32S6500S HD LED SEMP TCL       "
20200116,999UZ301,21653,SUPORTE TV UNIVERSAL LCD/LED 10 A 71 SBRUB750
20200116,23295901,21653,SUPORTE TV UNIVERSAL LCD/LED 10 A 71 SBRUB750
20200116,9O25HS01,25726,SMARTPHONE SAMSUNG GAL J2 CORE 16GB PRETO    
20200116,99MCRE01,25173,SMARTPHONE LG K9 TV LM-X210BMW INDIGO        
20200116,99O8WW01,25996,"TELEVISOR 32"" 32S6500S HD LED SEMP TCL       "
20200116,9O8YDI01,25582,SMARTPHONE LG K11 PLUS DB DOURADO            
20200116,9O3UR801,26324,"TELEVISOR SMART 32"" 32S5300 HD BLUET SEMP TCL"
20200116,9O3UR801,21653,SUPORTE TV UNIVERSAL LCD/LED 10 A 71 SBRUB750
20200116,9OO74L01,21653,SUPORTE TV UNIVERSAL LCD/LED 10 A 71 SBRUB750
20200116,9OO2XV01,26243,SUPORTE UNIV. BEDIN BU-25                    
20200116,99D3ME01,21653,SUPORTE TV UNIVERSAL LCD/LED 10 A 71 SBRUB750
20200116,99PUPH01,25996,"TELEVISOR 32"" 32S6500S HD LED SEMP TCL       "
20200116,99PUPH01,21653,SUPORTE TV UNIVERSAL LCD/LED 10 A 71 SBRUB750
20200116,9OOFHQ01,25545,"TELEVISOR SMART 40"" TC40FS600B PANASONIC     "
20200116,9OBO5Z01,21653,SUPORTE TV UNIVERSAL LCD/LED 10 A 71 SBRUB750
20200116,10604501,21653,SUPORTE TV UNIVERSAL LCD/LED 10 A 71 SBRUB750
20200116,99BTFX01,26243,SUPORTE UNIV. BEDIN BU-25                    
20200116,9OHMBO01,26324,"TELEVISOR SMART 32"" 32S5300 HD BLUET SEMP TCL"
20200116,9OHMBO01,21653,SUPORTE TV UNIVERSAL LCD/LED 10 A 71 SBRUB750
20200116,9OIKN201,21653,SUPORTE TV UNIVERSAL LCD/LED 10 A 71 SBRUB750
20200116,9OIKN201,25545,"TELEVISOR SMART 40"" TC40FS600B PANASONIC     "
20200116,9OORWZ01,21653,SUPORTE TV UNIVERSAL LCD/LED 10 A 71 SBRUB750
20200116,9O65U601,21653,SUPORTE TV UNIVERSAL LCD/LED 10 A 71 SBRUB750
20200116,9O65U601,25996,"TELEVISOR 32"" 32S6500S HD LED SEMP TCL       "
20200116,04432901,21653,SUPORTE TV UNIVERSAL LCD/LED 10 A 71 SBRUB750
20200116,96261801,21029,ANTENA 1.70 MT MULTIPONTO CENTURY            
20200116,99A4E601,21653,SUPORTE TV UNIVERSAL LCD/LED 10 A 71 SBRUB750
20200116,9OKXQJ01,26326,"TELEVISOR SMART 50"" 50P8M 4K UHD BLT SEMP TCL"
20200116,9OKXQJ01,21653,SUPORTE TV UNIVERSAL LCD/LED 10 A 71 SBRUB750
20200116,99A8Z901,21653,SUPORTE TV UNIVERSAL LCD/LED 10 A 71 SBRUB750
20200116,03132601,24716,RECEPTOR MIDIA BOX HDTV B3                   
20200116,999DFH01,21653,SUPORTE TV UNIVERSAL LCD/LED 10 A 71 SBRUB750
20200116,57908201,21653,SUPORTE TV UNIVERSAL LCD/LED 10 A 71 SBRUB750
20200116,57908201,21653,SUPORTE TV UNIVERSAL LCD/LED 10 A 71 SBRUB750
20200116,56335701,21653,SUPORTE TV UNIVERSAL LCD/LED 10 A 71 SBRUB750
20200116,99C71P01,26326,"TELEVISOR SMART 50"" 50P8M 4K UHD BLT SEMP TCL"
20200116,9NYM7W01,26326,"TELEVISOR SMART 50"" 50P8M 4K UHD BLT SEMP TCL"
20200116,9NYM7W01,21653,SUPORTE TV UNIVERSAL LCD/LED 10 A 71 SBRUB750
20200116,99IA9F01,21653,SUPORTE TV UNIVERSAL LCD/LED 10 A 71 SBRUB750
20200116,99IA9F01,26327,"TELEVISOR SMART 55"" 55P8M 4K UHD BLT SEMP TCL"
20200116,14878501,21653,SUPORTE TV UNIVERSAL LCD/LED 10 A 71 SBRUB750
20200116,21530501,25997,"TELEVISOR 40"" 40S6500FS HD LED SEMP TCL      "
20200116,11360801,26243,SUPORTE UNIV. BEDIN BU-25                    
20200116,99AA4A01,21653,SUPORTE TV UNIVERSAL LCD/LED 10 A 71 SBRUB750
20200116,15276701,25726,SMARTPHONE SAMSUNG GAL J2 CORE 16GB PRETO    
20200116,9OGY3B01,21653,SUPORTE TV UNIVERSAL LCD/LED 10 A 71 SBRUB750
20200116,9OGY3B01,25355,"TELEVISOR SMART 43"" UN43J5290 SAMSUNG        "
20200116,9OEV5A01,21653,SUPORTE TV UNIVERSAL LCD/LED 10 A 71 SBRUB750
20200116,19412801,21653,SUPORTE TV UNIVERSAL LCD/LED 10 A 71 SBRUB750
20200116,80922601,26324,"TELEVISOR SMART 32"" 32S5300 HD BLUET SEMP TCL"
20200116,9NY48101,21653,SUPORTE TV UNIVERSAL LCD/LED 10 A 71 SBRUB750
20200116,99BL7Y01,21653,SUPORTE TV UNIVERSAL LCD/LED 10 A 71 SBRUB750
20200116,YYZH0E01,21653,SUPORTE TV UNIVERSAL LCD/LED 10 A 71 SBRUB750
20200116,91126001,26583,SMARTPHONE MOTOROLA MOTO G8 PLUS 64GB AZUL SF
20200116,YYZGNI01,21653,SUPORTE TV UNIVERSAL LCD/LED 10 A 71 SBRUB750
20200116,YYZGAO01,21653,SUPORTE TV UNIVERSAL LCD/LED 10 A 71 SBRUB750
20200116,YYZGIF01,21653,SUPORTE TV UNIVERSAL LCD/LED 10 A 71 SBRUB750
20200116,YYZGCS01,21653,SUPORTE TV UNIVERSAL LCD/LED 10 A 71 SBRUB750
20200115,YYYZF501,21653,SUPORTE TV UNIVERSAL LCD/LED 10 A 71 SBRUB750
20200115,YYZG7201,21653,SUPORTE TV UNIVERSAL LCD/LED 10 A 71 SBRUB750
20200115,90073201,25355,"TELEVISOR SMART 43"" UN43J5290 SAMSUNG        "
20200115,90073201,21653,SUPORTE TV UNIVERSAL LCD/LED 10 A 71 SBRUB750
20200115,9OGTQ601,25354,"TELEVISOR SMART 32"" UN32J4290 SAMSUNG        "
20200115,9OGTQ601,21653,SUPORTE TV UNIVERSAL LCD/LED 10 A 71 SBRUB750
20200115,78499201,21653,SUPORTE TV UNIVERSAL LCD/LED 10 A 71 SBRUB750
20200115,18694001,21653,SUPORTE TV UNIVERSAL LCD/LED 10 A 71 SBRUB750
20200115,89979401,21653,SUPORTE TV UNIVERSAL LCD/LED 10 A 71 SBRUB750
20200115,999IPF01,26432,AUTO RADIO AR-06 PRETO                       
20200115,72366001,21653,SUPORTE TV UNIVERSAL LCD/LED 10 A 71 SBRUB750
20200115,99CL0T01,25996,"TELEVISOR 32"" 32S6500S HD LED SEMP TCL       "
20200115,99CL0T01,25244,TABLET NB730 MINI MS50G PRATA/PRETO          
20200115,99CL0T01,21653,SUPORTE TV UNIVERSAL LCD/LED 10 A 71 SBRUB750
20200115,9NXZAD01,21653,SUPORTE TV UNIVERSAL LCD/LED 10 A 71 SBRUB750
20200115,13626401,25982,SMARTPHONE SAMSUNG GAL A10  A105 32GB AZUL   
20200115,99L9CW01,21653,SUPORTE TV UNIVERSAL LCD/LED 10 A 71 SBRUB750
20200115,9NWWZB01,21653,SUPORTE TV UNIVERSAL LCD/LED 10 A 71 SBRUB750
20200115,86907701,25481,SMARTPHONE LG K9 TV LM-X210BMW DOURADO       
20200115,9OMQK001,21653,SUPORTE TV UNIVERSAL LCD/LED 10 A 71 SBRUB750
20200115,9OC0OS01,21653,SUPORTE TV UNIVERSAL LCD/LED 10 A 71 SBRUB750
20200115,9O556Q01,21653,SUPORTE TV UNIVERSAL LCD/LED 10 A 71 SBRUB750
20200115,99K4NV01,21653,SUPORTE TV UNIVERSAL LCD/LED 10 A 71 SBRUB750
20200115,99K4NV01,25355,"TELEVISOR SMART 43"" UN43J5290 SAMSUNG        "
20200115,99KXLJ01,25981,SMARTPHONE SAMSUNG GAL A10  A105 32GB PRETO  
20200115,9OQ6DP01,21653,SUPORTE TV UNIVERSAL LCD/LED 10 A 71 SBRUB750
20200115,16392401,25996,"TELEVISOR 32"" 32S6500S HD LED SEMP TCL       "
20200115,16392401,21653,SUPORTE TV UNIVERSAL LCD/LED 10 A 71 SBRUB750
20200115,999GX801,21653,SUPORTE TV UNIVERSAL LCD/LED 10 A 71 SBRUB750
20200115,16629601,26326,"TELEVISOR SMART 50"" 50P8M 4K UHD BLT SEMP TCL"
20200115,16629601,21653,SUPORTE TV UNIVERSAL LCD/LED 10 A 71 SBRUB750
20200115,99ECFA01,19729,PEN DRIVE 8GB PD587 TWIST PRETO              
20200115,91785101,21653,SUPORTE TV UNIVERSAL LCD/LED 10 A 71 SBRUB750
20200115,48700001,21653,SUPORTE TV UNIVERSAL LCD/LED 10 A 71 SBRUB750
20200115,99K57601,25726,SMARTPHONE SAMSUNG GAL J2 CORE 16GB PRETO    
20200115,9OMCNJ01,21653,SUPORTE TV UNIVERSAL LCD/LED 10 A 71 SBRUB750
20200115,9OPE4Z01,25934,TABLET NB306 M7 3G PLUS QUAD CORE DOURADA    
20200115,9OPE4Z01,21653,SUPORTE TV UNIVERSAL LCD/LED 10 A 71 SBRUB750
20200115,99BTFX01,26243,SUPORTE UNIV. BEDIN BU-25                    
20200115,9OJT2T01,25726,SMARTPHONE SAMSUNG GAL J2 CORE 16GB PRETO    
20200115,99GFYM01,21653,SUPORTE TV UNIVERSAL LCD/LED 10 A 71 SBRUB750
20200115,99N54G01,21653,SUPORTE TV UNIVERSAL LCD/LED 10 A 71 SBRUB750
20200115,97146901,21653,SUPORTE TV UNIVERSAL LCD/LED 10 A 71 SBRUB750
20200115,97146901,26327,"TELEVISOR SMART 55"" 55P8M 4K UHD BLT SEMP TCL"
20200115,00172901,21653,SUPORTE TV UNIVERSAL LCD/LED 10 A 71 SBRUB750
20200115,05448301,24716,RECEPTOR MIDIA BOX HDTV B3                   
20200115,9OFNME01,26243,SUPORTE UNIV. BEDIN BU-25                    
20200115,9OFNME01,21653,SUPORTE TV UNIVERSAL LCD/LED 10 A 71 SBRUB750
20200115,9OBCIA01,21653,SUPORTE TV UNIVERSAL LCD/LED 10 A 71 SBRUB750
20200115,9O993Z01,25870,TABLET NB296 M7S LITE 8GB PRETO              
20200115,9O3OLW01,21653,SUPORTE TV UNIVERSAL LCD/LED 10 A 71 SBRUB750
20200115,97541601,21653,SUPORTE TV UNIVERSAL LCD/LED 10 A 71 SBRUB750
20200115,97541601,25545,"TELEVISOR SMART 40"" TC40FS600B PANASONIC     "
20200115,99A70201,21653,SUPORTE TV UNIVERSAL LCD/LED 10 A 71 SBRUB750
20200115,35839101,21653,SUPORTE TV UNIVERSAL LCD/LED 10 A 71 SBRUB750
20200115,99FATE01,21653,SUPORTE TV UNIVERSAL LCD/LED 10 A 71 SBRUB750
20200115,77080101,21653,SUPORTE TV UNIVERSAL LCD/LED 10 A 71 SBRUB750
20200115,28425201,21653,SUPORTE TV UNIVERSAL LCD/LED 10 A 71 SBRUB750
20200115,9OH0PU01,26325,"TELEVISOR SMART 43"" 43S5300 HD BLUET SEMP TCL"
20200115,9OH0PU01,21653,SUPORTE TV UNIVERSAL LCD/LED 10 A 71 SBRUB750
20200114,25529101,26327,"TELEVISOR SMART 55"" 55P8M 4K UHD BLT SEMP TCL"
20200114,77097301,26243,SUPORTE UNIV. BEDIN BU-25                    
20200114,05099001,21653,SUPORTE TV UNIVERSAL LCD/LED 10 A 71 SBRUB750
20200114,05099001,25355,"TELEVISOR SMART 43"" UN43J5290 SAMSUNG        "
20200114,90043901,24716,RECEPTOR MIDIA BOX HDTV B3                   
20200114,25529101,21653,SUPORTE TV UNIVERSAL LCD/LED 10 A 71 SBRUB750
20200114,99KCJH01,21653,SUPORTE TV UNIVERSAL LCD/LED 10 A 71 SBRUB750
20200114,99ESNK01,25354,"TELEVISOR SMART 32"" UN32J4290 SAMSUNG        "
20200114,999B2L01,26243,SUPORTE UNIV. BEDIN BU-25                    
20200114,61670401,21653,SUPORTE TV UNIVERSAL LCD/LED 10 A 71 SBRUB750
20200114,93550901,21821,PEN DRIVE NANO 16GB PD054 PRETO              
20200114,93550901,19729,PEN DRIVE 8GB PD587 TWIST PRETO              
20200114,9O5X6S01,26177,TABLET NB720 MINI MS45 4G PRETO              
20200114,51001601,21653,SUPORTE TV UNIVERSAL LCD/LED 10 A 71 SBRUB750
20200114,13328701,26582,SMARTPHONE MOTOROLA MOTO G8 PLAY 32GB VERM   
20200114,9OFPM901,26432,AUTO RADIO AR-06 PRETO                       
20200114,52138401,21653,SUPORTE TV UNIVERSAL LCD/LED 10 A 71 SBRUB750
20200114,52138401,25904,"TELEVISOR SMART 50"" UHD BT UN50RU7100 SAMSUNG"
20200114,999F1301,25727,SMARTPHONE SAMSUNG GAL J2 CORE 16GB PRATA    
20200114,999F1301,21653,SUPORTE TV UNIVERSAL LCD/LED 10 A 71 SBRUB750
20200114,999JND01,21653,SUPORTE TV UNIVERSAL LCD/LED 10 A 71 SBRUB750
20200114,99KNIY01,26243,SUPORTE UNIV. BEDIN BU-25                    
20200114,99B19F01,21653,SUPORTE TV UNIVERSAL LCD/LED 10 A 71 SBRUB750
20200114,99CU1X01,21653,SUPORTE TV UNIVERSAL LCD/LED 10 A 71 SBRUB750
20200114,99FE8V01,21653,SUPORTE TV UNIVERSAL LCD/LED 10 A 71 SBRUB750
20200114,99FE8V01,21647,DVD D-15 KARAOKE MONDIAL                     
20200114,31304101,21653,SUPORTE TV UNIVERSAL LCD/LED 10 A 71 SBRUB750
20200114,58447201,21653,SUPORTE TV UNIVERSAL LCD/LED 10 A 71 SBRUB750
20200114,99FU3T01,26243,SUPORTE UNIV. BEDIN BU-25                    
20200114,99GL5Y01,21653,SUPORTE TV UNIVERSAL LCD/LED 10 A 71 SBRUB750
20200114,16629601,26326,"TELEVISOR SMART 50"" 50P8M 4K UHD BLT SEMP TCL"
20200114,16629601,21653,SUPORTE TV UNIVERSAL LCD/LED 10 A 71 SBRUB750
20200114,84099301,26326,"TELEVISOR SMART 50"" 50P8M 4K UHD BLT SEMP TCL"
20200114,84099301,21653,SUPORTE TV UNIVERSAL LCD/LED 10 A 71 SBRUB750
20200114,99DE5I01,21653,SUPORTE TV UNIVERSAL LCD/LED 10 A 71 SBRUB750
20200114,24963201,26004,SMARTPHONE SAMSUNG GAL A20  A205 32GB AZUL   
20200114,99HLEK01,21653,SUPORTE TV UNIVERSAL LCD/LED 10 A 71 SBRUB750
20200114,99INA001,26100,TABLET NB736 MINI MS50G PRETO                
20200114,99PL9O01,21653,SUPORTE TV UNIVERSAL LCD/LED 10 A 71 SBRUB750
20200114,99L2SQ01,21653,SUPORTE TV UNIVERSAL LCD/LED 10 A 71 SBRUB750
20200114,20120801,21653,SUPORTE TV UNIVERSAL LCD/LED 10 A 71 SBRUB750
20200114,20120801,25545,"TELEVISOR SMART 40"" TC40FS600B PANASONIC     "
20200114,14373701,23781,RADIO CJ65 ABRALLK LG                        
20200114,32977001,21653,SUPORTE TV UNIVERSAL LCD/LED 10 A 71 SBRUB750
20200114,32977001,25545,"TELEVISOR SMART 40"" TC40FS600B PANASONIC     "
20200114,9O92Y701,21653,SUPORTE TV UNIVERSAL LCD/LED 10 A 71 SBRUB750
20200114,9O8L5G01,21653,SUPORTE TV UNIVERSAL LCD/LED 10 A 71 SBRUB750
20200114,9O3RQT01,21653,SUPORTE TV UNIVERSAL LCD/LED 10 A 71 SBRUB750
20200114,9OCNDQ01,21653,SUPORTE TV UNIVERSAL LCD/LED 10 A 71 SBRUB750
20200114,9OCNDQ01,25545,"TELEVISOR SMART 40"" TC40FS600B PANASONIC     "
20200114,37908201,25983,SMARTPHONE SAMSUNG GAL A10  A105 32GB VERMELH
20200114,12641601,19729,PEN DRIVE 8GB PD587 TWIST PRETO              
20200114,04398701,25545,"TELEVISOR SMART 40"" TC40FS600B PANASONIC     "
20200114,99EBBH01,25243,PEN DRIVE 16GB PD688 TWIST ROSA MULTILASER   
20200114,99CE3S01,21653,SUPORTE TV UNIVERSAL LCD/LED 10 A 71 SBRUB750
20200114,99CE3S01,25996,"TELEVISOR 32"" 32S6500S HD LED SEMP TCL       "
20200114,9OJXRM01,26243,SUPORTE UNIV. BEDIN BU-25                    
20200114,9OF29Q01,21653,SUPORTE TV UNIVERSAL LCD/LED 10 A 71 SBRUB750
20200114,99EX1601,26590,RADIO PORTATIL TR04B C/CD/BLUETOOTH SEMP     
20200114,06415801,21653,SUPORTE TV UNIVERSAL LCD/LED 10 A 71 SBRUB750
20200114,YYZFGH01,21653,SUPORTE TV UNIVERSAL LCD/LED 10 A 71 SBRUB750
20200114,9ORDCB01,26243,SUPORTE UNIV. BEDIN BU-25                    
20200114,9ORDCB01,21653,SUPORTE TV UNIVERSAL LCD/LED 10 A 71 SBRUB750
20200114,14645101,21855,CELULAR BLU JENNY 2.8 T276 DB PRETO-VERMEL   
20200114,99QD8P01,21653,SUPORTE TV UNIVERSAL LCD/LED 10 A 71 SBRUB750
20200114,99LAZN01,26325,"TELEVISOR SMART 43"" 43S5300 HD BLUET SEMP TCL"
20200114,99KMB001,21653,SUPORTE TV UNIVERSAL LCD/LED 10 A 71 SBRUB750
20200114,99KMB001,26431,CAIXA DE SOM SK-05 VIBE PLUS SPEAKER BIVOLT  
20200114,99LAZN01,21653,SUPORTE TV UNIVERSAL LCD/LED 10 A 71 SBRUB750
20200114,22080201,21653,SUPORTE TV UNIVERSAL LCD/LED 10 A 71 SBRUB750
20200114,YYYZ3201,21653,SUPORTE TV UNIVERSAL LCD/LED 10 A 71 SBRUB750
20200114,YYZFG101,21653,SUPORTE TV UNIVERSAL LCD/LED 10 A 71 SBRUB750
20200114,YYZFDB01,21653,SUPORTE TV UNIVERSAL LCD/LED 10 A 71 SBRUB750
20200114,YYZFG301,25583,SMARTPHONE LG K11 PLUS DB AZUL               
20200114,YYZFG301,25582,SMARTPHONE LG K11 PLUS DB DOURADO            
20200114,YYZEUO01,21653,SUPORTE TV UNIVERSAL LCD/LED 10 A 71 SBRUB750
20200114,YYZEUO01,26326,"TELEVISOR SMART 50"" 50P8M 4K UHD BLT SEMP TCL"
20200114,YYZF8H01,21653,SUPORTE TV UNIVERSAL LCD/LED 10 A 71 SBRUB750
20200114,YYZF9D01,21653,SUPORTE TV UNIVERSAL LCD/LED 10 A 71 SBRUB750
20200114,YYZF9D01,26325,"TELEVISOR SMART 43"" 43S5300 HD BLUET SEMP TCL"
20200113,999CDU01,21653,SUPORTE TV UNIVERSAL LCD/LED 10 A 71 SBRUB750
20200113,999CDU01,25355,"TELEVISOR SMART 43"" UN43J5290 SAMSUNG        "
20200113,9OMWO201,26325,"TELEVISOR SMART 43"" 43S5300 HD BLUET SEMP TCL"
20200113,9OMWO201,21653,SUPORTE TV UNIVERSAL LCD/LED 10 A 71 SBRUB750
20200113,19382601,21653,SUPORTE TV UNIVERSAL LCD/LED 10 A 71 SBRUB750
20200113,19382601,25996,"TELEVISOR 32"" 32S6500S HD LED SEMP TCL       "
20200113,67473501,21653,SUPORTE TV UNIVERSAL LCD/LED 10 A 71 SBRUB750
20200113,16963901,21653,SUPORTE TV UNIVERSAL LCD/LED 10 A 71 SBRUB750
20200113,03949801,21653,SUPORTE TV UNIVERSAL LCD/LED 10 A 71 SBRUB750
20200113,99JLAE01,21653,SUPORTE TV UNIVERSAL LCD/LED 10 A 71 SBRUB750
20200113,99JLAE01,26325,"TELEVISOR SMART 43"" 43S5300 HD BLUET SEMP TCL"
20200113,99D63201,21653,SUPORTE TV UNIVERSAL LCD/LED 10 A 71 SBRUB750
20200113,99D63201,26327,"TELEVISOR SMART 55"" 55P8M 4K UHD BLT SEMP TCL"
20200113,999A7F01,21653,SUPORTE TV UNIVERSAL LCD/LED 10 A 71 SBRUB750
20200113,05448301,21653,SUPORTE TV UNIVERSAL LCD/LED 10 A 71 SBRUB750
20200113,05448301,25996,"TELEVISOR 32"" 32S6500S HD LED SEMP TCL       "
20200113,9OC65C01,21653,SUPORTE TV UNIVERSAL LCD/LED 10 A 71 SBRUB750
20200113,99FCUO01,22617,CELULAR RIU-I R200 DB PRETO-VERMELHO         
20200113,58722301,21653,SUPORTE TV UNIVERSAL LCD/LED 10 A 71 SBRUB750
20200113,03265601,21653,SUPORTE TV UNIVERSAL LCD/LED 10 A 71 SBRUB750
20200113,03265601,26327,"TELEVISOR SMART 55"" 55P8M 4K UHD BLT SEMP TCL"
20200113,9OLYY501,20966,PEN DRIVE 32GB PD589 TWIST PRETO             
20200113,13880201,26005,SMARTPHONE SAMSUNG GAL A20  A205 32GB VERM   
20200113,9OQ2YT01,21653,SUPORTE TV UNIVERSAL LCD/LED 10 A 71 SBRUB750
20200113,9OQ2YT01,24716,RECEPTOR MIDIA BOX HDTV B3                   
20200113,9OB0UA01,25981,SMARTPHONE SAMSUNG GAL A10  A105 32GB PRETO  
20200113,28620901,21653,SUPORTE TV UNIVERSAL LCD/LED 10 A 71 SBRUB750
20200113,68656701,21653,SUPORTE TV UNIVERSAL LCD/LED 10 A 71 SBRUB750
20200113,99FQYW01,21653,SUPORTE TV UNIVERSAL LCD/LED 10 A 71 SBRUB750
20200113,82440801,21653,SUPORTE TV UNIVERSAL LCD/LED 10 A 71 SBRUB750
20200113,999T7301,21653,SUPORTE TV UNIVERSAL LCD/LED 10 A 71 SBRUB750
20200113,99BXN801,21653,SUPORTE TV UNIVERSAL LCD/LED 10 A 71 SBRUB750
20200113,19281001,21653,SUPORTE TV UNIVERSAL LCD/LED 10 A 71 SBRUB750
20200113,16302301,21653,SUPORTE TV UNIVERSAL LCD/LED 10 A 71 SBRUB750
20200113,9O6A8N01,21653,SUPORTE TV UNIVERSAL LCD/LED 10 A 71 SBRUB750
20200113,9O8L5G01,25998,"TELEVISOR 43"" 43S6500FS FULL HD SEMP TCL     "
20200113,99A8G801,21653,SUPORTE TV UNIVERSAL LCD/LED 10 A 71 SBRUB750
20200113,87143301,21653,SUPORTE TV UNIVERSAL LCD/LED 10 A 71 SBRUB750
20200113,87143301,25354,"TELEVISOR SMART 32"" UN32J4290 SAMSUNG        "
20200113,99AGQW01,21653,SUPORTE TV UNIVERSAL LCD/LED 10 A 71 SBRUB750
20200113,99AGQW01,25996,"TELEVISOR 32"" 32S6500S HD LED SEMP TCL       "
20200113,11360801,24716,RECEPTOR MIDIA BOX HDTV B3                   
20200113,99FTRD01,21653,SUPORTE TV UNIVERSAL LCD/LED 10 A 71 SBRUB750
20200113,9OBNLM01,21653,SUPORTE TV UNIVERSAL LCD/LED 10 A 71 SBRUB750
20200113,97634801,21653,SUPORTE TV UNIVERSAL LCD/LED 10 A 71 SBRUB750
20200113,01478201,24716,RECEPTOR MIDIA BOX HDTV B3                   
20200113,01270901,24716,RECEPTOR MIDIA BOX HDTV B3                   
20200113,17096901,26243,SUPORTE UNIV. BEDIN BU-25                    
20200113,99C0IB01,21653,SUPORTE TV UNIVERSAL LCD/LED 10 A 71 SBRUB750
20200113,99C0IB01,26326,"TELEVISOR SMART 50"" 50P8M 4K UHD BLT SEMP TCL"
20200113,99BHKO01,21653,SUPORTE TV UNIVERSAL LCD/LED 10 A 71 SBRUB750
20200113,18411301,21653,SUPORTE TV UNIVERSAL LCD/LED 10 A 71 SBRUB750
20200113,99904701,21653,SUPORTE TV UNIVERSAL LCD/LED 10 A 71 SBRUB750
20200113,89979401,26578,SMARTPHONE MOTOROLA MOTO E6 PLUS 64GB AZ NET 
20200113,46653001,25246,PEN DRIVE PD590 64GB TWIST PRETO             
20200113,46653001,21653,SUPORTE TV UNIVERSAL LCD/LED 10 A 71 SBRUB750
20200113,9NYLWX01,21653,SUPORTE TV UNIVERSAL LCD/LED 10 A 71 SBRUB750
20200113,99COE601,21653,SUPORTE TV UNIVERSAL LCD/LED 10 A 71 SBRUB750
20200113,17562201,21653,SUPORTE TV UNIVERSAL LCD/LED 10 A 71 SBRUB750
20200113,99LA4J01,21653,SUPORTE TV UNIVERSAL LCD/LED 10 A 71 SBRUB750
20200113,000YUF01,26387,SMARTPHONE LG K8 PLUS PLATINUM               
20200113,YYZE7601,21653,SUPORTE TV UNIVERSAL LCD/LED 10 A 71 SBRUB750
20200113,YYZEOE01,25727,SMARTPHONE SAMSUNG GAL J2 CORE 16GB PRATA    
20200113,YYZEOE01,25996,"TELEVISOR 32"" 32S6500S HD LED SEMP TCL       "
20200113,YYZE5401,25995,"TELEVISOR 24"" S1300 L1850 HD LED SEMP TCL    "
20200112,81794101,26326,"TELEVISOR SMART 50"" 50P8M 4K UHD BLT SEMP TCL"
20200112,81794101,21653,SUPORTE TV UNIVERSAL LCD/LED 10 A 71 SBRUB750
20200111,YYZDAE01,21653,SUPORTE TV UNIVERSAL LCD/LED 10 A 71 SBRUB750
20200111,YYZDOR01,21653,SUPORTE TV UNIVERSAL LCD/LED 10 A 71 SBRUB750
20200111,YYZDOR01,26326,"TELEVISOR SMART 50"" 50P8M 4K UHD BLT SEMP TCL"
20200111,YYZDAU01,21653,SUPORTE TV UNIVERSAL LCD/LED 10 A 71 SBRUB750
20200111,YYZDAU01,23376,"TELEVISOR SMART 48"" KDL-48W655D SONY         "
20200111,YYZDFS01,26327,"TELEVISOR SMART 55"" 55P8M 4K UHD BLT SEMP TCL"
20200111,YYZDFS01,21653,SUPORTE TV UNIVERSAL LCD/LED 10 A 71 SBRUB750
20200111,YYZDMZ01,21653,SUPORTE TV UNIVERSAL LCD/LED 10 A 71 SBRUB750
20200111,YYZDJI01,26326,"TELEVISOR SMART 50"" 50P8M 4K UHD BLT SEMP TCL"
20200111,YYZDJI01,21653,SUPORTE TV UNIVERSAL LCD/LED 10 A 71 SBRUB750
20200111,YYZDI901,21653,SUPORTE TV UNIVERSAL LCD/LED 10 A 71 SBRUB750
20200111,YYZDLR01,25354,"TELEVISOR SMART 32"" UN32J4290 SAMSUNG        "
20200111,YYZDLR01,21653,SUPORTE TV UNIVERSAL LCD/LED 10 A 71 SBRUB750
20200111,YYZDSS01,21653,SUPORTE TV UNIVERSAL LCD/LED 10 A 71 SBRUB750
20200111,9ORDCB01,25354,"TELEVISOR SMART 32"" UN32J4290 SAMSUNG        "
20200111,9O5CJJ01,21653,SUPORTE TV UNIVERSAL LCD/LED 10 A 71 SBRUB750
20200111,9OGZ6D01,21653,SUPORTE TV UNIVERSAL LCD/LED 10 A 71 SBRUB750
20200111,9OGZ6D01,25354,"TELEVISOR SMART 32"" UN32J4290 SAMSUNG        "
20200111,96284501,26326,"TELEVISOR SMART 50"" 50P8M 4K UHD BLT SEMP TCL"
20200111,96284501,21653,SUPORTE TV UNIVERSAL LCD/LED 10 A 71 SBRUB750
20200111,9NZSAH01,21653,SUPORTE TV UNIVERSAL LCD/LED 10 A 71 SBRUB750
20200111,9ONN9J01,21653,SUPORTE TV UNIVERSAL LCD/LED 10 A 71 SBRUB750
20200111,9OPO3601,21653,SUPORTE TV UNIVERSAL LCD/LED 10 A 71 SBRUB750
20200111,9O02JO01,21653,SUPORTE TV UNIVERSAL LCD/LED 10 A 71 SBRUB750
20200111,63282301,21653,SUPORTE TV UNIVERSAL LCD/LED 10 A 71 SBRUB750
20200111,33784801,25996,"TELEVISOR 32"" 32S6500S HD LED SEMP TCL       "
20200111,33784801,21653,SUPORTE TV UNIVERSAL LCD/LED 10 A 71 SBRUB750
20200111,9O0AH301,21653,SUPORTE TV UNIVERSAL LCD/LED 10 A 71 SBRUB750
20200111,99JH0M01,21653,SUPORTE TV UNIVERSAL LCD/LED 10 A 71 SBRUB750
20200111,99DAF301,21653,SUPORTE TV UNIVERSAL LCD/LED 10 A 71 SBRUB750
20200111,9OO0U401,24911,"TELEVISOR SMART 43"" S3900FS SEMP TCL         "
20200111,9OO0U401,21653,SUPORTE TV UNIVERSAL LCD/LED 10 A 71 SBRUB750
20200111,99PXRV01,21653,SUPORTE TV UNIVERSAL LCD/LED 10 A 71 SBRUB750
20200111,99A8G801,25354,"TELEVISOR SMART 32"" UN32J4290 SAMSUNG        "
20200111,99MW0M01,25545,"TELEVISOR SMART 40"" TC40FS600B PANASONIC     "
20200111,99MW0M01,21653,SUPORTE TV UNIVERSAL LCD/LED 10 A 71 SBRUB750
20200111,9OFW3G01,21653,SUPORTE TV UNIVERSAL LCD/LED 10 A 71 SBRUB750
20200111,9O0OM301,21653,SUPORTE TV UNIVERSAL LCD/LED 10 A 71 SBRUB750
20200111,9O326701,26243,SUPORTE UNIV. BEDIN BU-25                    
20200111,99LU7F01,21653,SUPORTE TV UNIVERSAL LCD/LED 10 A 71 SBRUB750
20200111,99PSDI01,26243,SUPORTE UNIV. BEDIN BU-25                    
20200111,97955901,21653,SUPORTE TV UNIVERSAL LCD/LED 10 A 71 SBRUB750
20200111,99JCA201,21653,SUPORTE TV UNIVERSAL LCD/LED 10 A 71 SBRUB750
20200111,99JQBJ01,21653,SUPORTE TV UNIVERSAL LCD/LED 10 A 71 SBRUB750
20200111,99JQBJ01,26326,"TELEVISOR SMART 50"" 50P8M 4K UHD BLT SEMP TCL"
20200111,99C71P01,21653,SUPORTE TV UNIVERSAL LCD/LED 10 A 71 SBRUB750
20200111,56613401,25241,PEN DRIVE MC162 2X1 LEITOR USB SD 16GB       
20200111,99CLQC01,21653,SUPORTE TV UNIVERSAL LCD/LED 10 A 71 SBRUB750
20200111,05690501,26243,SUPORTE UNIV. BEDIN BU-25                    
20200111,05690501,21653,SUPORTE TV UNIVERSAL LCD/LED 10 A 71 SBRUB750
20200111,05690501,18247,SUPORTE P TV LCD SBRP 111                    
20200111,99BRIF01,21653,SUPORTE TV UNIVERSAL LCD/LED 10 A 71 SBRUB750
20200111,99CBO701,21653,SUPORTE TV UNIVERSAL LCD/LED 10 A 71 SBRUB750
20200111,35512901,21256,CELULAR BLU TANK II T193 DB PRETO AZUL       
20200111,35512901,26326,"TELEVISOR SMART 50"" 50P8M 4K UHD BLT SEMP TCL"
20200111,35512901,21653,SUPORTE TV UNIVERSAL LCD/LED 10 A 71 SBRUB750
20200111,96399101,21653,SUPORTE TV UNIVERSAL LCD/LED 10 A 71 SBRUB750
20200111,28057601,21653,SUPORTE TV UNIVERSAL LCD/LED 10 A 71 SBRUB750
20200111,99PRS901,26004,SMARTPHONE SAMSUNG GAL A20  A205 32GB AZUL   
20200111,99DA6Z01,25870,TABLET NB296 M7S LITE 8GB PRETO              
20200111,9OK1I501,23375,"TELEVISOR SMART 40"" KDL-40W655D SONY         "
20200111,9OK1I501,21653,SUPORTE TV UNIVERSAL LCD/LED 10 A 71 SBRUB750
20200111,999UZF01,21653,SUPORTE TV UNIVERSAL LCD/LED 10 A 71 SBRUB750
20200111,9OODQS01,21653,SUPORTE TV UNIVERSAL LCD/LED 10 A 71 SBRUB750
20200111,99368501,21653,SUPORTE TV UNIVERSAL LCD/LED 10 A 71 SBRUB750
20200111,99368501,26326,"TELEVISOR SMART 50"" 50P8M 4K UHD BLT SEMP TCL"
20200111,91558601,21653,SUPORTE TV UNIVERSAL LCD/LED 10 A 71 SBRUB750
20200111,99KHMH01,21653,SUPORTE TV UNIVERSAL LCD/LED 10 A 71 SBRUB750
20200111,999WU801,21653,SUPORTE TV UNIVERSAL LCD/LED 10 A 71 SBRUB750
20200111,99J9QG01,21653,SUPORTE TV UNIVERSAL LCD/LED 10 A 71 SBRUB750
20200111,99JC4F01,21653,SUPORTE TV UNIVERSAL LCD/LED 10 A 71 SBRUB750
20200111,04152501,26243,SUPORTE UNIV. BEDIN BU-25                    
20200111,04152501,26326,"TELEVISOR SMART 50"" 50P8M 4K UHD BLT SEMP TCL"
20200111,16578501,21653,SUPORTE TV UNIVERSAL LCD/LED 10 A 71 SBRUB750
20200111,16578501,26326,"TELEVISOR SMART 50"" 50P8M 4K UHD BLT SEMP TCL"
20200111,99EG7N01,21653,SUPORTE TV UNIVERSAL LCD/LED 10 A 71 SBRUB750
20200111,13701401,21653,SUPORTE TV UNIVERSAL LCD/LED 10 A 71 SBRUB750
20200111,65342501,22616,CELULAR RIU-I R200 DB PRETO-AZUL             
20200110,99GXRB01,21653,SUPORTE TV UNIVERSAL LCD/LED 10 A 71 SBRUB750
20200110,999Y4Y01,21653,SUPORTE TV UNIVERSAL LCD/LED 10 A 71 SBRUB750
20200110,87292601,26327,"TELEVISOR SMART 55"" 55P8M 4K UHD BLT SEMP TCL"
20200110,87292601,21653,SUPORTE TV UNIVERSAL LCD/LED 10 A 71 SBRUB750
20200110,9O8WZ801,21653,SUPORTE TV UNIVERSAL LCD/LED 10 A 71 SBRUB750
20200110,99LQVR01,25354,"TELEVISOR SMART 32"" UN32J4290 SAMSUNG        "
20200110,99LQVR01,21653,SUPORTE TV UNIVERSAL LCD/LED 10 A 71 SBRUB750
20200110,99LYVU01,21653,SUPORTE TV UNIVERSAL LCD/LED 10 A 71 SBRUB750
20200110,99EL4S01,21653,SUPORTE TV UNIVERSAL LCD/LED 10 A 71 SBRUB750
20200110,08953101,21653,SUPORTE TV UNIVERSAL LCD/LED 10 A 71 SBRUB750
20200110,08953101,21653,SUPORTE TV UNIVERSAL LCD/LED 10 A 71 SBRUB750
20200110,9OBVXZ01,21653,SUPORTE TV UNIVERSAL LCD/LED 10 A 71 SBRUB750
20200110,9OEOL601,21653,SUPORTE TV UNIVERSAL LCD/LED 10 A 71 SBRUB750
20200110,9ODHRS01,21653,SUPORTE TV UNIVERSAL LCD/LED 10 A 71 SBRUB750
20200110,37788201,21653,SUPORTE TV UNIVERSAL LCD/LED 10 A 71 SBRUB750
20200110,9NXEK701,21653,SUPORTE TV UNIVERSAL LCD/LED 10 A 71 SBRUB750
20200110,9NXEK701,25545,"TELEVISOR SMART 40"" TC40FS600B PANASONIC     "
20200110,99DOMH01,26432,AUTO RADIO AR-06 PRETO                       
20200110,9OG44Q01,21653,SUPORTE TV UNIVERSAL LCD/LED 10 A 71 SBRUB750
20200110,9OG44Q01,25354,"TELEVISOR SMART 32"" UN32J4290 SAMSUNG        "
20200110,97923301,25983,SMARTPHONE SAMSUNG GAL A10  A105 32GB VERMELH
20200110,999C3O01,21653,SUPORTE TV UNIVERSAL LCD/LED 10 A 71 SBRUB750
20200110,9O4NIS01,21653,SUPORTE TV UNIVERSAL LCD/LED 10 A 71 SBRUB750
20200110,99BIIY01,21603,DVD D-14 GAME STAR II MONDIAL                
20200110,9NYTIV01,21653,SUPORTE TV UNIVERSAL LCD/LED 10 A 71 SBRUB750
20200110,9OHU0401,21653,SUPORTE TV UNIVERSAL LCD/LED 10 A 71 SBRUB750
20200110,91562201,21653,SUPORTE TV UNIVERSAL LCD/LED 10 A 71 SBRUB750
20200110,91562201,25545,"TELEVISOR SMART 40"" TC40FS600B PANASONIC     "
20200110,9OMQNB01,21653,SUPORTE TV UNIVERSAL LCD/LED 10 A 71 SBRUB750
20200110,12778501,25545,"TELEVISOR SMART 40"" TC40FS600B PANASONIC     "
20200110,00407401,26004,SMARTPHONE SAMSUNG GAL A20  A205 32GB AZUL   
20200110,58388501,21653,SUPORTE TV UNIVERSAL LCD/LED 10 A 71 SBRUB750
20200110,36129201,21653,SUPORTE TV UNIVERSAL LCD/LED 10 A 71 SBRUB750
20200110,36129201,25354,"TELEVISOR SMART 32"" UN32J4290 SAMSUNG        "
20200110,09686801,21653,SUPORTE TV UNIVERSAL LCD/LED 10 A 71 SBRUB750
20200110,95888501,25173,SMARTPHONE LG K9 TV LM-X210BMW INDIGO        
20200110,29222201,25354,"TELEVISOR SMART 32"" UN32J4290 SAMSUNG        "
20200110,29222201,21653,SUPORTE TV UNIVERSAL LCD/LED 10 A 71 SBRUB750
20200110,46515901,25545,"TELEVISOR SMART 40"" TC40FS600B PANASONIC     "
20200110,46515901,21653,SUPORTE TV UNIVERSAL LCD/LED 10 A 71 SBRUB750
20200110,9NY1WD01,21653,SUPORTE TV UNIVERSAL LCD/LED 10 A 71 SBRUB750
20200110,99HBF201,21653,SUPORTE TV UNIVERSAL LCD/LED 10 A 71 SBRUB750
20200110,9O096C01,26528,SMARTPHONE LG K40S LMX430 BMW AZUL           
20200110,9O3H6F01,21653,SUPORTE TV UNIVERSAL LCD/LED 10 A 71 SBRUB750
20200110,70728501,21653,SUPORTE TV UNIVERSAL LCD/LED 10 A 71 SBRUB750
20200110,92481601,21653,SUPORTE TV UNIVERSAL LCD/LED 10 A 71 SBRUB750
20200110,9O4RSU01,19729,PEN DRIVE 8GB PD587 TWIST PRETO              
20200110,9O4RSU01,26243,SUPORTE UNIV. BEDIN BU-25                    
20200110,23061001,21653,SUPORTE TV UNIVERSAL LCD/LED 10 A 71 SBRUB750
20200110,86979201,21653,SUPORTE TV UNIVERSAL LCD/LED 10 A 71 SBRUB750
20200110,86979201,26326,"TELEVISOR SMART 50"" 50P8M 4K UHD BLT SEMP TCL"
20200110,98210201,21653,SUPORTE TV UNIVERSAL LCD/LED 10 A 71 SBRUB750
20200110,99KLIL01,25354,"TELEVISOR SMART 32"" UN32J4290 SAMSUNG        "
20200110,99KLIL01,21653,SUPORTE TV UNIVERSAL LCD/LED 10 A 71 SBRUB750
20200110,98176501,21653,SUPORTE TV UNIVERSAL LCD/LED 10 A 71 SBRUB750
20200110,02525401,25729,SMARTPHONE SAMSUNG GAL J4 CORE 16GB COBRE    
20200110,31389001,21653,SUPORTE TV UNIVERSAL LCD/LED 10 A 71 SBRUB750
20200110,9OCF3S01,21653,SUPORTE TV UNIVERSAL LCD/LED 10 A 71 SBRUB750
20200110,24575101,26004,SMARTPHONE SAMSUNG GAL A20  A205 32GB AZUL   
20200110,41835301,21653,SUPORTE TV UNIVERSAL LCD/LED 10 A 71 SBRUB750
20200110,40771701,21653,SUPORTE TV UNIVERSAL LCD/LED 10 A 71 SBRUB750
20200110,99GJK201,21653,SUPORTE TV UNIVERSAL LCD/LED 10 A 71 SBRUB750
20200110,25585401,26555,PEN DRIVE SONY RETRATIL USM32GR 32GB         
20200110,67866801,26327,"TELEVISOR SMART 55"" 55P8M 4K UHD BLT SEMP TCL"
20200110,67866801,21653,SUPORTE TV UNIVERSAL LCD/LED 10 A 71 SBRUB750
20200110,99M2UT01,21653,SUPORTE TV UNIVERSAL LCD/LED 10 A 71 SBRUB750
20200110,86148001,21653,SUPORTE TV UNIVERSAL LCD/LED 10 A 71 SBRUB750
20200110,YYZC7P01,21653,SUPORTE TV UNIVERSAL LCD/LED 10 A 71 SBRUB750
20200110,99EEP801,21653,SUPORTE TV UNIVERSAL LCD/LED 10 A 71 SBRUB750
20200110,YYZCLL01,20599,ROTEADOR RE160 300 MBPS NOVO (05)            
20200110,YYZCMM01,25545,"TELEVISOR SMART 40"" TC40FS600B PANASONIC     "
20200110,YYZCMM01,21653,SUPORTE TV UNIVERSAL LCD/LED 10 A 71 SBRUB750
20200110,YYZCAZ01,21653,SUPORTE TV UNIVERSAL LCD/LED 10 A 71 SBRUB750
20200110,000VAP01,26585,SMARTPHONE MOTOROLA MOTO ONE MACRO 64GB AZUL 
20200110,YYZCJX01,21653,SUPORTE TV UNIVERSAL LCD/LED 10 A 71 SBRUB750
20200110,YYZCJX01,25996,"TELEVISOR 32"" 32S6500S HD LED SEMP TCL       "
20200109,20717101,26326,"TELEVISOR SMART 50"" 50P8M 4K UHD BLT SEMP TCL"
20200109,23685201,21653,SUPORTE TV UNIVERSAL LCD/LED 10 A 71 SBRUB750
20200109,23685201,25995,"TELEVISOR 24"" S1300 L1850 HD LED SEMP TCL    "
20200109,69029801,21653,SUPORTE TV UNIVERSAL LCD/LED 10 A 71 SBRUB750
20200109,67842701,21653,SUPORTE TV UNIVERSAL LCD/LED 10 A 71 SBRUB750
20200109,67842701,25545,"TELEVISOR SMART 40"" TC40FS600B PANASONIC     "
20200109,86674501,21653,SUPORTE TV UNIVERSAL LCD/LED 10 A 71 SBRUB750
20200109,99CDEF01,26243,SUPORTE UNIV. BEDIN BU-25                    
20200109,99CDEF01,21653,SUPORTE TV UNIVERSAL LCD/LED 10 A 71 SBRUB750
20200109,83612801,21653,SUPORTE TV UNIVERSAL LCD/LED 10 A 71 SBRUB750
20200109,88299801,25726,SMARTPHONE SAMSUNG GAL J2 CORE 16GB PRETO    
20200109,9OBLUO01,26579,SMARTPHONE MOTOROLA MOTO E6 PLAY 32GB CINZA  
20200109,9ONP3101,21653,SUPORTE TV UNIVERSAL LCD/LED 10 A 71 SBRUB750
20200109,9O1FNZ01,21653,SUPORTE TV UNIVERSAL LCD/LED 10 A 71 SBRUB750
20200109,999RC201,26243,SUPORTE UNIV. BEDIN BU-25                    
20200109,99DZIM01,21653,SUPORTE TV UNIVERSAL LCD/LED 10 A 71 SBRUB750
20200109,9O3R4Q01,25545,"TELEVISOR SMART 40"" TC40FS600B PANASONIC     "
20200109,9O3R4Q01,21653,SUPORTE TV UNIVERSAL LCD/LED 10 A 71 SBRUB750
20200109,9OK68701,21653,SUPORTE TV UNIVERSAL LCD/LED 10 A 71 SBRUB750
20200109,9OH9M501,21653,SUPORTE TV UNIVERSAL LCD/LED 10 A 71 SBRUB750
20200109,9OOJB701,21653,SUPORTE TV UNIVERSAL LCD/LED 10 A 71 SBRUB750
20200109,9OKNYT01,21653,SUPORTE TV UNIVERSAL LCD/LED 10 A 71 SBRUB750
20200109,09669101,26222,CELULAR INFINITY W201 PRETO                  
20200109,04020001,21653,SUPORTE TV UNIVERSAL LCD/LED 10 A 71 SBRUB750
20200109,17686801,26326,"TELEVISOR SMART 50"" 50P8M 4K UHD BLT SEMP TCL"
20200109,04020001,25996,"TELEVISOR 32"" 32S6500S HD LED SEMP TCL       "
20200109,12556001,21653,SUPORTE TV UNIVERSAL LCD/LED 10 A 71 SBRUB750
20200109,9O2WDU01,26483,SMARTPHONE SAMSUNG GAL A50 A505 128GB AZUL   
20200109,99FE8V01,21653,SUPORTE TV UNIVERSAL LCD/LED 10 A 71 SBRUB750
20200109,87943801,21653,SUPORTE TV UNIVERSAL LCD/LED 10 A 71 SBRUB750
20200109,60259401,25545,"TELEVISOR SMART 40"" TC40FS600B PANASONIC     "
20200109,60259401,21653,SUPORTE TV UNIVERSAL LCD/LED 10 A 71 SBRUB750
20200109,9OKAKB01,21653,SUPORTE TV UNIVERSAL LCD/LED 10 A 71 SBRUB750
20200109,18277701,21653,SUPORTE TV UNIVERSAL LCD/LED 10 A 71 SBRUB750
20200109,16049501,25982,SMARTPHONE SAMSUNG GAL A10  A105 32GB AZUL   
20200109,71367001,21653,SUPORTE TV UNIVERSAL LCD/LED 10 A 71 SBRUB750
20200109,9NYQ4Z01,21653,SUPORTE TV UNIVERSAL LCD/LED 10 A 71 SBRUB750
20200109,9OQ5JL01,26432,AUTO RADIO AR-06 PRETO                       
20200109,9OPUWL01,26222,CELULAR INFINITY W201 PRETO                  
20200109,9ODM9501,26243,SUPORTE UNIV. BEDIN BU-25                    
20200109,33186301,21653,SUPORTE TV UNIVERSAL LCD/LED 10 A 71 SBRUB750
20200109,33186301,26326,"TELEVISOR SMART 50"" 50P8M 4K UHD BLT SEMP TCL"
20200109,44538701,21653,SUPORTE TV UNIVERSAL LCD/LED 10 A 71 SBRUB750
20200109,44538701,25545,"TELEVISOR SMART 40"" TC40FS600B PANASONIC     "
20200109,999RT901,21653,SUPORTE TV UNIVERSAL LCD/LED 10 A 71 SBRUB750
20200109,9O2BJ401,26243,SUPORTE UNIV. BEDIN BU-25                    
20200109,9O6N1H01,26243,SUPORTE UNIV. BEDIN BU-25                    
20200109,9O7SNK01,21653,SUPORTE TV UNIVERSAL LCD/LED 10 A 71 SBRUB750
20200109,25207601,21653,SUPORTE TV UNIVERSAL LCD/LED 10 A 71 SBRUB750
20200109,YYZBPX01,21653,SUPORTE TV UNIVERSAL LCD/LED 10 A 71 SBRUB750
20200109,9OGPBV01,21653,SUPORTE TV UNIVERSAL LCD/LED 10 A 71 SBRUB750
20200109,YYZC3301,25545,"TELEVISOR SMART 40"" TC40FS600B PANASONIC     "
20200109,YYZC3301,21653,SUPORTE TV UNIVERSAL LCD/LED 10 A 71 SBRUB750
20200108,46291501,25729,SMARTPHONE SAMSUNG GAL J4 CORE 16GB COBRE    
20200108,72422001,21653,SUPORTE TV UNIVERSAL LCD/LED 10 A 71 SBRUB750
20200108,99E4VI01,21653,SUPORTE TV UNIVERSAL LCD/LED 10 A 71 SBRUB750
20200108,99E4VI01,21653,SUPORTE TV UNIVERSAL LCD/LED 10 A 71 SBRUB750
20200108,16756101,25545,"TELEVISOR SMART 40"" TC40FS600B PANASONIC     "
20200108,01704701,21653,SUPORTE TV UNIVERSAL LCD/LED 10 A 71 SBRUB750
20200108,93803401,21653,SUPORTE TV UNIVERSAL LCD/LED 10 A 71 SBRUB750
20200108,99IOO601,25996,"TELEVISOR 32"" 32S6500S HD LED SEMP TCL       "
20200108,99IOO601,21653,SUPORTE TV UNIVERSAL LCD/LED 10 A 71 SBRUB750
20200108,99HFNS01,21653,SUPORTE TV UNIVERSAL LCD/LED 10 A 71 SBRUB750
20200108,9ODWGE01,21653,SUPORTE TV UNIVERSAL LCD/LED 10 A 71 SBRUB750
20200108,9ODGC201,21653,SUPORTE TV UNIVERSAL LCD/LED 10 A 71 SBRUB750
20200108,9OAFCZ01,21653,SUPORTE TV UNIVERSAL LCD/LED 10 A 71 SBRUB750
20200108,9NYV4501,26325,"TELEVISOR SMART 43"" 43S5300 HD BLUET SEMP TCL"
20200108,9NYV4501,21653,SUPORTE TV UNIVERSAL LCD/LED 10 A 71 SBRUB750
20200108,9O18FQ01,21653,SUPORTE TV UNIVERSAL LCD/LED 10 A 71 SBRUB750
20200108,9O18FQ01,25242,PEN DRIVE MC163 2X1 LEITOR USB SD 32GB       
20200108,99PPDV01,21653,SUPORTE TV UNIVERSAL LCD/LED 10 A 71 SBRUB750
20200108,40654201,26326,"TELEVISOR SMART 50"" 50P8M 4K UHD BLT SEMP TCL"
20200108,40654201,21653,SUPORTE TV UNIVERSAL LCD/LED 10 A 71 SBRUB750
20200108,99C69L01,21653,SUPORTE TV UNIVERSAL LCD/LED 10 A 71 SBRUB750
20200108,25051001,26243,SUPORTE UNIV. BEDIN BU-25                    
20200108,99JFTB01,21653,SUPORTE TV UNIVERSAL LCD/LED 10 A 71 SBRUB750
20200108,45723101,26243,SUPORTE UNIV. BEDIN BU-25                    
20200108,70598801,21653,SUPORTE TV UNIVERSAL LCD/LED 10 A 71 SBRUB750
20200108,9OKKUG01,21653,SUPORTE TV UNIVERSAL LCD/LED 10 A 71 SBRUB750
20200108,9OKKUG01,21653,SUPORTE TV UNIVERSAL LCD/LED 10 A 71 SBRUB750
20200108,9OP7YW01,21653,SUPORTE TV UNIVERSAL LCD/LED 10 A 71 SBRUB750
20200108,96862801,21653,SUPORTE TV UNIVERSAL LCD/LED 10 A 71 SBRUB750
20200108,9OQA3901,21653,SUPORTE TV UNIVERSAL LCD/LED 10 A 71 SBRUB750
20200108,94941901,26326,"TELEVISOR SMART 50"" 50P8M 4K UHD BLT SEMP TCL"
20200108,94941901,21653,SUPORTE TV UNIVERSAL LCD/LED 10 A 71 SBRUB750
20200108,61875601,26013,SMARTPHONE SAMSUNG GAL A50  A505 64GB BRANCO 
20200108,19828301,26579,SMARTPHONE MOTOROLA MOTO E6 PLAY 32GB CINZA  
20200108,46091301,21653,SUPORTE TV UNIVERSAL LCD/LED 10 A 71 SBRUB750
20200108,13629101,25366,TABLET NB728 MINI MS40G PRETO                
20200108,43217201,21653,SUPORTE TV UNIVERSAL LCD/LED 10 A 71 SBRUB750
20200108,20108101,21653,SUPORTE TV UNIVERSAL LCD/LED 10 A 71 SBRUB750
20200108,63911901,26243,SUPORTE UNIV. BEDIN BU-25                    
20200108,63911901,21653,SUPORTE TV UNIVERSAL LCD/LED 10 A 71 SBRUB750
20200108,39907801,25354,"TELEVISOR SMART 32"" UN32J4290 SAMSUNG        "
20200108,9O8KCM01,21653,SUPORTE TV UNIVERSAL LCD/LED 10 A 71 SBRUB750
20200108,9O5Z6P01,21653,SUPORTE TV UNIVERSAL LCD/LED 10 A 71 SBRUB750
20200108,9NYG9901,21653,SUPORTE TV UNIVERSAL LCD/LED 10 A 71 SBRUB750
20200108,9NYG9901,25996,"TELEVISOR 32"" 32S6500S HD LED SEMP TCL       "
20200108,70728501,26243,SUPORTE UNIV. BEDIN BU-25                    
20200108,99PXRV01,26585,SMARTPHONE MOTOROLA MOTO ONE MACRO 64GB AZUL 
20200108,9OMSEI01,25996,"TELEVISOR 32"" 32S6500S HD LED SEMP TCL       "
20200108,9OMSEI01,21653,SUPORTE TV UNIVERSAL LCD/LED 10 A 71 SBRUB750
20200108,14373701,21653,SUPORTE TV UNIVERSAL LCD/LED 10 A 71 SBRUB750
20200108,9OHNQO01,26243,SUPORTE UNIV. BEDIN BU-25                    
20200108,9OJG1Q01,21653,SUPORTE TV UNIVERSAL LCD/LED 10 A 71 SBRUB750
20200108,90015201,21653,SUPORTE TV UNIVERSAL LCD/LED 10 A 71 SBRUB750
20200108,51068001,21653,SUPORTE TV UNIVERSAL LCD/LED 10 A 71 SBRUB750
20200108,16535401,26243,SUPORTE UNIV. BEDIN BU-25                    
20200108,9O33F301,26326,"TELEVISOR SMART 50"" 50P8M 4K UHD BLT SEMP TCL"
20200108,9O33F301,21653,SUPORTE TV UNIVERSAL LCD/LED 10 A 71 SBRUB750
20200108,20834701,21653,SUPORTE TV UNIVERSAL LCD/LED 10 A 71 SBRUB750
20200108,99911401,24716,RECEPTOR MIDIA BOX HDTV B3                   
20200108,67473301,25582,SMARTPHONE LG K11 PLUS DB DOURADO            
20200108,99JT9301,21653,SUPORTE TV UNIVERSAL LCD/LED 10 A 71 SBRUB750
20200108,15579301,25243,PEN DRIVE 16GB PD688 TWIST ROSA MULTILASER   
20200108,68722401,21653,SUPORTE TV UNIVERSAL LCD/LED 10 A 71 SBRUB750
20200108,99850401,26243,SUPORTE UNIV. BEDIN BU-25                    
20200108,9O690D01,21653,SUPORTE TV UNIVERSAL LCD/LED 10 A 71 SBRUB750
20200108,77900201,21653,SUPORTE TV UNIVERSAL LCD/LED 10 A 71 SBRUB750
20200108,90641401,25982,SMARTPHONE SAMSUNG GAL A10  A105 32GB AZUL   
20200108,YYZARL01,21653,SUPORTE TV UNIVERSAL LCD/LED 10 A 71 SBRUB750
20200108,YYZB7R01,21653,SUPORTE TV UNIVERSAL LCD/LED 10 A 71 SBRUB750
20200108,YYZAS301,25354,"TELEVISOR SMART 32"" UN32J4290 SAMSUNG        "
20200108,YYZAS301,21653,SUPORTE TV UNIVERSAL LCD/LED 10 A 71 SBRUB750
20200108,YYZB5X01,21653,SUPORTE TV UNIVERSAL LCD/LED 10 A 71 SBRUB750
20200108,00597301,21653,SUPORTE TV UNIVERSAL LCD/LED 10 A 71 SBRUB750
20200108,YYZAP301,21653,SUPORTE TV UNIVERSAL LCD/LED 10 A 71 SBRUB750
20200108,YYZAQZ01,21653,SUPORTE TV UNIVERSAL LCD/LED 10 A 71 SBRUB750
20200108,YYZAQZ01,25545,"TELEVISOR SMART 40"" TC40FS600B PANASONIC     "
20200108,YYZAQZ01,22218,CONJ.SC-AKX220LBK PANASONIC                  
20200108,YYZAVZ01,21653,SUPORTE TV UNIVERSAL LCD/LED 10 A 71 SBRUB750
20200108,YYZB8101,21653,SUPORTE TV UNIVERSAL LCD/LED 10 A 71 SBRUB750
20200108,YYZB9Z01,21653,SUPORTE TV UNIVERSAL LCD/LED 10 A 71 SBRUB750
20200107,999U8X01,21653,SUPORTE TV UNIVERSAL LCD/LED 10 A 71 SBRUB750
20200107,02444201,21653,SUPORTE TV UNIVERSAL LCD/LED 10 A 71 SBRUB750
20200107,99ER1T01,26003,SMARTPHONE SAMSUNG GAL A20  A205 32GB PRETO  
20200107,01710001,26243,SUPORTE UNIV. BEDIN BU-25                    
20200107,97487901,21653,SUPORTE TV UNIVERSAL LCD/LED 10 A 71 SBRUB750
20200107,97487901,25355,"TELEVISOR SMART 43"" UN43J5290 SAMSUNG        "
20200107,40913201,21653,SUPORTE TV UNIVERSAL LCD/LED 10 A 71 SBRUB750
20200107,9O7K1Z01,21653,SUPORTE TV UNIVERSAL LCD/LED 10 A 71 SBRUB750
20200107,9ONW9C01,25729,SMARTPHONE SAMSUNG GAL J4 CORE 16GB COBRE    
20200107,9OOAP201,21653,SUPORTE TV UNIVERSAL LCD/LED 10 A 71 SBRUB750
20200107,99KSPV01,21653,SUPORTE TV UNIVERSAL LCD/LED 10 A 71 SBRUB750
20200107,55678901,21653,SUPORTE TV UNIVERSAL LCD/LED 10 A 71 SBRUB750
20200107,12879601,24524,BOX LINE OCM 3912 ONEAL                      
20200107,07205501,24716,RECEPTOR MIDIA BOX HDTV B3                   
20200107,9OJXFK01,21653,SUPORTE TV UNIVERSAL LCD/LED 10 A 71 SBRUB750
20200107,99K3V501,21653,SUPORTE TV UNIVERSAL LCD/LED 10 A 71 SBRUB750
20200107,96330001,21653,SUPORTE TV UNIVERSAL LCD/LED 10 A 71 SBRUB750
20200107,99KNIY01,21653,SUPORTE TV UNIVERSAL LCD/LED 10 A 71 SBRUB750
20200107,99BTFX01,21653,SUPORTE TV UNIVERSAL LCD/LED 10 A 71 SBRUB750
20200107,92150401,25354,"TELEVISOR SMART 32"" UN32J4290 SAMSUNG        "
20200107,99HZMK01,25676,SMARTPHONE MOTOROLA MOTO G7 PLAY XT1952-5 DR 
20200107,14178901,25981,SMARTPHONE SAMSUNG GAL A10  A105 32GB PRETO  
20200107,12556001,26326,"TELEVISOR SMART 50"" 50P8M 4K UHD BLT SEMP TCL"
20200107,03132601,25996,"TELEVISOR 32"" 32S6500S HD LED SEMP TCL       "
20200107,96865401,26008,SMARTPHONE SAMSUNG GAL A30  A305 64GB BRANCO 
20200107,24331701,26325,"TELEVISOR SMART 43"" 43S5300 HD BLUET SEMP TCL"
20200107,24331701,21653,SUPORTE TV UNIVERSAL LCD/LED 10 A 71 SBRUB750
20200107,92980501,21653,SUPORTE TV UNIVERSAL LCD/LED 10 A 71 SBRUB750
20200107,18202101,21653,SUPORTE TV UNIVERSAL LCD/LED 10 A 71 SBRUB750
20200107,15327701,21653,SUPORTE TV UNIVERSAL LCD/LED 10 A 71 SBRUB750
20200107,99EV0M01,25983,SMARTPHONE SAMSUNG GAL A10  A105 32GB VERMELH
20200107,26217201,21653,SUPORTE TV UNIVERSAL LCD/LED 10 A 71 SBRUB750
20200107,96105701,21653,SUPORTE TV UNIVERSAL LCD/LED 10 A 71 SBRUB750
20200107,96105701,23278,CELULAR RIU FLIP 2.4 DB VERMELHO             
20200107,999LA201,21653,SUPORTE TV UNIVERSAL LCD/LED 10 A 71 SBRUB750
20200107,00673901,21653,SUPORTE TV UNIVERSAL LCD/LED 10 A 71 SBRUB750
20200107,9OR5C601,21653,SUPORTE TV UNIVERSAL LCD/LED 10 A 71 SBRUB750
20200107,99PPAD01,21653,SUPORTE TV UNIVERSAL LCD/LED 10 A 71 SBRUB750
20200107,9OP8NK01,26006,SMARTPHONE SAMSUNG GAL A30 A305 64GB PRETO   
20200107,9ODM9501,26243,SUPORTE UNIV. BEDIN BU-25                    
20200107,9ODM9501,21653,SUPORTE TV UNIVERSAL LCD/LED 10 A 71 SBRUB750
20200107,9ODKLV01,21653,SUPORTE TV UNIVERSAL LCD/LED 10 A 71 SBRUB750
20200107,9O4ZJU01,21653,SUPORTE TV UNIVERSAL LCD/LED 10 A 71 SBRUB750
20200107,99EXNL01,26326,"TELEVISOR SMART 50"" 50P8M 4K UHD BLT SEMP TCL"
20200107,20030401,21653,SUPORTE TV UNIVERSAL LCD/LED 10 A 71 SBRUB750
20200107,99IQEN01,21653,SUPORTE TV UNIVERSAL LCD/LED 10 A 71 SBRUB750
20200107,31225901,21653,SUPORTE TV UNIVERSAL LCD/LED 10 A 71 SBRUB750
20200107,31225901,26326,"TELEVISOR SMART 50"" 50P8M 4K UHD BLT SEMP TCL"
20200107,18589601,25996,"TELEVISOR 32"" 32S6500S HD LED SEMP TCL       "
20200107,99IZKT01,21653,SUPORTE TV UNIVERSAL LCD/LED 10 A 71 SBRUB750
20200107,00744301,21653,SUPORTE TV UNIVERSAL LCD/LED 10 A 71 SBRUB750
20200107,00744301,25355,"TELEVISOR SMART 43"" UN43J5290 SAMSUNG        "
20200107,99CB4401,21653,SUPORTE TV UNIVERSAL LCD/LED 10 A 71 SBRUB750
20200107,99FUDC01,26243,SUPORTE UNIV. BEDIN BU-25                    
20200107,9O1T1P01,21653,SUPORTE TV UNIVERSAL LCD/LED 10 A 71 SBRUB750
20200107,25175001,21653,SUPORTE TV UNIVERSAL LCD/LED 10 A 71 SBRUB750
20200107,99KVJU01,21821,PEN DRIVE NANO 16GB PD054 PRETO              
20200107,9O2VIE01,25354,"TELEVISOR SMART 32"" UN32J4290 SAMSUNG        "
20200107,9O2VIE01,21653,SUPORTE TV UNIVERSAL LCD/LED 10 A 71 SBRUB750
20200107,95216701,21653,SUPORTE TV UNIVERSAL LCD/LED 10 A 71 SBRUB750
20200107,99DRIQ01,21653,SUPORTE TV UNIVERSAL LCD/LED 10 A 71 SBRUB750
20200107,99DHDG01,25870,TABLET NB296 M7S LITE 8GB PRETO              
20200107,YYZ3F001,21653,SUPORTE TV UNIVERSAL LCD/LED 10 A 71 SBRUB750
20200107,YYZ9ZF01,21653,SUPORTE TV UNIVERSAL LCD/LED 10 A 71 SBRUB750
20200107,YYZ9ZF01,25996,"TELEVISOR 32"" 32S6500S HD LED SEMP TCL       "
20200107,YYZ9VC01,21653,SUPORTE TV UNIVERSAL LCD/LED 10 A 71 SBRUB750
20200107,YYZ9VC01,26326,"TELEVISOR SMART 50"" 50P8M 4K UHD BLT SEMP TCL"
20200107,YYZA8T01,21653,SUPORTE TV UNIVERSAL LCD/LED 10 A 71 SBRUB750
20200107,YYZA8T01,25355,"TELEVISOR SMART 43"" UN43J5290 SAMSUNG        "
20200107,YYZA7901,21653,SUPORTE TV UNIVERSAL LCD/LED 10 A 71 SBRUB750
20200106,YYZ9K401,21653,SUPORTE TV UNIVERSAL LCD/LED 10 A 71 SBRUB750
20200106,YYZ9B601,21653,SUPORTE TV UNIVERSAL LCD/LED 10 A 71 SBRUB750
20200106,17036201,25582,SMARTPHONE LG K11 PLUS DB DOURADO            
20200106,9OLHQV01,25243,PEN DRIVE 16GB PD688 TWIST ROSA MULTILASER   
20200106,53766101,21653,SUPORTE TV UNIVERSAL LCD/LED 10 A 71 SBRUB750
20200106,99EBHP01,21653,SUPORTE TV UNIVERSAL LCD/LED 10 A 71 SBRUB750
20200106,99A9KR01,21653,SUPORTE TV UNIVERSAL LCD/LED 10 A 71 SBRUB750
20200106,9NXFC501,24716,RECEPTOR MIDIA BOX HDTV B3                   
20200106,99O7ZQ01,25354,"TELEVISOR SMART 32"" UN32J4290 SAMSUNG        "
20200106,99O7ZQ01,21653,SUPORTE TV UNIVERSAL LCD/LED 10 A 71 SBRUB750
20200106,21872701,25355,"TELEVISOR SMART 43"" UN43J5290 SAMSUNG        "
20200106,71162901,21653,SUPORTE TV UNIVERSAL LCD/LED 10 A 71 SBRUB750
20200106,9OD1Q501,21653,SUPORTE TV UNIVERSAL LCD/LED 10 A 71 SBRUB750
20200106,99CI4M01,21653,SUPORTE TV UNIVERSAL LCD/LED 10 A 71 SBRUB750
20200106,54999201,21653,SUPORTE TV UNIVERSAL LCD/LED 10 A 71 SBRUB750
20200106,99CI4M01,26325,"TELEVISOR SMART 43"" 43S5300 HD BLUET SEMP TCL"
20200106,99BOHC01,21653,SUPORTE TV UNIVERSAL LCD/LED 10 A 71 SBRUB750
20200106,99BOHC01,25240,PEN DRIVE MC161 2X1 LEITOR USB SD 8G         
20200106,98445201,25481,SMARTPHONE LG K9 TV LM-X210BMW DOURADO       
20200106,99BNY901,21653,SUPORTE TV UNIVERSAL LCD/LED 10 A 71 SBRUB750
20200106,99PRJB01,25354,"TELEVISOR SMART 32"" UN32J4290 SAMSUNG        "
20200106,99PRJB01,21653,SUPORTE TV UNIVERSAL LCD/LED 10 A 71 SBRUB750
20200106,99EYQL01,25481,SMARTPHONE LG K9 TV LM-X210BMW DOURADO       
20200106,99EYQL01,24850,ROTEADOR RE058 150MBPS 1 ANT.4PTS.LAN        
20200106,99JH0M01,25355,"TELEVISOR SMART 43"" UN43J5290 SAMSUNG        "
20200106,9OB1ZE01,21653,SUPORTE TV UNIVERSAL LCD/LED 10 A 71 SBRUB750
20200106,9O4JVH01,21653,SUPORTE TV UNIVERSAL LCD/LED 10 A 71 SBRUB750
20200106,9O4JVH01,26326,"TELEVISOR SMART 50"" 50P8M 4K UHD BLT SEMP TCL"
20200106,67262601,21653,SUPORTE TV UNIVERSAL LCD/LED 10 A 71 SBRUB750
20200106,67262601,26326,"TELEVISOR SMART 50"" 50P8M 4K UHD BLT SEMP TCL"
20200106,96167501,25729,SMARTPHONE SAMSUNG GAL J4 CORE 16GB COBRE    
20200106,58388501,26326,"TELEVISOR SMART 50"" 50P8M 4K UHD BLT SEMP TCL"
20200106,999WL501,21653,SUPORTE TV UNIVERSAL LCD/LED 10 A 71 SBRUB750
20200106,11376001,21653,SUPORTE TV UNIVERSAL LCD/LED 10 A 71 SBRUB750
20200106,83997101,25997,"TELEVISOR 40"" 40S6500FS HD LED SEMP TCL      "
20200106,91422601,25366,TABLET NB728 MINI MS40G PRETO                
20200106,28583901,21653,SUPORTE TV UNIVERSAL LCD/LED 10 A 71 SBRUB750
20200106,19674801,21653,SUPORTE TV UNIVERSAL LCD/LED 10 A 71 SBRUB750
20200106,19352001,21653,SUPORTE TV UNIVERSAL LCD/LED 10 A 71 SBRUB750
20200106,30118701,21653,SUPORTE TV UNIVERSAL LCD/LED 10 A 71 SBRUB750
20200106,99CPSP01,25729,SMARTPHONE SAMSUNG GAL J4 CORE 16GB COBRE    
20200106,99ECFA01,19729,PEN DRIVE 8GB PD587 TWIST PRETO              
20200106,30118701,25905,"TELEVISOR SMART 55"" UHD BT UN55RU7100 SAMSUNG"
20200106,98857701,25996,"TELEVISOR 32"" 32S6500S HD LED SEMP TCL       "
20200106,99EBQV01,25983,SMARTPHONE SAMSUNG GAL A10  A105 32GB VERMELH
20200106,99E51A01,23902,"TELEVISOR SMART 43"" UN43J5200 SAMSUNG        "
20200106,99E51A01,21653,SUPORTE TV UNIVERSAL LCD/LED 10 A 71 SBRUB750
20200106,04260701,25996,"TELEVISOR 32"" 32S6500S HD LED SEMP TCL       "
20200106,04260701,21653,SUPORTE TV UNIVERSAL LCD/LED 10 A 71 SBRUB750
20200106,21077601,25996,"TELEVISOR 32"" 32S6500S HD LED SEMP TCL       "
20200106,21077601,21653,SUPORTE TV UNIVERSAL LCD/LED 10 A 71 SBRUB750
20200106,22066801,21653,SUPORTE TV UNIVERSAL LCD/LED 10 A 71 SBRUB750
20200106,18954101,21653,SUPORTE TV UNIVERSAL LCD/LED 10 A 71 SBRUB750
20200106,9OJYI601,21653,SUPORTE TV UNIVERSAL LCD/LED 10 A 71 SBRUB750
20200106,9OHXDF01,21653,SUPORTE TV UNIVERSAL LCD/LED 10 A 71 SBRUB750
20200106,9OH9L501,21653,SUPORTE TV UNIVERSAL LCD/LED 10 A 71 SBRUB750
20200106,99K3V501,25996,"TELEVISOR 32"" 32S6500S HD LED SEMP TCL       "
20200106,9OH9L501,26326,"TELEVISOR SMART 50"" 50P8M 4K UHD BLT SEMP TCL"
20200106,42221501,25354,"TELEVISOR SMART 32"" UN32J4290 SAMSUNG        "
20200106,42221501,21653,SUPORTE TV UNIVERSAL LCD/LED 10 A 71 SBRUB750
20200106,99J0YL01,26243,SUPORTE UNIV. BEDIN BU-25                    
20200106,77065401,21653,SUPORTE TV UNIVERSAL LCD/LED 10 A 71 SBRUB750
20200106,51128601,26243,SUPORTE UNIV. BEDIN BU-25                    
20200106,05153201,21653,SUPORTE TV UNIVERSAL LCD/LED 10 A 71 SBRUB750
20200106,05153201,25355,"TELEVISOR SMART 43"" UN43J5290 SAMSUNG        "
20200106,05777201,21653,SUPORTE TV UNIVERSAL LCD/LED 10 A 71 SBRUB750
20200106,9OGQF701,21653,SUPORTE TV UNIVERSAL LCD/LED 10 A 71 SBRUB750
20200106,9O2DCP01,21653,SUPORTE TV UNIVERSAL LCD/LED 10 A 71 SBRUB750
20200106,9O3MK401,26574,SMARTPHONE SAMSUNG GAL A30S 64GB BRANCO      
20200106,99MKQL01,26243,SUPORTE UNIV. BEDIN BU-25                    
20200106,99N1OG01,21653,SUPORTE TV UNIVERSAL LCD/LED 10 A 71 SBRUB750
20200106,99IA7601,21653,SUPORTE TV UNIVERSAL LCD/LED 10 A 71 SBRUB750
20200106,99EEE601,15712,SUPORTE PRETO TV LCD 10 A 55 ART.SBRP120     
20200106,99EEE601,25355,"TELEVISOR SMART 43"" UN43J5290 SAMSUNG        "
20200106,20801701,21653,SUPORTE TV UNIVERSAL LCD/LED 10 A 71 SBRUB750
20200106,72487101,25727,SMARTPHONE SAMSUNG GAL J2 CORE 16GB PRATA    
20200106,89608701,21653,SUPORTE TV UNIVERSAL LCD/LED 10 A 71 SBRUB750
20200106,99078101,21653,SUPORTE TV UNIVERSAL LCD/LED 10 A 71 SBRUB750
20200106,21212101,22618,CELULAR RIU-I R200 DB PRETO-AMARELO          
20200105,99FYB801,21653,SUPORTE TV UNIVERSAL LCD/LED 10 A 71 SBRUB750
20200105,52719001,21653,SUPORTE TV UNIVERSAL LCD/LED 10 A 71 SBRUB750
20200105,9OLKY101,21653,SUPORTE TV UNIVERSAL LCD/LED 10 A 71 SBRUB750
20200104,89608701,26243,SUPORTE UNIV. BEDIN BU-25                    
20200104,72975301,23725,AUTO RADIO DVH7880                           
20200104,95531001,21653,SUPORTE TV UNIVERSAL LCD/LED 10 A 71 SBRUB750
20200104,46687201,25729,SMARTPHONE SAMSUNG GAL J4 CORE 16GB COBRE    
20200104,22047601,25996,"TELEVISOR 32"" 32S6500S HD LED SEMP TCL       "
20200104,92897901,21653,SUPORTE TV UNIVERSAL LCD/LED 10 A 71 SBRUB750
20200104,9ONMEE01,21653,SUPORTE TV UNIVERSAL LCD/LED 10 A 71 SBRUB750
20200104,9O37BS01,21653,SUPORTE TV UNIVERSAL LCD/LED 10 A 71 SBRUB750
20200104,92888301,25355,"TELEVISOR SMART 43"" UN43J5290 SAMSUNG        "
20200104,04220701,25981,SMARTPHONE SAMSUNG GAL A10  A105 32GB PRETO  
20200104,9O05J501,21653,SUPORTE TV UNIVERSAL LCD/LED 10 A 71 SBRUB750
20200104,77674401,25355,"TELEVISOR SMART 43"" UN43J5290 SAMSUNG        "
20200104,77674401,21653,SUPORTE TV UNIVERSAL LCD/LED 10 A 71 SBRUB750
20200104,9OBX8Q01,26243,SUPORTE UNIV. BEDIN BU-25                    
20200104,78847501,25243,PEN DRIVE 16GB PD688 TWIST ROSA MULTILASER   
20200104,9OK68701,25728,SMARTPHONE SAMSUNG GAL J4 CORE 16GB PRETO    
20200104,9OK5AM01,25996,"TELEVISOR 32"" 32S6500S HD LED SEMP TCL       "
20200104,9OK5AM01,21653,SUPORTE TV UNIVERSAL LCD/LED 10 A 71 SBRUB750
20200104,9OHWZ601,26222,CELULAR INFINITY W201 PRETO                  
20200104,99GXT001,21653,SUPORTE TV UNIVERSAL LCD/LED 10 A 71 SBRUB750
20200104,12533901,21653,SUPORTE TV UNIVERSAL LCD/LED 10 A 71 SBRUB750
20200104,99EA6C01,21653,SUPORTE TV UNIVERSAL LCD/LED 10 A 71 SBRUB750
20200104,04432901,26423,CAIXA AMPLIFICADA CM-09 CONNECT DJ CONTROLLER
20200104,97364001,21653,SUPORTE TV UNIVERSAL LCD/LED 10 A 71 SBRUB750
20200104,99EUHH01,25726,SMARTPHONE SAMSUNG GAL J2 CORE 16GB PRETO    
20200104,14842501,21653,SUPORTE TV UNIVERSAL LCD/LED 10 A 71 SBRUB750
20200104,03609001,21653,SUPORTE TV UNIVERSAL LCD/LED 10 A 71 SBRUB750
20200104,99LH7H01,26572,SMARTPHONE SAMSUNG GAL A20S 32GB VERMELHO    
20200104,13927201,21653,SUPORTE TV UNIVERSAL LCD/LED 10 A 71 SBRUB750
20200104,22243701,21653,SUPORTE TV UNIVERSAL LCD/LED 10 A 71 SBRUB750
20200104,22243701,25355,"TELEVISOR SMART 43"" UN43J5290 SAMSUNG        "
20200104,12576701,25728,SMARTPHONE SAMSUNG GAL J4 CORE 16GB PRETO    
20200104,99F28Z01,25727,SMARTPHONE SAMSUNG GAL J2 CORE 16GB PRATA    
20200104,35392301,25354,"TELEVISOR SMART 32"" UN32J4290 SAMSUNG        "
20200104,35392301,21653,SUPORTE TV UNIVERSAL LCD/LED 10 A 71 SBRUB750
20200104,99G4UZ01,26243,SUPORTE UNIV. BEDIN BU-25                    
20200104,99FDXI01,21653,SUPORTE TV UNIVERSAL LCD/LED 10 A 71 SBRUB750
20200104,15767101,21653,SUPORTE TV UNIVERSAL LCD/LED 10 A 71 SBRUB750
20200104,99E8WV01,21653,SUPORTE TV UNIVERSAL LCD/LED 10 A 71 SBRUB750
20200104,73859801,26423,CAIXA AMPLIFICADA CM-09 CONNECT DJ CONTROLLER
20200104,99A6AA01,21653,SUPORTE TV UNIVERSAL LCD/LED 10 A 71 SBRUB750
20200104,99A6AA01,26590,RADIO PORTATIL TR04B C/CD/BLUETOOTH SEMP     
20200104,999PZG01,21653,SUPORTE TV UNIVERSAL LCD/LED 10 A 71 SBRUB750
20200104,9O326701,21653,SUPORTE TV UNIVERSAL LCD/LED 10 A 71 SBRUB750
20200104,9NYTS101,26003,SMARTPHONE SAMSUNG GAL A20  A205 32GB PRETO  
20200104,9ODM9501,26243,SUPORTE UNIV. BEDIN BU-25                    
20200104,9O849301,25354,"TELEVISOR SMART 32"" UN32J4290 SAMSUNG        "
20200104,9O849301,21653,SUPORTE TV UNIVERSAL LCD/LED 10 A 71 SBRUB750
20200104,9O849301,26243,SUPORTE UNIV. BEDIN BU-25                    
20200104,9O6RYE01,21653,SUPORTE TV UNIVERSAL LCD/LED 10 A 71 SBRUB750
20200104,9O6RYE01,25996,"TELEVISOR 32"" 32S6500S HD LED SEMP TCL       "
20200104,97851601,21653,SUPORTE TV UNIVERSAL LCD/LED 10 A 71 SBRUB750
20200104,99AA4T01,21653,SUPORTE TV UNIVERSAL LCD/LED 10 A 71 SBRUB750
20200104,99HOHP01,25982,SMARTPHONE SAMSUNG GAL A10  A105 32GB AZUL   
20200104,9O38JE01,21653,SUPORTE TV UNIVERSAL LCD/LED 10 A 71 SBRUB750
20200104,999UG401,25355,"TELEVISOR SMART 43"" UN43J5290 SAMSUNG        "
20200104,999UG401,21653,SUPORTE TV UNIVERSAL LCD/LED 10 A 71 SBRUB750
20200104,11032101,26325,"TELEVISOR SMART 43"" 43S5300 HD BLUET SEMP TCL"
20200104,11032101,21653,SUPORTE TV UNIVERSAL LCD/LED 10 A 71 SBRUB750
20200104,05708501,26327,"TELEVISOR SMART 55"" 55P8M 4K UHD BLT SEMP TCL"
20200104,05708501,21653,SUPORTE TV UNIVERSAL LCD/LED 10 A 71 SBRUB750
20200104,10507701,21653,SUPORTE TV UNIVERSAL LCD/LED 10 A 71 SBRUB750
20200104,45624101,21653,SUPORTE TV UNIVERSAL LCD/LED 10 A 71 SBRUB750
20200104,99EQMW01,21653,SUPORTE TV UNIVERSAL LCD/LED 10 A 71 SBRUB750
20200104,9O51SD01,25728,SMARTPHONE SAMSUNG GAL J4 CORE 16GB PRETO    
20200104,44374301,21653,SUPORTE TV UNIVERSAL LCD/LED 10 A 71 SBRUB750
20200104,44374301,23376,"TELEVISOR SMART 48"" KDL-48W655D SONY         "
20200104,99IGUP01,25354,"TELEVISOR SMART 32"" UN32J4290 SAMSUNG        "
20200104,99IGUP01,21653,SUPORTE TV UNIVERSAL LCD/LED 10 A 71 SBRUB750
20200104,25207601,26423,CAIXA AMPLIFICADA CM-09 CONNECT DJ CONTROLLER
20200104,06500801,21653,SUPORTE TV UNIVERSAL LCD/LED 10 A 71 SBRUB750
20200104,999RF801,21653,SUPORTE TV UNIVERSAL LCD/LED 10 A 71 SBRUB750
20200104,9OHEF501,21653,SUPORTE TV UNIVERSAL LCD/LED 10 A 71 SBRUB750
20200104,9NZXSV01,21653,SUPORTE TV UNIVERSAL LCD/LED 10 A 71 SBRUB750
20200104,9NY6VM01,21653,SUPORTE TV UNIVERSAL LCD/LED 10 A 71 SBRUB750
20200104,62760801,21653,SUPORTE TV UNIVERSAL LCD/LED 10 A 71 SBRUB750
20200104,99LN8J01,22978,CONJ.SC-AKX100LBK PANASONIC                  
20200104,99JW9A01,25996,"TELEVISOR 32"" 32S6500S HD LED SEMP TCL       "
20200104,99JW9A01,21653,SUPORTE TV UNIVERSAL LCD/LED 10 A 71 SBRUB750
20200104,99J7SV01,21653,SUPORTE TV UNIVERSAL LCD/LED 10 A 71 SBRUB750
20200104,02206001,21653,SUPORTE TV UNIVERSAL LCD/LED 10 A 71 SBRUB750
20200104,02206001,26327,"TELEVISOR SMART 55"" 55P8M 4K UHD BLT SEMP TCL"
20200104,9O7AKL01,21653,SUPORTE TV UNIVERSAL LCD/LED 10 A 71 SBRUB750
20200104,YYZ82601,21653,SUPORTE TV UNIVERSAL LCD/LED 10 A 71 SBRUB750
20200104,YYZ8HA01,21653,SUPORTE TV UNIVERSAL LCD/LED 10 A 71 SBRUB750
20200104,YYZ7ZQ01,21653,SUPORTE TV UNIVERSAL LCD/LED 10 A 71 SBRUB750
20200104,YYZ84Y01,25355,"TELEVISOR SMART 43"" UN43J5290 SAMSUNG        "
20200104,YYZ84Y01,21653,SUPORTE TV UNIVERSAL LCD/LED 10 A 71 SBRUB750
20200104,YYZ7Y801,21653,SUPORTE TV UNIVERSAL LCD/LED 10 A 71 SBRUB750
20200104,YYZ82C01,26327,"TELEVISOR SMART 55"" 55P8M 4K UHD BLT SEMP TCL"
20200104,YYZ82C01,21653,SUPORTE TV UNIVERSAL LCD/LED 10 A 71 SBRUB750
20200103,52355501,21653,SUPORTE TV UNIVERSAL LCD/LED 10 A 71 SBRUB750
20200103,99C1JL01,21653,SUPORTE TV UNIVERSAL LCD/LED 10 A 71 SBRUB750
20200103,99C1JL01,25355,"TELEVISOR SMART 43"" UN43J5290 SAMSUNG        "
20200103,99ECJB01,21653,SUPORTE TV UNIVERSAL LCD/LED 10 A 71 SBRUB750
20200103,24314001,21653,SUPORTE TV UNIVERSAL LCD/LED 10 A 71 SBRUB750
20200103,21410301,25997,"TELEVISOR 40"" 40S6500FS HD LED SEMP TCL      "
20200103,21410301,21653,SUPORTE TV UNIVERSAL LCD/LED 10 A 71 SBRUB750
20200103,99DQIG01,21653,SUPORTE TV UNIVERSAL LCD/LED 10 A 71 SBRUB750
20200103,99DQIG01,25996,"TELEVISOR 32"" 32S6500S HD LED SEMP TCL       "
20200103,99DLM401,20966,PEN DRIVE 32GB PD589 TWIST PRETO             
20200103,57096201,21653,SUPORTE TV UNIVERSAL LCD/LED 10 A 71 SBRUB750
20200103,14628101,21653,SUPORTE TV UNIVERSAL LCD/LED 10 A 71 SBRUB750
20200103,14628101,25354,"TELEVISOR SMART 32"" UN32J4290 SAMSUNG        "
20200103,32586401,21653,SUPORTE TV UNIVERSAL LCD/LED 10 A 71 SBRUB750
20200103,99HAN701,21653,SUPORTE TV UNIVERSAL LCD/LED 10 A 71 SBRUB750
20200103,99HAN701,25355,"TELEVISOR SMART 43"" UN43J5290 SAMSUNG        "
20200103,99902301,21653,SUPORTE TV UNIVERSAL LCD/LED 10 A 71 SBRUB750
20200103,9NXAHV01,21653,SUPORTE TV UNIVERSAL LCD/LED 10 A 71 SBRUB750
20200103,99MPKQ01,25996,"TELEVISOR 32"" 32S6500S HD LED SEMP TCL       "
20200103,YYZ7CX01,21653,SUPORTE TV UNIVERSAL LCD/LED 10 A 71 SBRUB750
20200103,YYZ7CX01,25996,"TELEVISOR 32"" 32S6500S HD LED SEMP TCL       "
20200103,99KEFE01,26324,"TELEVISOR SMART 32"" 32S5300 HD BLUET SEMP TCL"
20200103,99KEFE01,21653,SUPORTE TV UNIVERSAL LCD/LED 10 A 71 SBRUB750
20200103,9OF4RE01,25996,"TELEVISOR 32"" 32S6500S HD LED SEMP TCL       "
20200103,9OGVG401,21653,SUPORTE TV UNIVERSAL LCD/LED 10 A 71 SBRUB750
20200103,9OGVG401,25545,"TELEVISOR SMART 40"" TC40FS600B PANASONIC     "
20200103,9ODM8P01,26583,SMARTPHONE MOTOROLA MOTO G8 PLUS 64GB AZUL SF
20200103,9O8C6P01,21653,SUPORTE TV UNIVERSAL LCD/LED 10 A 71 SBRUB750
20200103,9O8C6P01,25355,"TELEVISOR SMART 43"" UN43J5290 SAMSUNG        "
20200103,9O8QDX01,21653,SUPORTE TV UNIVERSAL LCD/LED 10 A 71 SBRUB750
20200103,9O8QDX01,25998,"TELEVISOR 43"" 43S6500FS FULL HD SEMP TCL     "
20200103,9OBKYF01,21653,SUPORTE TV UNIVERSAL LCD/LED 10 A 71 SBRUB750
20200103,9O41ES01,21653,SUPORTE TV UNIVERSAL LCD/LED 10 A 71 SBRUB750
20200103,9O87FY01,25241,PEN DRIVE MC162 2X1 LEITOR USB SD 16GB       
20200103,43561501,25354,"TELEVISOR SMART 32"" UN32J4290 SAMSUNG        "
20200103,43561501,21653,SUPORTE TV UNIVERSAL LCD/LED 10 A 71 SBRUB750
20200103,99G3GE01,21653,SUPORTE TV UNIVERSAL LCD/LED 10 A 71 SBRUB750
20200103,19993301,26003,SMARTPHONE SAMSUNG GAL A20  A205 32GB PRETO  
20200103,9OJIQG01,26327,"TELEVISOR SMART 55"" 55P8M 4K UHD BLT SEMP TCL"
20200103,9OJIQG01,21653,SUPORTE TV UNIVERSAL LCD/LED 10 A 71 SBRUB750
20200103,28614501,21653,SUPORTE TV UNIVERSAL LCD/LED 10 A 71 SBRUB750
20200103,92977701,21653,SUPORTE TV UNIVERSAL LCD/LED 10 A 71 SBRUB750
20200103,92977701,25354,"TELEVISOR SMART 32"" UN32J4290 SAMSUNG        "
20200103,79731801,26386,SMARTPHONE LG K8 PLUS AZUL                   
20200103,90065101,25676,SMARTPHONE MOTOROLA MOTO G7 PLAY XT1952-5 DR 
20200103,99ESOS01,24850,ROTEADOR RE058 150MBPS 1 ANT.4PTS.LAN        
20200103,98203901,21653,SUPORTE TV UNIVERSAL LCD/LED 10 A 71 SBRUB750
20200103,9O4VR901,21653,SUPORTE TV UNIVERSAL LCD/LED 10 A 71 SBRUB750
20200103,9O4VR901,21653,SUPORTE TV UNIVERSAL LCD/LED 10 A 71 SBRUB750
20200103,99C1TF01,26243,SUPORTE UNIV. BEDIN BU-25                    
20200103,99C1TF01,21653,SUPORTE TV UNIVERSAL LCD/LED 10 A 71 SBRUB750
20200103,99N65S01,21653,SUPORTE TV UNIVERSAL LCD/LED 10 A 71 SBRUB750
20200103,99N65S01,26327,"TELEVISOR SMART 55"" 55P8M 4K UHD BLT SEMP TCL"
20200103,99B5DA01,25726,SMARTPHONE SAMSUNG GAL J2 CORE 16GB PRETO    
20200103,9O22Q401,21653,SUPORTE TV UNIVERSAL LCD/LED 10 A 71 SBRUB750
20200103,99ESOS01,25729,SMARTPHONE SAMSUNG GAL J4 CORE 16GB COBRE    
20200103,15072501,26324,"TELEVISOR SMART 32"" 32S5300 HD BLUET SEMP TCL"
20200103,15072501,25481,SMARTPHONE LG K9 TV LM-X210BMW DOURADO       
20200103,15072501,21653,SUPORTE TV UNIVERSAL LCD/LED 10 A 71 SBRUB750
20200103,02409401,21653,SUPORTE TV UNIVERSAL LCD/LED 10 A 71 SBRUB750
20200103,99EZHP01,25996,"TELEVISOR 32"" 32S6500S HD LED SEMP TCL       "
20200103,99EZHP01,21653,SUPORTE TV UNIVERSAL LCD/LED 10 A 71 SBRUB750
20200103,04179001,25996,"TELEVISOR 32"" 32S6500S HD LED SEMP TCL       "
20200103,19954201,21653,SUPORTE TV UNIVERSAL LCD/LED 10 A 71 SBRUB750
20200103,99D9UR01,21653,SUPORTE TV UNIVERSAL LCD/LED 10 A 71 SBRUB750
20200103,9OLKY101,20599,ROTEADOR RE160 300 MBPS NOVO (05)            
20200103,9OQKSS01,26423,CAIXA AMPLIFICADA CM-09 CONNECT DJ CONTROLLER
20200103,99EV0M01,26243,SUPORTE UNIV. BEDIN BU-25                    
20200103,00289301,21653,SUPORTE TV UNIVERSAL LCD/LED 10 A 71 SBRUB750
20200103,99DP4501,25354,"TELEVISOR SMART 32"" UN32J4290 SAMSUNG        "
20200103,99DP4501,21653,SUPORTE TV UNIVERSAL LCD/LED 10 A 71 SBRUB750
20200103,90721301,21653,SUPORTE TV UNIVERSAL LCD/LED 10 A 71 SBRUB750
20200103,91291801,21653,SUPORTE TV UNIVERSAL LCD/LED 10 A 71 SBRUB750
20200103,999TFZ01,25981,SMARTPHONE SAMSUNG GAL A10  A105 32GB PRETO  
20200103,81655001,25727,SMARTPHONE SAMSUNG GAL J2 CORE 16GB PRATA    
20200103,81655001,25726,SMARTPHONE SAMSUNG GAL J2 CORE 16GB PRETO    
20200103,99JWJ701,25726,SMARTPHONE SAMSUNG GAL J2 CORE 16GB PRETO    
20200103,99KOP501,21653,SUPORTE TV UNIVERSAL LCD/LED 10 A 71 SBRUB750
20200103,99H1E201,25355,"TELEVISOR SMART 43"" UN43J5290 SAMSUNG        "
20200103,99H1E201,21653,SUPORTE TV UNIVERSAL LCD/LED 10 A 71 SBRUB750
20200103,13297101,26003,SMARTPHONE SAMSUNG GAL A20  A205 32GB PRETO  
20200103,999C9C01,26423,CAIXA AMPLIFICADA CM-09 CONNECT DJ CONTROLLER
20200103,999IHH01,21653,SUPORTE TV UNIVERSAL LCD/LED 10 A 71 SBRUB750
20200103,99PVK201,21653,SUPORTE TV UNIVERSAL LCD/LED 10 A 71 SBRUB750
20200103,9NWKVY01,21653,SUPORTE TV UNIVERSAL LCD/LED 10 A 71 SBRUB750
20200103,99MCGQ01,25354,"TELEVISOR SMART 32"" UN32J4290 SAMSUNG        "
20200103,99MCGQ01,21653,SUPORTE TV UNIVERSAL LCD/LED 10 A 71 SBRUB750
20200103,9OOPFH01,21653,SUPORTE TV UNIVERSAL LCD/LED 10 A 71 SBRUB750
20200103,9OGTWI01,25996,"TELEVISOR 32"" 32S6500S HD LED SEMP TCL       "
20200103,9OGTWI01,21653,SUPORTE TV UNIVERSAL LCD/LED 10 A 71 SBRUB750
20200103,9O6HBV01,21653,SUPORTE TV UNIVERSAL LCD/LED 10 A 71 SBRUB750
20200103,9O4NCP01,21653,SUPORTE TV UNIVERSAL LCD/LED 10 A 71 SBRUB750
20200103,14600701,21653,SUPORTE TV UNIVERSAL LCD/LED 10 A 71 SBRUB750
20200103,99EN5Y01,21653,SUPORTE TV UNIVERSAL LCD/LED 10 A 71 SBRUB750
20200103,9ODSHK01,21653,SUPORTE TV UNIVERSAL LCD/LED 10 A 71 SBRUB750
20200103,32945001,21653,SUPORTE TV UNIVERSAL LCD/LED 10 A 71 SBRUB750
20200103,31918301,21653,SUPORTE TV UNIVERSAL LCD/LED 10 A 71 SBRUB750
20200103,99E6OP01,26004,SMARTPHONE SAMSUNG GAL A20  A205 32GB AZUL   
20200103,99MH6M01,21653,SUPORTE TV UNIVERSAL LCD/LED 10 A 71 SBRUB750
20200103,06660201,21653,SUPORTE TV UNIVERSAL LCD/LED 10 A 71 SBRUB750
20200103,95178401,25729,SMARTPHONE SAMSUNG GAL J4 CORE 16GB COBRE    
20200103,97934701,21653,SUPORTE TV UNIVERSAL LCD/LED 10 A 71 SBRUB750
20200103,12672901,21653,SUPORTE TV UNIVERSAL LCD/LED 10 A 71 SBRUB750
20200103,02508801,21653,SUPORTE TV UNIVERSAL LCD/LED 10 A 71 SBRUB750
20200103,18625401,25996,"TELEVISOR 32"" 32S6500S HD LED SEMP TCL       "
20200103,18625401,21653,SUPORTE TV UNIVERSAL LCD/LED 10 A 71 SBRUB750
20200103,90208701,26574,SMARTPHONE SAMSUNG GAL A30S 64GB BRANCO      
20200103,99LGFS01,21653,SUPORTE TV UNIVERSAL LCD/LED 10 A 71 SBRUB750
20200103,99MI3U01,25355,"TELEVISOR SMART 43"" UN43J5290 SAMSUNG        "
20200103,99MI3U01,21653,SUPORTE TV UNIVERSAL LCD/LED 10 A 71 SBRUB750
20200103,99M0ZV01,21653,SUPORTE TV UNIVERSAL LCD/LED 10 A 71 SBRUB750
20200103,99N33B01,21653,SUPORTE TV UNIVERSAL LCD/LED 10 A 71 SBRUB750
20200103,99L2WX01,21653,SUPORTE TV UNIVERSAL LCD/LED 10 A 71 SBRUB750
20200103,99L2WX01,26243,SUPORTE UNIV. BEDIN BU-25                    
20200103,99POY301,21653,SUPORTE TV UNIVERSAL LCD/LED 10 A 71 SBRUB750
20200103,99N33B01,25355,"TELEVISOR SMART 43"" UN43J5290 SAMSUNG        "
20200103,04789801,22618,CELULAR RIU-I R200 DB PRETO-AMARELO          
20200103,9OOTF601,21653,SUPORTE TV UNIVERSAL LCD/LED 10 A 71 SBRUB750
20200103,99EB6K01,26528,SMARTPHONE LG K40S LMX430 BMW AZUL           
20200103,9OHEF501,24335,"TELEVISOR SMART 43"" L43S4900FS SEMP TCL      "
20200103,95601101,21653,SUPORTE TV UNIVERSAL LCD/LED 10 A 71 SBRUB750
20200103,95601101,25355,"TELEVISOR SMART 43"" UN43J5290 SAMSUNG        "
20200103,30279001,25996,"TELEVISOR 32"" 32S6500S HD LED SEMP TCL       "
20200103,30279001,21653,SUPORTE TV UNIVERSAL LCD/LED 10 A 71 SBRUB750
20200103,YYZ7O101,21653,SUPORTE TV UNIVERSAL LCD/LED 10 A 71 SBRUB750
20200103,YYZ7O101,25355,"TELEVISOR SMART 43"" UN43J5290 SAMSUNG        "
20200103,9NY6VM01,26005,SMARTPHONE SAMSUNG GAL A20  A205 32GB VERM   
20200103,9O4M8G01,21653,SUPORTE TV UNIVERSAL LCD/LED 10 A 71 SBRUB750
20200103,99NCY101,26326,"TELEVISOR SMART 50"" 50P8M 4K UHD BLT SEMP TCL"
20200103,17036201,25582,SMARTPHONE LG K11 PLUS DB DOURADO            
20200103,YYZ72X01,21653,SUPORTE TV UNIVERSAL LCD/LED 10 A 71 SBRUB750
20200103,YYZ74Z01,21653,SUPORTE TV UNIVERSAL LCD/LED 10 A 71 SBRUB750
20200103,YYZ6ZV01,26324,"TELEVISOR SMART 32"" 32S5300 HD BLUET SEMP TCL"
20200103,YYZ6ZV01,21653,SUPORTE TV UNIVERSAL LCD/LED 10 A 71 SBRUB750
20200103,000UAB01,26243,SUPORTE UNIV. BEDIN BU-25                    
20200103,YYZ7G101,21653,SUPORTE TV UNIVERSAL LCD/LED 10 A 71 SBRUB750
20200103,9ODR8B01,21653,SUPORTE TV UNIVERSAL LCD/LED 10 A 71 SBRUB750
20200103,YYZ5E901,21653,SUPORTE TV UNIVERSAL LCD/LED 10 A 71 SBRUB750
20200103,YYZ52Y01,21653,SUPORTE TV UNIVERSAL LCD/LED 10 A 71 SBRUB750
20200103,YYZ76O01,21653,SUPORTE TV UNIVERSAL LCD/LED 10 A 71 SBRUB750
20200103,YYZ76O01,25738,"TELEVISOR SMART 43"" PTV43E60SN LED PHILCO    "
20200103,YYZ7H301,21653,SUPORTE TV UNIVERSAL LCD/LED 10 A 71 SBRUB750
20200103,YYZ7GH01,25355,"TELEVISOR SMART 43"" UN43J5290 SAMSUNG        "
20200103,YYZ7GH01,21653,SUPORTE TV UNIVERSAL LCD/LED 10 A 71 SBRUB750
20200103,YYZ6U201,21653,SUPORTE TV UNIVERSAL LCD/LED 10 A 71 SBRUB750
20200103,YYZ7C801,21653,SUPORTE TV UNIVERSAL LCD/LED 10 A 71 SBRUB750
20200102,9OIUOS01,26387,SMARTPHONE LG K8 PLUS PLATINUM               
20200102,9OIUOS01,26386,SMARTPHONE LG K8 PLUS AZUL                   
20200102,42438701,26327,"TELEVISOR SMART 55"" 55P8M 4K UHD BLT SEMP TCL"
20200102,00120401,21653,SUPORTE TV UNIVERSAL LCD/LED 10 A 71 SBRUB750
20200102,10536701,25355,"TELEVISOR SMART 43"" UN43J5290 SAMSUNG        "
20200102,10536701,21653,SUPORTE TV UNIVERSAL LCD/LED 10 A 71 SBRUB750
20200102,37661901,21653,SUPORTE TV UNIVERSAL LCD/LED 10 A 71 SBRUB750
20200102,99JD4G01,25729,SMARTPHONE SAMSUNG GAL J4 CORE 16GB COBRE    
20200102,9O7RHR01,26243,SUPORTE UNIV. BEDIN BU-25                    
20200102,9O6JRU01,21653,SUPORTE TV UNIVERSAL LCD/LED 10 A 71 SBRUB750
20200102,9OCP0X01,21653,SUPORTE TV UNIVERSAL LCD/LED 10 A 71 SBRUB750
20200102,9OBDQW01,21653,SUPORTE TV UNIVERSAL LCD/LED 10 A 71 SBRUB750
20200102,13486401,26326,"TELEVISOR SMART 50"" 50P8M 4K UHD BLT SEMP TCL"
20200102,9O0XBV01,21653,SUPORTE TV UNIVERSAL LCD/LED 10 A 71 SBRUB750
20200102,9O0XBV01,25354,"TELEVISOR SMART 32"" UN32J4290 SAMSUNG        "
20200102,02323401,21653,SUPORTE TV UNIVERSAL LCD/LED 10 A 71 SBRUB750
20200102,02323401,26327,"TELEVISOR SMART 55"" 55P8M 4K UHD BLT SEMP TCL"
20200102,999IKQ01,21653,SUPORTE TV UNIVERSAL LCD/LED 10 A 71 SBRUB750
20200102,13486401,21653,SUPORTE TV UNIVERSAL LCD/LED 10 A 71 SBRUB750
20200102,13486401,21647,DVD D-15 KARAOKE MONDIAL                     
20200102,9OEZ4S01,21653,SUPORTE TV UNIVERSAL LCD/LED 10 A 71 SBRUB750
20200102,38913501,21653,SUPORTE TV UNIVERSAL LCD/LED 10 A 71 SBRUB750
20200102,9OP5ZS01,21653,SUPORTE TV UNIVERSAL LCD/LED 10 A 71 SBRUB750
20200102,90330501,25996,"TELEVISOR 32"" 32S6500S HD LED SEMP TCL       "
20200102,90330501,21653,SUPORTE TV UNIVERSAL LCD/LED 10 A 71 SBRUB750
20200102,9OQGCM01,21653,SUPORTE TV UNIVERSAL LCD/LED 10 A 71 SBRUB750
20200102,999Q0701,21653,SUPORTE TV UNIVERSAL LCD/LED 10 A 71 SBRUB750
20200102,62585601,21653,SUPORTE TV UNIVERSAL LCD/LED 10 A 71 SBRUB750
20200102,90637801,25355,"TELEVISOR SMART 43"" UN43J5290 SAMSUNG        "
20200102,90637801,21653,SUPORTE TV UNIVERSAL LCD/LED 10 A 71 SBRUB750
20200102,65186501,21653,SUPORTE TV UNIVERSAL LCD/LED 10 A 71 SBRUB750
20200102,19828301,21653,SUPORTE TV UNIVERSAL LCD/LED 10 A 71 SBRUB750
20200102,18877401,21653,SUPORTE TV UNIVERSAL LCD/LED 10 A 71 SBRUB750
20200102,65231001,25996,"TELEVISOR 32"" 32S6500S HD LED SEMP TCL       "
20200102,65231001,21653,SUPORTE TV UNIVERSAL LCD/LED 10 A 71 SBRUB750
20200102,24326201,21653,SUPORTE TV UNIVERSAL LCD/LED 10 A 71 SBRUB750
20200102,21444101,21653,SUPORTE TV UNIVERSAL LCD/LED 10 A 71 SBRUB750
20200102,91909201,24335,"TELEVISOR SMART 43"" L43S4900FS SEMP TCL      "
20200102,91909201,21653,SUPORTE TV UNIVERSAL LCD/LED 10 A 71 SBRUB750
20200102,67947301,21653,SUPORTE TV UNIVERSAL LCD/LED 10 A 71 SBRUB750
20200102,9OL5XK01,21653,SUPORTE TV UNIVERSAL LCD/LED 10 A 71 SBRUB750
20200102,9OL5XK01,25354,"TELEVISOR SMART 32"" UN32J4290 SAMSUNG        "
20200102,99JUCH01,21653,SUPORTE TV UNIVERSAL LCD/LED 10 A 71 SBRUB750
20200102,99K32B01,25996,"TELEVISOR 32"" 32S6500S HD LED SEMP TCL       "
20200102,99K32B01,21653,SUPORTE TV UNIVERSAL LCD/LED 10 A 71 SBRUB750
20200102,99DA2201,21653,SUPORTE TV UNIVERSAL LCD/LED 10 A 71 SBRUB750
20200102,17906401,21653,SUPORTE TV UNIVERSAL LCD/LED 10 A 71 SBRUB750
20200102,9O2X5S01,21653,SUPORTE TV UNIVERSAL LCD/LED 10 A 71 SBRUB750
20200102,9O2X5S01,24372,"TELEVISOR SMART 32"" 32LJ600B LG              "
20200102,99QLS301,21653,SUPORTE TV UNIVERSAL LCD/LED 10 A 71 SBRUB750
20200102,9NXBTN01,25996,"TELEVISOR 32"" 32S6500S HD LED SEMP TCL       "
20200102,9NXBTN01,21653,SUPORTE TV UNIVERSAL LCD/LED 10 A 71 SBRUB750
20200102,51338201,25729,SMARTPHONE SAMSUNG GAL J4 CORE 16GB COBRE    
20200102,9OA0DP01,21653,SUPORTE TV UNIVERSAL LCD/LED 10 A 71 SBRUB750
20200102,9O4NCP01,25355,"TELEVISOR SMART 43"" UN43J5290 SAMSUNG        "
20200102,78489201,25933,TABLET NB304 M7 3G PLUS QUAD CORE PRETO      
20200102,78489201,21653,SUPORTE TV UNIVERSAL LCD/LED 10 A 71 SBRUB750
20200102,9NYCO801,21653,SUPORTE TV UNIVERSAL LCD/LED 10 A 71 SBRUB750
20200102,9NYCO801,25997,"TELEVISOR 40"" 40S6500FS HD LED SEMP TCL      "
20200102,11360801,24716,RECEPTOR MIDIA BOX HDTV B3                   
20200102,99NA7F01,21653,SUPORTE TV UNIVERSAL LCD/LED 10 A 71 SBRUB750
20200102,99NA7F01,24335,"TELEVISOR SMART 43"" L43S4900FS SEMP TCL      "
20200102,9O8B6101,21653,SUPORTE TV UNIVERSAL LCD/LED 10 A 71 SBRUB750
20200102,41896101,21653,SUPORTE TV UNIVERSAL LCD/LED 10 A 71 SBRUB750
20200102,9O2Z6P01,21653,SUPORTE TV UNIVERSAL LCD/LED 10 A 71 SBRUB750
20200102,9O2Z6P01,25355,"TELEVISOR SMART 43"" UN43J5290 SAMSUNG        "
20200102,59295001,21653,SUPORTE TV UNIVERSAL LCD/LED 10 A 71 SBRUB750
20200102,72806901,25996,"TELEVISOR 32"" 32S6500S HD LED SEMP TCL       "
20200102,67473301,26243,SUPORTE UNIV. BEDIN BU-25                    
20200102,67473301,21653,SUPORTE TV UNIVERSAL LCD/LED 10 A 71 SBRUB750
20200102,67473301,25355,"TELEVISOR SMART 43"" UN43J5290 SAMSUNG        "
20200102,70173701,21653,SUPORTE TV UNIVERSAL LCD/LED 10 A 71 SBRUB750
20200102,999RTV01,15713,SUPORTE PRETO TV LCD 10 A 55 BR ART SBRP130  
20200102,9ONFX001,19526,RADIO RECEPTOR 2 FXS RM PF25 PT              
20200102,38616001,21653,SUPORTE TV UNIVERSAL LCD/LED 10 A 71 SBRUB750
20200102,99K4T201,21653,SUPORTE TV UNIVERSAL LCD/LED 10 A 71 SBRUB750
20200102,YYZ6C501,21653,SUPORTE TV UNIVERSAL LCD/LED 10 A 71 SBRUB750
20200102,02803501,25354,"TELEVISOR SMART 32"" UN32J4290 SAMSUNG        "
20200102,02803501,19729,PEN DRIVE 8GB PD587 TWIST PRETO              
20200102,02803501,21653,SUPORTE TV UNIVERSAL LCD/LED 10 A 71 SBRUB750
20200102,YYZ65H01,21653,SUPORTE TV UNIVERSAL LCD/LED 10 A 71 SBRUB750
20200102,YYZ65H01,25354,"TELEVISOR SMART 32"" UN32J4290 SAMSUNG        "
20200102,YYZ5UO01,21653,SUPORTE TV UNIVERSAL LCD/LED 10 A 71 SBRUB750
20200102,YYZ61V01,21653,SUPORTE TV UNIVERSAL LCD/LED 10 A 71 SBRUB750
20200102,YYZ61V01,25303,"TELEVISOR SMART 32"" TC32FS500B PANASONIC     "
20200102,YYZ68601,21653,SUPORTE TV UNIVERSAL LCD/LED 10 A 71 SBRUB750
20200102,YYZ68601,25996,"TELEVISOR 32"" 32S6500S HD LED SEMP TCL       "
20200102,YYZ5RS01,26327,"TELEVISOR SMART 55"" 55P8M 4K UHD BLT SEMP TCL"
20200102,YYZ5RS01,21653,SUPORTE TV UNIVERSAL LCD/LED 10 A 71 SBRUB750
20200102,YYZ5ST01,21653,SUPORTE TV UNIVERSAL LCD/LED 10 A 71 SBRUB750
20200102,YYZ65901,21653,SUPORTE TV UNIVERSAL LCD/LED 10 A 71 SBRUB750
20200102,YYZ62401,21653,SUPORTE TV UNIVERSAL LCD/LED 10 A 71 SBRUB750
20200102,YYZ62401,26324,"TELEVISOR SMART 32"" 32S5300 HD BLUET SEMP TCL"
20200102,YYZ6L601,21653,SUPORTE TV UNIVERSAL LCD/LED 10 A 71 SBRUB750
20191231,YYYL0901,21653,SUPORTE TV UNIVERSAL LCD/LED 10 A 71 SBRUB750
20191231,YYZ5E901,25904,"TELEVISOR SMART 50"" UHD BT UN50RU7100 SAMSUNG"
20191231,99DFRE01,21653,SUPORTE TV UNIVERSAL LCD/LED 10 A 71 SBRUB750
20191231,28237001,21653,SUPORTE TV UNIVERSAL LCD/LED 10 A 71 SBRUB750
20191231,16169201,26004,SMARTPHONE SAMSUNG GAL A20  A205 32GB AZUL   
20191231,99CW1501,21653,SUPORTE TV UNIVERSAL LCD/LED 10 A 71 SBRUB750
20191231,99CW1501,25996,"TELEVISOR 32"" 32S6500S HD LED SEMP TCL       "
20191231,46653001,22507,ROTEADOR RE085 DUAL BAND 750MBPS 11AC        
20191231,98880201,21653,SUPORTE TV UNIVERSAL LCD/LED 10 A 71 SBRUB750
20191231,9OETOU01,21653,SUPORTE TV UNIVERSAL LCD/LED 10 A 71 SBRUB750
20191231,99KQJ701,19729,PEN DRIVE 8GB PD587 TWIST PRETO              
20191231,35420001,21653,SUPORTE TV UNIVERSAL LCD/LED 10 A 71 SBRUB750
20191231,9O5N7X01,25354,"TELEVISOR SMART 32"" UN32J4290 SAMSUNG        "
20191231,9O5N7X01,21653,SUPORTE TV UNIVERSAL LCD/LED 10 A 71 SBRUB750
20191231,99IHV401,21653,SUPORTE TV UNIVERSAL LCD/LED 10 A 71 SBRUB750
20191231,99IS2J01,26222,CELULAR INFINITY W201 PRETO                  
20191231,99LQFE01,25354,"TELEVISOR SMART 32"" UN32J4290 SAMSUNG        "
20191231,99LQFE01,21653,SUPORTE TV UNIVERSAL LCD/LED 10 A 71 SBRUB750
20191231,67182901,21653,SUPORTE TV UNIVERSAL LCD/LED 10 A 71 SBRUB750
20191231,67182901,25354,"TELEVISOR SMART 32"" UN32J4290 SAMSUNG        "
20191231,11165501,21653,SUPORTE TV UNIVERSAL LCD/LED 10 A 71 SBRUB750
20191231,99F2XR01,25303,"TELEVISOR SMART 32"" TC32FS500B PANASONIC     "
20191231,99F2XR01,21653,SUPORTE TV UNIVERSAL LCD/LED 10 A 71 SBRUB750
20191231,03132601,21603,DVD D-14 GAME STAR II MONDIAL                
20191231,98706201,21653,SUPORTE TV UNIVERSAL LCD/LED 10 A 71 SBRUB750
20191231,98706201,25996,"TELEVISOR 32"" 32S6500S HD LED SEMP TCL       "
20191231,67899801,21653,SUPORTE TV UNIVERSAL LCD/LED 10 A 71 SBRUB750
20191231,99C4TJ01,21653,SUPORTE TV UNIVERSAL LCD/LED 10 A 71 SBRUB750
20191231,999P5F01,21653,SUPORTE TV UNIVERSAL LCD/LED 10 A 71 SBRUB750
20191231,9OJDQV01,21653,SUPORTE TV UNIVERSAL LCD/LED 10 A 71 SBRUB750
20191231,48041401,26004,SMARTPHONE SAMSUNG GAL A20  A205 32GB AZUL   
20191231,21886601,25675,SMARTPHONE MOTOROLA MOTO G7 PLAY XT1952-5 IND
20191231,07205501,21653,SUPORTE TV UNIVERSAL LCD/LED 10 A 71 SBRUB750
20191231,07205501,25355,"TELEVISOR SMART 43"" UN43J5290 SAMSUNG        "
20191231,99J0YL01,21653,SUPORTE TV UNIVERSAL LCD/LED 10 A 71 SBRUB750
20191231,09503301,21653,SUPORTE TV UNIVERSAL LCD/LED 10 A 71 SBRUB750
20191231,9OEI7S01,21653,SUPORTE TV UNIVERSAL LCD/LED 10 A 71 SBRUB750
20191231,17094401,25904,"TELEVISOR SMART 50"" UHD BT UN50RU7100 SAMSUNG"
20191231,17094401,21653,SUPORTE TV UNIVERSAL LCD/LED 10 A 71 SBRUB750
20191231,24113501,25904,"TELEVISOR SMART 50"" UHD BT UN50RU7100 SAMSUNG"
20191231,24113501,21653,SUPORTE TV UNIVERSAL LCD/LED 10 A 71 SBRUB750
20191231,99HJCA01,25996,"TELEVISOR 32"" 32S6500S HD LED SEMP TCL       "
20191231,99HJCA01,21653,SUPORTE TV UNIVERSAL LCD/LED 10 A 71 SBRUB750
20191231,9O0DK001,26423,CAIXA AMPLIFICADA CM-09 CONNECT DJ CONTROLLER
20191231,9O0DK001,26423,CAIXA AMPLIFICADA CM-09 CONNECT DJ CONTROLLER
20191231,9O0DK001,26423,CAIXA AMPLIFICADA CM-09 CONNECT DJ CONTROLLER
20191231,17935101,26588,BOX LINE OCM 4112 PT ONEAL                   
20191231,17935101,21653,SUPORTE TV UNIVERSAL LCD/LED 10 A 71 SBRUB750
20191231,9OMVBU01,21653,SUPORTE TV UNIVERSAL LCD/LED 10 A 71 SBRUB750
20191231,9OMVBU01,21854,CELULAR BLU JENNY 2.8 T276 DB PRETO-AZUL     
20191231,9OMVBU01,25355,"TELEVISOR SMART 43"" UN43J5290 SAMSUNG        "
20191230,99C5UM01,21653,SUPORTE TV UNIVERSAL LCD/LED 10 A 71 SBRUB750
20191230,99C5UM01,26327,"TELEVISOR SMART 55"" 55P8M 4K UHD BLT SEMP TCL"
20191230,23301101,25997,"TELEVISOR 40"" 40S6500FS HD LED SEMP TCL      "
20191230,23301101,21653,SUPORTE TV UNIVERSAL LCD/LED 10 A 71 SBRUB750
20191230,33744101,21653,SUPORTE TV UNIVERSAL LCD/LED 10 A 71 SBRUB750
20191230,37560601,21653,SUPORTE TV UNIVERSAL LCD/LED 10 A 71 SBRUB750
20191230,99CVFN01,25904,"TELEVISOR SMART 50"" UHD BT UN50RU7100 SAMSUNG"
20191230,99CVFN01,21653,SUPORTE TV UNIVERSAL LCD/LED 10 A 71 SBRUB750
20191230,51925801,21653,SUPORTE TV UNIVERSAL LCD/LED 10 A 71 SBRUB750
20191230,99M5LM01,21653,SUPORTE TV UNIVERSAL LCD/LED 10 A 71 SBRUB750
20191230,99LMVH01,21653,SUPORTE TV UNIVERSAL LCD/LED 10 A 71 SBRUB750
20191230,99KKMB01,21653,SUPORTE TV UNIVERSAL LCD/LED 10 A 71 SBRUB750
20191230,99JGOK01,21653,SUPORTE TV UNIVERSAL LCD/LED 10 A 71 SBRUB750
20191230,99HKHM01,21653,SUPORTE TV UNIVERSAL LCD/LED 10 A 71 SBRUB750
20191230,99M0UN01,25996,"TELEVISOR 32"" 32S6500S HD LED SEMP TCL       "
20191230,99M0UN01,21653,SUPORTE TV UNIVERSAL LCD/LED 10 A 71 SBRUB750
20191230,9O5NTV01,25303,"TELEVISOR SMART 32"" TC32FS500B PANASONIC     "
20191230,9O5NTV01,21653,SUPORTE TV UNIVERSAL LCD/LED 10 A 71 SBRUB750
20191230,9O1QT401,21653,SUPORTE TV UNIVERSAL LCD/LED 10 A 71 SBRUB750
20191230,9OGG3V01,25354,"TELEVISOR SMART 32"" UN32J4290 SAMSUNG        "
20191230,9OGG3V01,21653,SUPORTE TV UNIVERSAL LCD/LED 10 A 71 SBRUB750
20191230,99DM5001,21653,SUPORTE TV UNIVERSAL LCD/LED 10 A 71 SBRUB750
20191230,22277701,25354,"TELEVISOR SMART 32"" UN32J4290 SAMSUNG        "
20191230,22277701,21653,SUPORTE TV UNIVERSAL LCD/LED 10 A 71 SBRUB750
20191230,9O0L9501,21653,SUPORTE TV UNIVERSAL LCD/LED 10 A 71 SBRUB750
20191230,99NBF401,21653,SUPORTE TV UNIVERSAL LCD/LED 10 A 71 SBRUB750
20191230,99NBF401,25904,"TELEVISOR SMART 50"" UHD BT UN50RU7100 SAMSUNG"
20191230,09503301,21653,SUPORTE TV UNIVERSAL LCD/LED 10 A 71 SBRUB750
20191230,00068801,25252,"TELEVISOR SMART 49"" S4900FS FULL HD SEMP TCL "
20191230,9OJA5F01,21653,SUPORTE TV UNIVERSAL LCD/LED 10 A 71 SBRUB750
20191230,9OJYS501,21653,SUPORTE TV UNIVERSAL LCD/LED 10 A 71 SBRUB750
20191230,9OIRRB01,25996,"TELEVISOR 32"" 32S6500S HD LED SEMP TCL       "
20191230,9OIRRB01,21653,SUPORTE TV UNIVERSAL LCD/LED 10 A 71 SBRUB750
20191230,9OHGMM01,21653,SUPORTE TV UNIVERSAL LCD/LED 10 A 71 SBRUB750
20191230,00068801,21653,SUPORTE TV UNIVERSAL LCD/LED 10 A 71 SBRUB750
20191230,98259101,21653,SUPORTE TV UNIVERSAL LCD/LED 10 A 71 SBRUB750
20191230,03187901,21653,SUPORTE TV UNIVERSAL LCD/LED 10 A 71 SBRUB750
20191230,03187901,25303,"TELEVISOR SMART 32"" TC32FS500B PANASONIC     "
20191230,99PT3X01,26005,SMARTPHONE SAMSUNG GAL A20  A205 32GB VERM   
20191230,99PT3X01,25983,SMARTPHONE SAMSUNG GAL A10  A105 32GB VERMELH
20191230,99CDOE01,21653,SUPORTE TV UNIVERSAL LCD/LED 10 A 71 SBRUB750
20191230,99CDOE01,25996,"TELEVISOR 32"" 32S6500S HD LED SEMP TCL       "
20191230,99EXO201,22506,ROTEADOR RE057 150MBPS 1 ANT.4PTS.LAN        
20191230,99EXO201,21653,SUPORTE TV UNIVERSAL LCD/LED 10 A 71 SBRUB750
20191230,99EXO201,25303,"TELEVISOR SMART 32"" TC32FS500B PANASONIC     "
20191230,99MF7801,21653,SUPORTE TV UNIVERSAL LCD/LED 10 A 71 SBRUB750
20191230,82091501,21653,SUPORTE TV UNIVERSAL LCD/LED 10 A 71 SBRUB750
20191230,64668101,21653,SUPORTE TV UNIVERSAL LCD/LED 10 A 71 SBRUB750
20191230,64668101,24335,"TELEVISOR SMART 43"" L43S4900FS SEMP TCL      "
20191230,98445601,21653,SUPORTE TV UNIVERSAL LCD/LED 10 A 71 SBRUB750
20191230,14490501,21653,SUPORTE TV UNIVERSAL LCD/LED 10 A 71 SBRUB750
20191230,90083901,26006,SMARTPHONE SAMSUNG GAL A30 A305 64GB PRETO   
20191230,96707101,21653,SUPORTE TV UNIVERSAL LCD/LED 10 A 71 SBRUB750
20191230,21849001,21653,SUPORTE TV UNIVERSAL LCD/LED 10 A 71 SBRUB750
20191230,11489901,21653,SUPORTE TV UNIVERSAL LCD/LED 10 A 71 SBRUB750
20191230,68254901,21653,SUPORTE TV UNIVERSAL LCD/LED 10 A 71 SBRUB750
20191230,21266201,21653,SUPORTE TV UNIVERSAL LCD/LED 10 A 71 SBRUB750
20191230,76852001,21653,SUPORTE TV UNIVERSAL LCD/LED 10 A 71 SBRUB750
20191230,99DMUI01,21653,SUPORTE TV UNIVERSAL LCD/LED 10 A 71 SBRUB750
20191230,13629101,25729,SMARTPHONE SAMSUNG GAL J4 CORE 16GB COBRE    
20191230,73844101,21653,SUPORTE TV UNIVERSAL LCD/LED 10 A 71 SBRUB750
20191230,99CCS101,21653,SUPORTE TV UNIVERSAL LCD/LED 10 A 71 SBRUB750
20191230,45342001,25871,SMARTPHONE LG K12 PLUS PRETO                 
20191230,999T7301,25998,"TELEVISOR 43"" 43S6500FS FULL HD SEMP TCL     "
20191230,99HAUT01,21653,SUPORTE TV UNIVERSAL LCD/LED 10 A 71 SBRUB750
20191230,99CY0K01,21653,SUPORTE TV UNIVERSAL LCD/LED 10 A 71 SBRUB750
20191230,99CY0K01,25904,"TELEVISOR SMART 50"" UHD BT UN50RU7100 SAMSUNG"
20191230,99CY0K01,26008,SMARTPHONE SAMSUNG GAL A30  A305 64GB BRANCO 
20191230,96891501,21653,SUPORTE TV UNIVERSAL LCD/LED 10 A 71 SBRUB750
20191230,17754601,21653,SUPORTE TV UNIVERSAL LCD/LED 10 A 71 SBRUB750
20191230,99IWFP01,26008,SMARTPHONE SAMSUNG GAL A30  A305 64GB BRANCO 
20191230,9NXF2I01,26387,SMARTPHONE LG K8 PLUS PLATINUM               
20191230,99ND3W01,21653,SUPORTE TV UNIVERSAL LCD/LED 10 A 71 SBRUB750
20191230,9O4U6H01,21653,SUPORTE TV UNIVERSAL LCD/LED 10 A 71 SBRUB750
20191230,9O3H8F01,26243,SUPORTE UNIV. BEDIN BU-25                    
20191230,9O0S2801,21653,SUPORTE TV UNIVERSAL LCD/LED 10 A 71 SBRUB750
20191230,9ODJ1W01,21653,SUPORTE TV UNIVERSAL LCD/LED 10 A 71 SBRUB750
20191230,9OB46V01,21653,SUPORTE TV UNIVERSAL LCD/LED 10 A 71 SBRUB750
20191230,45895701,21653,SUPORTE TV UNIVERSAL LCD/LED 10 A 71 SBRUB750
20191230,45895701,21653,SUPORTE TV UNIVERSAL LCD/LED 10 A 71 SBRUB750
20191230,13271801,21653,SUPORTE TV UNIVERSAL LCD/LED 10 A 71 SBRUB750
20191230,04558801,21653,SUPORTE TV UNIVERSAL LCD/LED 10 A 71 SBRUB750
20191230,04558801,25996,"TELEVISOR 32"" 32S6500S HD LED SEMP TCL       "
20191230,9OIFUQ01,21653,SUPORTE TV UNIVERSAL LCD/LED 10 A 71 SBRUB750
20191230,99DJM501,25172,SMARTPHONE LG K9 TV LM-X210BMW PRETO         
20191230,99J20801,21653,SUPORTE TV UNIVERSAL LCD/LED 10 A 71 SBRUB750
20191230,9O2O0K01,21653,SUPORTE TV UNIVERSAL LCD/LED 10 A 71 SBRUB750
20191230,99I6U101,21653,SUPORTE TV UNIVERSAL LCD/LED 10 A 71 SBRUB750
20191230,9O290N01,25355,"TELEVISOR SMART 43"" UN43J5290 SAMSUNG        "
20191230,9O290N01,21653,SUPORTE TV UNIVERSAL LCD/LED 10 A 71 SBRUB750
20191230,19244901,21653,SUPORTE TV UNIVERSAL LCD/LED 10 A 71 SBRUB750
20191230,19244901,25904,"TELEVISOR SMART 50"" UHD BT UN50RU7100 SAMSUNG"
20191230,99EK5Z01,21653,SUPORTE TV UNIVERSAL LCD/LED 10 A 71 SBRUB750
20191230,97696801,25303,"TELEVISOR SMART 32"" TC32FS500B PANASONIC     "
20191230,97696801,21653,SUPORTE TV UNIVERSAL LCD/LED 10 A 71 SBRUB750
20191230,95249801,26386,SMARTPHONE LG K8 PLUS AZUL                   
20191230,95249801,25738,"TELEVISOR SMART 43"" PTV43E60SN LED PHILCO    "
20191230,95249801,21653,SUPORTE TV UNIVERSAL LCD/LED 10 A 71 SBRUB750
20191230,9NWIF501,26328,CAIXA BLUETOOTH BS12A 12W SEMP TCL           
20191230,9NWIF501,21653,SUPORTE TV UNIVERSAL LCD/LED 10 A 71 SBRUB750
20191230,52139301,21653,SUPORTE TV UNIVERSAL LCD/LED 10 A 71 SBRUB750
20191230,9O4Q4R01,21653,SUPORTE TV UNIVERSAL LCD/LED 10 A 71 SBRUB750
20191230,97136401,21653,SUPORTE TV UNIVERSAL LCD/LED 10 A 71 SBRUB750
20191230,97136401,26325,"TELEVISOR SMART 43"" 43S5300 HD BLUET SEMP TCL"
20191230,53532101,21653,SUPORTE TV UNIVERSAL LCD/LED 10 A 71 SBRUB750
20191230,72936801,21653,SUPORTE TV UNIVERSAL LCD/LED 10 A 71 SBRUB750
20191230,YYZ51J01,26005,SMARTPHONE SAMSUNG GAL A20  A205 32GB VERM   
20191230,YYZ4QU01,21653,SUPORTE TV UNIVERSAL LCD/LED 10 A 71 SBRUB750
20191230,YYZ4Y301,21653,SUPORTE TV UNIVERSAL LCD/LED 10 A 71 SBRUB750
20191230,YYZ4DX01,21653,SUPORTE TV UNIVERSAL LCD/LED 10 A 71 SBRUB750
20191230,YYZ54X01,25303,"TELEVISOR SMART 32"" TC32FS500B PANASONIC     "
20191230,YYZ54X01,21653,SUPORTE TV UNIVERSAL LCD/LED 10 A 71 SBRUB750
20191230,YYZ52Y01,25354,"TELEVISOR SMART 32"" UN32J4290 SAMSUNG        "
20191230,YYZ4IP01,21653,SUPORTE TV UNIVERSAL LCD/LED 10 A 71 SBRUB750
20191230,YYZ4IP01,26005,SMARTPHONE SAMSUNG GAL A20  A205 32GB VERM   
20191230,YYZ4XV01,21653,SUPORTE TV UNIVERSAL LCD/LED 10 A 71 SBRUB750
20191230,YYZ4WG01,21653,SUPORTE TV UNIVERSAL LCD/LED 10 A 71 SBRUB750
20191229,85199001,21653,SUPORTE TV UNIVERSAL LCD/LED 10 A 71 SBRUB750
20191229,99HRUJ01,26006,SMARTPHONE SAMSUNG GAL A30 A305 64GB PRETO   
20191229,99JE2M01,21653,SUPORTE TV UNIVERSAL LCD/LED 10 A 71 SBRUB750
20191229,99JE2M01,25998,"TELEVISOR 43"" 43S6500FS FULL HD SEMP TCL     "
20191229,99KYEN01,21653,SUPORTE TV UNIVERSAL LCD/LED 10 A 71 SBRUB750
20191229,74995201,25998,"TELEVISOR 43"" 43S6500FS FULL HD SEMP TCL     "
20191229,74995201,21653,SUPORTE TV UNIVERSAL LCD/LED 10 A 71 SBRUB750
20191228,YYZ3FC01,21653,SUPORTE TV UNIVERSAL LCD/LED 10 A 71 SBRUB750
20191228,YYZ3U701,21653,SUPORTE TV UNIVERSAL LCD/LED 10 A 71 SBRUB750
20191228,YYZ3SV01,21653,SUPORTE TV UNIVERSAL LCD/LED 10 A 71 SBRUB750
20191228,YYYJ0901,21653,SUPORTE TV UNIVERSAL LCD/LED 10 A 71 SBRUB750
20191228,YYZ3I801,25545,"TELEVISOR SMART 40"" TC40FS600B PANASONIC     "
20191228,YYZ3I801,21653,SUPORTE TV UNIVERSAL LCD/LED 10 A 71 SBRUB750
20191228,YYZ3F001,25727,SMARTPHONE SAMSUNG GAL J2 CORE 16GB PRATA    
20191228,YYZ42X01,21653,SUPORTE TV UNIVERSAL LCD/LED 10 A 71 SBRUB750
20191228,000TO201,21653,SUPORTE TV UNIVERSAL LCD/LED 10 A 71 SBRUB750
20191228,000TO201,25303,"TELEVISOR SMART 32"" TC32FS500B PANASONIC     "
20191228,000VX501,21653,SUPORTE TV UNIVERSAL LCD/LED 10 A 71 SBRUB750
20191228,9OLJTF01,21653,SUPORTE TV UNIVERSAL LCD/LED 10 A 71 SBRUB750
20191228,25675701,21653,SUPORTE TV UNIVERSAL LCD/LED 10 A 71 SBRUB750
20191228,99C98S01,21653,SUPORTE TV UNIVERSAL LCD/LED 10 A 71 SBRUB750
20191228,99H7B301,21653,SUPORTE TV UNIVERSAL LCD/LED 10 A 71 SBRUB750
20191228,9OLL7901,26005,SMARTPHONE SAMSUNG GAL A20  A205 32GB VERM   
20191228,99DBQ401,21653,SUPORTE TV UNIVERSAL LCD/LED 10 A 71 SBRUB750
20191228,99HEF801,21653,SUPORTE TV UNIVERSAL LCD/LED 10 A 71 SBRUB750
20191228,9OHP9201,21653,SUPORTE TV UNIVERSAL LCD/LED 10 A 71 SBRUB750
20191228,9O0HFL01,25729,SMARTPHONE SAMSUNG GAL J4 CORE 16GB COBRE    
20191228,9O14N601,25303,"TELEVISOR SMART 32"" TC32FS500B PANASONIC     "
20191228,9O14N601,21653,SUPORTE TV UNIVERSAL LCD/LED 10 A 71 SBRUB750
20191228,97017001,21653,SUPORTE TV UNIVERSAL LCD/LED 10 A 71 SBRUB750
20191228,99CPM001,21855,CELULAR BLU JENNY 2.8 T276 DB PRETO-VERMEL   
20191228,45347901,21653,SUPORTE TV UNIVERSAL LCD/LED 10 A 71 SBRUB750
20191228,19666901,21653,SUPORTE TV UNIVERSAL LCD/LED 10 A 71 SBRUB750
20191228,80468401,21653,SUPORTE TV UNIVERSAL LCD/LED 10 A 71 SBRUB750
20191228,9OP98I01,21653,SUPORTE TV UNIVERSAL LCD/LED 10 A 71 SBRUB750
20191228,9NYE0F01,21653,SUPORTE TV UNIVERSAL LCD/LED 10 A 71 SBRUB750
20191228,9O12R601,21821,PEN DRIVE NANO 16GB PD054 PRETO              
20191228,9O6IYE01,21653,SUPORTE TV UNIVERSAL LCD/LED 10 A 71 SBRUB750
20191228,21105001,21653,SUPORTE TV UNIVERSAL LCD/LED 10 A 71 SBRUB750
20191228,99JU6101,21653,SUPORTE TV UNIVERSAL LCD/LED 10 A 71 SBRUB750
20191228,99LISE01,21653,SUPORTE TV UNIVERSAL LCD/LED 10 A 71 SBRUB750
20191228,00750301,26008,SMARTPHONE SAMSUNG GAL A30  A305 64GB BRANCO 
20191228,999T7301,25303,"TELEVISOR SMART 32"" TC32FS500B PANASONIC     "
20191228,99FSE501,21653,SUPORTE TV UNIVERSAL LCD/LED 10 A 71 SBRUB750
20191228,64439701,21653,SUPORTE TV UNIVERSAL LCD/LED 10 A 71 SBRUB750
20191228,99D9GX01,21653,SUPORTE TV UNIVERSAL LCD/LED 10 A 71 SBRUB750
20191228,51042701,21653,SUPORTE TV UNIVERSAL LCD/LED 10 A 71 SBRUB750
20191228,51042701,21653,SUPORTE TV UNIVERSAL LCD/LED 10 A 71 SBRUB750
20191228,42118101,21653,SUPORTE TV UNIVERSAL LCD/LED 10 A 71 SBRUB750
20191228,999HFP01,21653,SUPORTE TV UNIVERSAL LCD/LED 10 A 71 SBRUB750
20191228,999S7O01,21653,SUPORTE TV UNIVERSAL LCD/LED 10 A 71 SBRUB750
20191228,9NZ33W01,23376,"TELEVISOR SMART 48"" KDL-48W655D SONY         "
20191228,9NZ33W01,21653,SUPORTE TV UNIVERSAL LCD/LED 10 A 71 SBRUB750
20191228,99CAEE01,21653,SUPORTE TV UNIVERSAL LCD/LED 10 A 71 SBRUB750
20191228,01560501,25738,"TELEVISOR SMART 43"" PTV43E60SN LED PHILCO    "
20191228,01560501,24716,RECEPTOR MIDIA BOX HDTV B3                   
20191228,01560501,21653,SUPORTE TV UNIVERSAL LCD/LED 10 A 71 SBRUB750
20191228,61875601,21653,SUPORTE TV UNIVERSAL LCD/LED 10 A 71 SBRUB750
20191228,9OQCEM01,21653,SUPORTE TV UNIVERSAL LCD/LED 10 A 71 SBRUB750
20191228,99FMJ301,21653,SUPORTE TV UNIVERSAL LCD/LED 10 A 71 SBRUB750
20191228,96176801,21653,SUPORTE TV UNIVERSAL LCD/LED 10 A 71 SBRUB750
20191228,99FLKE01,21653,SUPORTE TV UNIVERSAL LCD/LED 10 A 71 SBRUB750
20191228,9OCR7N01,21653,SUPORTE TV UNIVERSAL LCD/LED 10 A 71 SBRUB750
20191228,9OCR7N01,25998,"TELEVISOR 43"" 43S6500FS FULL HD SEMP TCL     "
20191228,99PRSR01,21653,SUPORTE TV UNIVERSAL LCD/LED 10 A 71 SBRUB750
20191228,13474401,26326,"TELEVISOR SMART 50"" 50P8M 4K UHD BLT SEMP TCL"
20191228,13474401,21653,SUPORTE TV UNIVERSAL LCD/LED 10 A 71 SBRUB750
20191228,99CEWA01,21653,SUPORTE TV UNIVERSAL LCD/LED 10 A 71 SBRUB750
20191228,9OI8LT01,26004,SMARTPHONE SAMSUNG GAL A20  A205 32GB AZUL   
20191228,9OII2801,21653,SUPORTE TV UNIVERSAL LCD/LED 10 A 71 SBRUB750
20191228,99HI8W01,21653,SUPORTE TV UNIVERSAL LCD/LED 10 A 71 SBRUB750
20191228,99HI8W01,25303,"TELEVISOR SMART 32"" TC32FS500B PANASONIC     "
20191228,14463201,21653,SUPORTE TV UNIVERSAL LCD/LED 10 A 71 SBRUB750
20191228,9NZ7FY01,21653,SUPORTE TV UNIVERSAL LCD/LED 10 A 71 SBRUB750
20191228,9O86V201,21653,SUPORTE TV UNIVERSAL LCD/LED 10 A 71 SBRUB750
20191228,13017901,21653,SUPORTE TV UNIVERSAL LCD/LED 10 A 71 SBRUB750
20191228,9OAFU401,21653,SUPORTE TV UNIVERSAL LCD/LED 10 A 71 SBRUB750
20191228,9OEGF301,21653,SUPORTE TV UNIVERSAL LCD/LED 10 A 71 SBRUB750
20191228,9OEO8F01,21653,SUPORTE TV UNIVERSAL LCD/LED 10 A 71 SBRUB750
20191228,99CD9101,25173,SMARTPHONE LG K9 TV LM-X210BMW INDIGO        
20191228,99KYEN01,25183,"TELEVISOR SMART 43"" 4K UN43NU7100 SAMSUNG    "
20191228,9O0ZXS01,25303,"TELEVISOR SMART 32"" TC32FS500B PANASONIC     "
20191228,9O0ZXS01,21653,SUPORTE TV UNIVERSAL LCD/LED 10 A 71 SBRUB750
20191228,99IP8U01,21653,SUPORTE TV UNIVERSAL LCD/LED 10 A 71 SBRUB750
20191228,03688801,26004,SMARTPHONE SAMSUNG GAL A20  A205 32GB AZUL   
20191228,99DDTR01,21653,SUPORTE TV UNIVERSAL LCD/LED 10 A 71 SBRUB750
20191228,99DDTR01,24911,"TELEVISOR SMART 43"" S3900FS SEMP TCL         "
20191227,YYZ2LH01,21653,SUPORTE TV UNIVERSAL LCD/LED 10 A 71 SBRUB750
20191227,YYZ3DS01,21653,SUPORTE TV UNIVERSAL LCD/LED 10 A 71 SBRUB750
20191227,YYZ2LZ01,23375,"TELEVISOR SMART 40"" KDL-40W655D SONY         "
20191227,YYZ2LZ01,21653,SUPORTE TV UNIVERSAL LCD/LED 10 A 71 SBRUB750
20191227,YYZ2O201,23904,"TELEVISOR SMART 49"" UN49J5200 SAMSUNG        "
20191227,YYZ2O201,21653,SUPORTE TV UNIVERSAL LCD/LED 10 A 71 SBRUB750
20191227,YYZ2W501,21653,SUPORTE TV UNIVERSAL LCD/LED 10 A 71 SBRUB750
20191227,YYZ2W501,25546,"TELEVISOR SMART 32"" TC32FS600B PANASONIC     "
20191227,YYZ2OF01,21653,SUPORTE TV UNIVERSAL LCD/LED 10 A 71 SBRUB750
20191227,YYZ2QL01,21653,SUPORTE TV UNIVERSAL LCD/LED 10 A 71 SBRUB750
20191227,99KFS201,21653,SUPORTE TV UNIVERSAL LCD/LED 10 A 71 SBRUB750
20191227,84918901,25767,CAIXA AMPLIFICADA CM-11 MULT CONECT PARTY BIV
20191227,YYYTVL01,23781,RADIO CJ65 ABRALLK LG                        
20191227,99CIOD01,25681,SMARTPHONE MOTOROLA MOTO G7 PLUS XT1965-2 IND
20191227,03739401,21653,SUPORTE TV UNIVERSAL LCD/LED 10 A 71 SBRUB750
20191227,27004501,21653,SUPORTE TV UNIVERSAL LCD/LED 10 A 71 SBRUB750
20191227,99DPGE01,21653,SUPORTE TV UNIVERSAL LCD/LED 10 A 71 SBRUB750
20191227,99EW6B01,21653,SUPORTE TV UNIVERSAL LCD/LED 10 A 71 SBRUB750
20191227,9OAZEF01,21653,SUPORTE TV UNIVERSAL LCD/LED 10 A 71 SBRUB750
20191227,58936601,21653,SUPORTE TV UNIVERSAL LCD/LED 10 A 71 SBRUB750
20191227,99MMRL01,21653,SUPORTE TV UNIVERSAL LCD/LED 10 A 71 SBRUB750
20191227,01270901,25982,SMARTPHONE SAMSUNG GAL A10  A105 32GB AZUL   
20191227,9OPWLT01,21653,SUPORTE TV UNIVERSAL LCD/LED 10 A 71 SBRUB750
20191227,999CHO01,21653,SUPORTE TV UNIVERSAL LCD/LED 10 A 71 SBRUB750
20191227,99IO3101,21653,SUPORTE TV UNIVERSAL LCD/LED 10 A 71 SBRUB750
20191227,98267801,21653,SUPORTE TV UNIVERSAL LCD/LED 10 A 71 SBRUB750
20191227,98267801,23375,"TELEVISOR SMART 40"" KDL-40W655D SONY         "
20191227,9OBY9C01,21653,SUPORTE TV UNIVERSAL LCD/LED 10 A 71 SBRUB750
20191227,9O95WN01,21653,SUPORTE TV UNIVERSAL LCD/LED 10 A 71 SBRUB750
20191227,9O95WN01,25303,"TELEVISOR SMART 32"" TC32FS500B PANASONIC     "
20191227,99F7KJ01,21653,SUPORTE TV UNIVERSAL LCD/LED 10 A 71 SBRUB750
20191227,9O2KPI01,24913,SMARTPHONE MOTOROLA MOTO G6 PLAY XT1922 DB IN
20191227,99L2SQ01,26247,SMARTPHONE LG K8 PLUS PRETO                  
20191227,99KRLS01,21653,SUPORTE TV UNIVERSAL LCD/LED 10 A 71 SBRUB750
20191227,99MOOX01,21653,SUPORTE TV UNIVERSAL LCD/LED 10 A 71 SBRUB750
20191227,99N3EK01,25998,"TELEVISOR 43"" 43S6500FS FULL HD SEMP TCL     "
20191227,99N3EK01,21653,SUPORTE TV UNIVERSAL LCD/LED 10 A 71 SBRUB750
20191227,96842701,21653,SUPORTE TV UNIVERSAL LCD/LED 10 A 71 SBRUB750
20191227,21975201,25728,SMARTPHONE SAMSUNG GAL J4 CORE 16GB PRETO    
20191227,20668501,25982,SMARTPHONE SAMSUNG GAL A10  A105 32GB AZUL   
20191227,99DJSO01,21653,SUPORTE TV UNIVERSAL LCD/LED 10 A 71 SBRUB750
20191227,99DJSO01,24911,"TELEVISOR SMART 43"" S3900FS SEMP TCL         "
20191227,61502101,21653,SUPORTE TV UNIVERSAL LCD/LED 10 A 71 SBRUB750
20191227,36300101,21653,SUPORTE TV UNIVERSAL LCD/LED 10 A 71 SBRUB750
20191227,99CHQA01,25172,SMARTPHONE LG K9 TV LM-X210BMW PRETO         
20191227,99E6KQ01,25738,"TELEVISOR SMART 43"" PTV43E60SN LED PHILCO    "
20191227,99E6KQ01,21653,SUPORTE TV UNIVERSAL LCD/LED 10 A 71 SBRUB750
20191227,02507201,21653,SUPORTE TV UNIVERSAL LCD/LED 10 A 71 SBRUB750
20191227,97629201,24716,RECEPTOR MIDIA BOX HDTV B3                   
20191227,97629201,21653,SUPORTE TV UNIVERSAL LCD/LED 10 A 71 SBRUB750
20191227,14474901,21653,SUPORTE TV UNIVERSAL LCD/LED 10 A 71 SBRUB750
20191227,99D5UC01,21653,SUPORTE TV UNIVERSAL LCD/LED 10 A 71 SBRUB750
20191227,99BTFX01,21653,SUPORTE TV UNIVERSAL LCD/LED 10 A 71 SBRUB750
20191227,20090201,21653,SUPORTE TV UNIVERSAL LCD/LED 10 A 71 SBRUB750
20191227,9OPCH801,21653,SUPORTE TV UNIVERSAL LCD/LED 10 A 71 SBRUB750
20191227,9ODL7N01,21653,SUPORTE TV UNIVERSAL LCD/LED 10 A 71 SBRUB750
20191227,03395701,21653,SUPORTE TV UNIVERSAL LCD/LED 10 A 71 SBRUB750
20191227,71468301,21653,SUPORTE TV UNIVERSAL LCD/LED 10 A 71 SBRUB750
20191227,99GFYM01,25303,"TELEVISOR SMART 32"" TC32FS500B PANASONIC     "
20191227,99LD6A01,21653,SUPORTE TV UNIVERSAL LCD/LED 10 A 71 SBRUB750
20191227,9OCVPQ01,21603,DVD D-14 GAME STAR II MONDIAL                
20191227,9O1VVZ01,21653,SUPORTE TV UNIVERSAL LCD/LED 10 A 71 SBRUB750
20191227,9O6GS401,21653,SUPORTE TV UNIVERSAL LCD/LED 10 A 71 SBRUB750
20191227,9OA0EV01,21653,SUPORTE TV UNIVERSAL LCD/LED 10 A 71 SBRUB750
20191227,9OG6KQ01,21653,SUPORTE TV UNIVERSAL LCD/LED 10 A 71 SBRUB750
20191227,9NYODM01,25481,SMARTPHONE LG K9 TV LM-X210BMW DOURADO       
20191227,9NYODM01,26328,CAIXA BLUETOOTH BS12A 12W SEMP TCL           
20191227,02821601,21653,SUPORTE TV UNIVERSAL LCD/LED 10 A 71 SBRUB750
20191227,99FOZB01,25676,SMARTPHONE MOTOROLA MOTO G7 PLAY XT1952-5 DR 
20191227,9OMXAQ01,21653,SUPORTE TV UNIVERSAL LCD/LED 10 A 71 SBRUB750
20191227,46324301,21653,SUPORTE TV UNIVERSAL LCD/LED 10 A 71 SBRUB750
20191227,46324301,25737,"TELEVISOR SMART 32"" PTV32 G50SN LED PHILCO   "
20191227,83014901,26222,CELULAR INFINITY W201 PRETO                  
20191227,99A76101,21653,SUPORTE TV UNIVERSAL LCD/LED 10 A 71 SBRUB750
20191226,YYZ2C301,24911,"TELEVISOR SMART 43"" S3900FS SEMP TCL         "
20191226,YYZ2C301,21653,SUPORTE TV UNIVERSAL LCD/LED 10 A 71 SBRUB750
20191226,YYZ1PU01,21653,SUPORTE TV UNIVERSAL LCD/LED 10 A 71 SBRUB750
20191226,YYZ1Z101,25983,SMARTPHONE SAMSUNG GAL A10  A105 32GB VERMELH
20191226,YYZ2CF01,21653,SUPORTE TV UNIVERSAL LCD/LED 10 A 71 SBRUB750
20191226,9NY67X01,23804,CONJ.SC-AKX700LBK SOM 3X1 PANASONIC          
20191226,99BP6X01,25997,"TELEVISOR 40"" 40S6500FS HD LED SEMP TCL      "
20191226,YYZ28C01,21653,SUPORTE TV UNIVERSAL LCD/LED 10 A 71 SBRUB750
20191226,YYZ1VW01,21653,SUPORTE TV UNIVERSAL LCD/LED 10 A 71 SBRUB750
20191226,YYYLB601,21653,SUPORTE TV UNIVERSAL LCD/LED 10 A 71 SBRUB750
20191226,YYZ1UA01,21653,SUPORTE TV UNIVERSAL LCD/LED 10 A 71 SBRUB750
20191226,YYZ1UA01,25546,"TELEVISOR SMART 32"" TC32FS600B PANASONIC     "
20191226,9NYAXK01,25481,SMARTPHONE LG K9 TV LM-X210BMW DOURADO       
20191226,24420701,21653,SUPORTE TV UNIVERSAL LCD/LED 10 A 71 SBRUB750
20191226,46881601,21653,SUPORTE TV UNIVERSAL LCD/LED 10 A 71 SBRUB750
20191226,99GWTV01,23375,"TELEVISOR SMART 40"" KDL-40W655D SONY         "
20191226,99GWTV01,21653,SUPORTE TV UNIVERSAL LCD/LED 10 A 71 SBRUB750
20191226,91080001,21653,SUPORTE TV UNIVERSAL LCD/LED 10 A 71 SBRUB750
20191226,36649501,21653,SUPORTE TV UNIVERSAL LCD/LED 10 A 71 SBRUB750
20191226,9OHJE801,21653,SUPORTE TV UNIVERSAL LCD/LED 10 A 71 SBRUB750
20191226,98972401,21653,SUPORTE TV UNIVERSAL LCD/LED 10 A 71 SBRUB750
20191226,98972401,25303,"TELEVISOR SMART 32"" TC32FS500B PANASONIC     "
20191226,999FFY01,26243,SUPORTE UNIV. BEDIN BU-25                    
20191226,99JJH901,21653,SUPORTE TV UNIVERSAL LCD/LED 10 A 71 SBRUB750
20191226,01478201,24716,RECEPTOR MIDIA BOX HDTV B3                   
20191226,99CP2O01,21653,SUPORTE TV UNIVERSAL LCD/LED 10 A 71 SBRUB750
20191226,99CP2O01,25738,"TELEVISOR SMART 43"" PTV43E60SN LED PHILCO    "
20191226,17070901,21653,SUPORTE TV UNIVERSAL LCD/LED 10 A 71 SBRUB750
20191226,9OQY2P01,26460,CAIXA DE SOM AMPLIF.TROLLEY 8 POL SP329      
20191226,20806901,21653,SUPORTE TV UNIVERSAL LCD/LED 10 A 71 SBRUB750
20191226,9OGI5501,25998,"TELEVISOR 43"" 43S6500FS FULL HD SEMP TCL     "
20191226,9OGI5501,21653,SUPORTE TV UNIVERSAL LCD/LED 10 A 71 SBRUB750
20191226,9OE95501,21653,SUPORTE TV UNIVERSAL LCD/LED 10 A 71 SBRUB750
20191226,39486001,21653,SUPORTE TV UNIVERSAL LCD/LED 10 A 71 SBRUB750
20191226,19071301,21653,SUPORTE TV UNIVERSAL LCD/LED 10 A 71 SBRUB750
20191226,9O0XZP01,24335,"TELEVISOR SMART 43"" L43S4900FS SEMP TCL      "
20191226,9O0XZP01,21653,SUPORTE TV UNIVERSAL LCD/LED 10 A 71 SBRUB750
20191226,99LU1B01,21653,SUPORTE TV UNIVERSAL LCD/LED 10 A 71 SBRUB750
20191226,99QXYS01,25669,"TELEVISOR SMART 43"" 43LK5750PSA.BWZ LG       "
20191226,99QXYS01,21653,SUPORTE TV UNIVERSAL LCD/LED 10 A 71 SBRUB750
20191226,99GL5Y01,25998,"TELEVISOR 43"" 43S6500FS FULL HD SEMP TCL     "
20191226,20290201,21653,SUPORTE TV UNIVERSAL LCD/LED 10 A 71 SBRUB750
20191226,20290201,25996,"TELEVISOR 32"" 32S6500S HD LED SEMP TCL       "
20191226,97376201,21653,SUPORTE TV UNIVERSAL LCD/LED 10 A 71 SBRUB750
20191226,78456501,21653,SUPORTE TV UNIVERSAL LCD/LED 10 A 71 SBRUB750
20191226,31936501,25173,SMARTPHONE LG K9 TV LM-X210BMW INDIGO        
20191226,31936501,21653,SUPORTE TV UNIVERSAL LCD/LED 10 A 71 SBRUB750
20191226,31936501,23376,"TELEVISOR SMART 48"" KDL-48W655D SONY         "
20191226,22865201,21653,SUPORTE TV UNIVERSAL LCD/LED 10 A 71 SBRUB750
20191226,88317801,25995,"TELEVISOR 24"" S1300 L1850 HD LED SEMP TCL    "
20191226,88317801,21653,SUPORTE TV UNIVERSAL LCD/LED 10 A 71 SBRUB750
20191226,57908201,26460,CAIXA DE SOM AMPLIF.TROLLEY 8 POL SP329      
20191226,99GXOB01,21653,SUPORTE TV UNIVERSAL LCD/LED 10 A 71 SBRUB750
20191226,22088601,21653,SUPORTE TV UNIVERSAL LCD/LED 10 A 71 SBRUB750
20191226,51453801,21653,SUPORTE TV UNIVERSAL LCD/LED 10 A 71 SBRUB750
20191226,29113301,21653,SUPORTE TV UNIVERSAL LCD/LED 10 A 71 SBRUB750
20191226,29113301,23375,"TELEVISOR SMART 40"" KDL-40W655D SONY         "
20191226,06144601,21653,SUPORTE TV UNIVERSAL LCD/LED 10 A 71 SBRUB750
20191226,06144601,25303,"TELEVISOR SMART 32"" TC32FS500B PANASONIC     "
20191226,9O152B01,26005,SMARTPHONE SAMSUNG GAL A20  A205 32GB VERM   
20191226,21193601,26004,SMARTPHONE SAMSUNG GAL A20  A205 32GB AZUL   
20191226,9OQPPV01,21653,SUPORTE TV UNIVERSAL LCD/LED 10 A 71 SBRUB750
20191226,99FMJ301,21653,SUPORTE TV UNIVERSAL LCD/LED 10 A 71 SBRUB750
20191226,9OKDT701,21653,SUPORTE TV UNIVERSAL LCD/LED 10 A 71 SBRUB750
20191226,9OPCH801,25997,"TELEVISOR 40"" 40S6500FS HD LED SEMP TCL      "
20191226,96896301,21653,SUPORTE TV UNIVERSAL LCD/LED 10 A 71 SBRUB750
20191226,16368001,21653,SUPORTE TV UNIVERSAL LCD/LED 10 A 71 SBRUB750
20191226,15473501,21653,SUPORTE TV UNIVERSAL LCD/LED 10 A 71 SBRUB750
20191226,99B07R01,21653,SUPORTE TV UNIVERSAL LCD/LED 10 A 71 SBRUB750
20191226,9OIOW101,21653,SUPORTE TV UNIVERSAL LCD/LED 10 A 71 SBRUB750
20191226,22309701,25729,SMARTPHONE SAMSUNG GAL J4 CORE 16GB COBRE    
20191226,99I4RQ01,21653,SUPORTE TV UNIVERSAL LCD/LED 10 A 71 SBRUB750
20191226,58752201,21653,SUPORTE TV UNIVERSAL LCD/LED 10 A 71 SBRUB750
20191226,9O1FXW01,21653,SUPORTE TV UNIVERSAL LCD/LED 10 A 71 SBRUB750
20191226,99KBMZ01,21653,SUPORTE TV UNIVERSAL LCD/LED 10 A 71 SBRUB750
20191226,999DZC01,21653,SUPORTE TV UNIVERSAL LCD/LED 10 A 71 SBRUB750
20191226,9ODWI401,23375,"TELEVISOR SMART 40"" KDL-40W655D SONY         "
20191226,9ODWI401,21653,SUPORTE TV UNIVERSAL LCD/LED 10 A 71 SBRUB750
20191226,9ODL5G01,21653,SUPORTE TV UNIVERSAL LCD/LED 10 A 71 SBRUB750
20191226,32259301,21603,DVD D-14 GAME STAR II MONDIAL                
20191226,05443401,21653,SUPORTE TV UNIVERSAL LCD/LED 10 A 71 SBRUB750
20191226,99MCWK01,21653,SUPORTE TV UNIVERSAL LCD/LED 10 A 71 SBRUB750
20191226,99MZ3101,21653,SUPORTE TV UNIVERSAL LCD/LED 10 A 71 SBRUB750
20191226,9NY5GJ01,21196,SUPORTE UNIX UNI 100                         
20191226,9NY5GJ01,21653,SUPORTE TV UNIVERSAL LCD/LED 10 A 71 SBRUB750
20191226,9NXD5X01,21653,SUPORTE TV UNIVERSAL LCD/LED 10 A 71 SBRUB750
20191226,9O0EXC01,23376,"TELEVISOR SMART 48"" KDL-48W655D SONY         "
20191226,9O0EXC01,21653,SUPORTE TV UNIVERSAL LCD/LED 10 A 71 SBRUB750
20191226,9O5OK801,21653,SUPORTE TV UNIVERSAL LCD/LED 10 A 71 SBRUB750
20191226,17897401,21653,SUPORTE TV UNIVERSAL LCD/LED 10 A 71 SBRUB750
20191226,99CSG201,21653,SUPORTE TV UNIVERSAL LCD/LED 10 A 71 SBRUB750
20191226,13764901,21653,SUPORTE TV UNIVERSAL LCD/LED 10 A 71 SBRUB750
20191226,99FLT201,21653,SUPORTE TV UNIVERSAL LCD/LED 10 A 71 SBRUB750
20191226,99GS3D01,21653,SUPORTE TV UNIVERSAL LCD/LED 10 A 71 SBRUB750
20191226,98764101,21653,SUPORTE TV UNIVERSAL LCD/LED 10 A 71 SBRUB750
20191226,9OH0NS01,24632,CAIXA AMPLIFICADA CM-07 MONDIAL              
20191226,9OH0NS01,21653,SUPORTE TV UNIVERSAL LCD/LED 10 A 71 SBRUB750
20191226,63179901,21653,SUPORTE TV UNIVERSAL LCD/LED 10 A 71 SBRUB750
20191226,24294101,21653,SUPORTE TV UNIVERSAL LCD/LED 10 A 71 SBRUB750
20191226,24294101,23447,REPETIDOR RE051 300MPS WPS MULTILASER        
20191226,99CO5L01,21653,SUPORTE TV UNIVERSAL LCD/LED 10 A 71 SBRUB750
20191226,99CO5L01,24335,"TELEVISOR SMART 43"" L43S4900FS SEMP TCL      "
20191224,87031701,21653,SUPORTE TV UNIVERSAL LCD/LED 10 A 71 SBRUB750
20191224,27799201,21653,SUPORTE TV UNIVERSAL LCD/LED 10 A 71 SBRUB750
20191224,27799201,25998,"TELEVISOR 43"" 43S6500FS FULL HD SEMP TCL     "
20191224,50116601,25355,"TELEVISOR SMART 43"" UN43J5290 SAMSUNG        "
20191224,78945501,21653,SUPORTE TV UNIVERSAL LCD/LED 10 A 71 SBRUB750
20191224,90353701,21854,CELULAR BLU JENNY 2.8 T276 DB PRETO-AZUL     
20191224,90353701,21653,SUPORTE TV UNIVERSAL LCD/LED 10 A 71 SBRUB750
20191224,90353701,25998,"TELEVISOR 43"" 43S6500FS FULL HD SEMP TCL     "
20191224,22193101,21653,SUPORTE TV UNIVERSAL LCD/LED 10 A 71 SBRUB750
20191224,99IMWW01,21653,SUPORTE TV UNIVERSAL LCD/LED 10 A 71 SBRUB750
20191224,99K4PR01,21653,SUPORTE TV UNIVERSAL LCD/LED 10 A 71 SBRUB750
20191224,99LIW201,25546,"TELEVISOR SMART 32"" TC32FS600B PANASONIC     "
20191224,99LIW201,21653,SUPORTE TV UNIVERSAL LCD/LED 10 A 71 SBRUB750
20191224,9O0ZAP01,21653,SUPORTE TV UNIVERSAL LCD/LED 10 A 71 SBRUB750
20191224,9OEDDR01,25240,PEN DRIVE MC161 2X1 LEITOR USB SD 8G         
20191224,08656001,21653,SUPORTE TV UNIVERSAL LCD/LED 10 A 71 SBRUB750
20191224,08656001,25998,"TELEVISOR 43"" 43S6500FS FULL HD SEMP TCL     "
20191224,60771701,21653,SUPORTE TV UNIVERSAL LCD/LED 10 A 71 SBRUB750
20191224,60771701,25546,"TELEVISOR SMART 32"" TC32FS600B PANASONIC     "
20191224,76686301,21653,SUPORTE TV UNIVERSAL LCD/LED 10 A 71 SBRUB750
20191224,97122101,21653,SUPORTE TV UNIVERSAL LCD/LED 10 A 71 SBRUB750
20191224,18141501,25998,"TELEVISOR 43"" 43S6500FS FULL HD SEMP TCL     "
20191224,18141501,21653,SUPORTE TV UNIVERSAL LCD/LED 10 A 71 SBRUB750
20191224,9OC3P301,21653,SUPORTE TV UNIVERSAL LCD/LED 10 A 71 SBRUB750
20191224,99FB3C01,21653,SUPORTE TV UNIVERSAL LCD/LED 10 A 71 SBRUB750
20191224,9OAZ9R01,21653,SUPORTE TV UNIVERSAL LCD/LED 10 A 71 SBRUB750
20191224,06530601,25441,SMARTPHONE SAMSUNG GALAXY J810M  64GB VIOLETA
20191224,9OH96P01,26330,CAIXA BLUETOOTH BS16B 16W SEMP TCL           
20191224,00959401,21653,SUPORTE TV UNIVERSAL LCD/LED 10 A 71 SBRUB750
20191224,00959401,26181,RADIO PORTATIL MULTIBANDA TR849              
20191224,99CMWV01,24335,"TELEVISOR SMART 43"" L43S4900FS SEMP TCL      "
20191224,99CMWV01,21653,SUPORTE TV UNIVERSAL LCD/LED 10 A 71 SBRUB750
20191224,9OPF6901,21653,SUPORTE TV UNIVERSAL LCD/LED 10 A 71 SBRUB750
20191224,9OQCQ901,21653,SUPORTE TV UNIVERSAL LCD/LED 10 A 71 SBRUB750
20191224,99GZP301,21653,SUPORTE TV UNIVERSAL LCD/LED 10 A 71 SBRUB750
20191224,23926401,21653,SUPORTE TV UNIVERSAL LCD/LED 10 A 71 SBRUB750
20191224,23926401,26325,"TELEVISOR SMART 43"" 43S5300 HD BLUET SEMP TCL"
20191224,99C2BN01,21653,SUPORTE TV UNIVERSAL LCD/LED 10 A 71 SBRUB750
20191224,99JD0Y01,26330,CAIXA BLUETOOTH BS16B 16W SEMP TCL           
20191224,00587801,21653,SUPORTE TV UNIVERSAL LCD/LED 10 A 71 SBRUB750
20191224,00587801,25303,"TELEVISOR SMART 32"" TC32FS500B PANASONIC     "
20191224,18291601,21653,SUPORTE TV UNIVERSAL LCD/LED 10 A 71 SBRUB750
20191224,99BF1P01,26004,SMARTPHONE SAMSUNG GAL A20  A205 32GB AZUL   
20191224,99BF1P01,26324,"TELEVISOR SMART 32"" 32S5300 HD BLUET SEMP TCL"
20191224,99BF1P01,21653,SUPORTE TV UNIVERSAL LCD/LED 10 A 71 SBRUB750
20191224,99E5PH01,21653,SUPORTE TV UNIVERSAL LCD/LED 10 A 71 SBRUB750
20191224,999I8O01,21653,SUPORTE TV UNIVERSAL LCD/LED 10 A 71 SBRUB750
20191224,16610001,21653,SUPORTE TV UNIVERSAL LCD/LED 10 A 71 SBRUB750
20191224,96021701,25546,"TELEVISOR SMART 32"" TC32FS600B PANASONIC     "
20191224,96021701,21653,SUPORTE TV UNIVERSAL LCD/LED 10 A 71 SBRUB750
20191224,9OLPFR01,21653,SUPORTE TV UNIVERSAL LCD/LED 10 A 71 SBRUB750
20191224,99BZDA01,26386,SMARTPHONE LG K8 PLUS AZUL                   
20191224,99IMBL01,25546,"TELEVISOR SMART 32"" TC32FS600B PANASONIC     "
20191224,99IMBL01,21653,SUPORTE TV UNIVERSAL LCD/LED 10 A 71 SBRUB750
20191224,99L89O01,26013,SMARTPHONE SAMSUNG GAL A50  A505 64GB BRANCO 
20191224,99MFC201,21821,PEN DRIVE NANO 16GB PD054 PRETO              
20191224,9OAMQJ01,21653,SUPORTE TV UNIVERSAL LCD/LED 10 A 71 SBRUB750
20191224,9ODYZQ01,21653,SUPORTE TV UNIVERSAL LCD/LED 10 A 71 SBRUB750
20191224,82853101,21653,SUPORTE TV UNIVERSAL LCD/LED 10 A 71 SBRUB750
20191224,16535401,26243,SUPORTE UNIV. BEDIN BU-25                    
20191224,57463301,21653,SUPORTE TV UNIVERSAL LCD/LED 10 A 71 SBRUB750
20191224,80741401,21653,SUPORTE TV UNIVERSAL LCD/LED 10 A 71 SBRUB750
20191224,80741401,25717,"TELEVISOR SMART 50"" 50UK6520 UHD 4K LG       "
20191224,13605101,26004,SMARTPHONE SAMSUNG GAL A20  A205 32GB AZUL   
20191224,15276701,21653,SUPORTE TV UNIVERSAL LCD/LED 10 A 71 SBRUB750
20191224,9OL0U301,21653,SUPORTE TV UNIVERSAL LCD/LED 10 A 71 SBRUB750
20191224,9O2BJ401,21653,SUPORTE TV UNIVERSAL LCD/LED 10 A 71 SBRUB750
20191224,9OLM5X01,21653,SUPORTE TV UNIVERSAL LCD/LED 10 A 71 SBRUB750
20191224,99FCT901,21653,SUPORTE TV UNIVERSAL LCD/LED 10 A 71 SBRUB750
20191224,99A7JV01,25303,"TELEVISOR SMART 32"" TC32FS500B PANASONIC     "
20191224,99A7JV01,21653,SUPORTE TV UNIVERSAL LCD/LED 10 A 71 SBRUB750
20191224,9O6TFW01,21653,SUPORTE TV UNIVERSAL LCD/LED 10 A 71 SBRUB750
20191224,25601001,21653,SUPORTE TV UNIVERSAL LCD/LED 10 A 71 SBRUB750
20191224,18891801,21653,SUPORTE TV UNIVERSAL LCD/LED 10 A 71 SBRUB750
20191224,86365701,25738,"TELEVISOR SMART 43"" PTV43E60SN LED PHILCO    "
20191224,86365701,21653,SUPORTE TV UNIVERSAL LCD/LED 10 A 71 SBRUB750
20191224,90192501,21653,SUPORTE TV UNIVERSAL LCD/LED 10 A 71 SBRUB750
20191224,YYZ1HQ01,21653,SUPORTE TV UNIVERSAL LCD/LED 10 A 71 SBRUB750
20191224,YYZ1FD01,21653,SUPORTE TV UNIVERSAL LCD/LED 10 A 71 SBRUB750
20191224,YYZ1ER01,21653,SUPORTE TV UNIVERSAL LCD/LED 10 A 71 SBRUB750
20191224,YYZ17Q01,21653,SUPORTE TV UNIVERSAL LCD/LED 10 A 71 SBRUB750
20191224,YYZ17Q01,25545,"TELEVISOR SMART 40"" TC40FS600B PANASONIC     "
20191223,YYYZQG01,21653,SUPORTE TV UNIVERSAL LCD/LED 10 A 71 SBRUB750
20191223,YYZ0GP01,21653,SUPORTE TV UNIVERSAL LCD/LED 10 A 71 SBRUB750
20191223,YYZ0GP01,24335,"TELEVISOR SMART 43"" L43S4900FS SEMP TCL      "
20191223,YYZ00V01,26325,"TELEVISOR SMART 43"" 43S5300 HD BLUET SEMP TCL"
20191223,YYZ00V01,21653,SUPORTE TV UNIVERSAL LCD/LED 10 A 71 SBRUB750
20191223,YYYZYA01,21653,SUPORTE TV UNIVERSAL LCD/LED 10 A 71 SBRUB750
20191223,YYZ0KQ01,21653,SUPORTE TV UNIVERSAL LCD/LED 10 A 71 SBRUB750
20191223,YYZ09A01,25982,SMARTPHONE SAMSUNG GAL A10  A105 32GB AZUL   
20191223,YYZ05601,21653,SUPORTE TV UNIVERSAL LCD/LED 10 A 71 SBRUB750
20191223,YYYC3R01,21653,SUPORTE TV UNIVERSAL LCD/LED 10 A 71 SBRUB750
20191223,YYZ0TF01,21653,SUPORTE TV UNIVERSAL LCD/LED 10 A 71 SBRUB750
20191223,YYYZWX01,21653,SUPORTE TV UNIVERSAL LCD/LED 10 A 71 SBRUB750
20191223,YYZ0T901,21653,SUPORTE TV UNIVERSAL LCD/LED 10 A 71 SBRUB750
20191223,YYYLWI01,25303,"TELEVISOR SMART 32"" TC32FS500B PANASONIC     "
20191223,YYYLWI01,21653,SUPORTE TV UNIVERSAL LCD/LED 10 A 71 SBRUB750
20191223,YYZ06M01,21653,SUPORTE TV UNIVERSAL LCD/LED 10 A 71 SBRUB750
20191223,YYZ0U501,21653,SUPORTE TV UNIVERSAL LCD/LED 10 A 71 SBRUB750
20191223,YYZ0U501,25998,"TELEVISOR 43"" 43S6500FS FULL HD SEMP TCL     "
20191223,90192501,25998,"TELEVISOR 43"" 43S6500FS FULL HD SEMP TCL     "
20191223,9O97FO01,25546,"TELEVISOR SMART 32"" TC32FS600B PANASONIC     "
20191223,9O97FO01,21653,SUPORTE TV UNIVERSAL LCD/LED 10 A 71 SBRUB750
20191223,99ETMR01,21653,SUPORTE TV UNIVERSAL LCD/LED 10 A 71 SBRUB750
20191223,99LG2201,21653,SUPORTE TV UNIVERSAL LCD/LED 10 A 71 SBRUB750
20191223,9ODQ7X01,21653,SUPORTE TV UNIVERSAL LCD/LED 10 A 71 SBRUB750
20191223,9ODQ7X01,25982,SMARTPHONE SAMSUNG GAL A10  A105 32GB AZUL   
20191223,99850401,26243,SUPORTE UNIV. BEDIN BU-25                    
20191223,72869101,21653,SUPORTE TV UNIVERSAL LCD/LED 10 A 71 SBRUB750
20191223,99KP0R01,25998,"TELEVISOR 43"" 43S6500FS FULL HD SEMP TCL     "
20191223,99KP0R01,21653,SUPORTE TV UNIVERSAL LCD/LED 10 A 71 SBRUB750
20191223,99F2JA01,25729,SMARTPHONE SAMSUNG GAL J4 CORE 16GB COBRE    
20191223,9OC96E01,21653,SUPORTE TV UNIVERSAL LCD/LED 10 A 71 SBRUB750
20191223,9OC77201,21653,SUPORTE TV UNIVERSAL LCD/LED 10 A 71 SBRUB750
20191223,9NXFC501,21653,SUPORTE TV UNIVERSAL LCD/LED 10 A 71 SBRUB750
20191223,99ESOD01,21653,SUPORTE TV UNIVERSAL LCD/LED 10 A 71 SBRUB750
20191223,9OIU1M01,21653,SUPORTE TV UNIVERSAL LCD/LED 10 A 71 SBRUB750
20191223,9OIU1M01,25998,"TELEVISOR 43"" 43S6500FS FULL HD SEMP TCL     "
20191223,99EFDX01,21653,SUPORTE TV UNIVERSAL LCD/LED 10 A 71 SBRUB750
20191223,9OHDUX01,21653,SUPORTE TV UNIVERSAL LCD/LED 10 A 71 SBRUB750
20191223,9O3KC601,25728,SMARTPHONE SAMSUNG GAL J4 CORE 16GB PRETO    
20191223,9O6N3S01,21653,SUPORTE TV UNIVERSAL LCD/LED 10 A 71 SBRUB750
20191223,9O6N3S01,25355,"TELEVISOR SMART 43"" UN43J5290 SAMSUNG        "
20191223,9OK01B01,21653,SUPORTE TV UNIVERSAL LCD/LED 10 A 71 SBRUB750
20191223,9OPWLT01,25546,"TELEVISOR SMART 32"" TC32FS600B PANASONIC     "
20191223,89374001,21653,SUPORTE TV UNIVERSAL LCD/LED 10 A 71 SBRUB750
20191223,10161201,21653,SUPORTE TV UNIVERSAL LCD/LED 10 A 71 SBRUB750
20191223,10161201,24335,"TELEVISOR SMART 43"" L43S4900FS SEMP TCL      "
20191223,9OD6ZK01,25545,"TELEVISOR SMART 40"" TC40FS600B PANASONIC     "
20191223,9OD6ZK01,21653,SUPORTE TV UNIVERSAL LCD/LED 10 A 71 SBRUB750
20191223,99GHZJ01,21653,SUPORTE TV UNIVERSAL LCD/LED 10 A 71 SBRUB750
20191223,9O9WNX01,21653,SUPORTE TV UNIVERSAL LCD/LED 10 A 71 SBRUB750
20191223,9O9WNX01,25998,"TELEVISOR 43"" 43S6500FS FULL HD SEMP TCL     "
20191223,99MZ9U01,21653,SUPORTE TV UNIVERSAL LCD/LED 10 A 71 SBRUB750
20191223,99MZ9U01,25998,"TELEVISOR 43"" 43S6500FS FULL HD SEMP TCL     "
20191223,99H20Q01,26222,CELULAR INFINITY W201 PRETO                  
20191223,21435301,21653,SUPORTE TV UNIVERSAL LCD/LED 10 A 71 SBRUB750
20191223,9O9R0M01,21653,SUPORTE TV UNIVERSAL LCD/LED 10 A 71 SBRUB750
20191223,9O9R0M01,25996,"TELEVISOR 32"" 32S6500S HD LED SEMP TCL       "
20191223,9OBOUC01,22175,CELULAR BLU TANK II T193 DB PRETO AMARELO    
20191223,9OB4UR01,21653,SUPORTE TV UNIVERSAL LCD/LED 10 A 71 SBRUB750
20191223,9NZVGQ01,21653,SUPORTE TV UNIVERSAL LCD/LED 10 A 71 SBRUB750
20191223,9O6GM501,21653,SUPORTE TV UNIVERSAL LCD/LED 10 A 71 SBRUB750
20191223,99IL1H01,21653,SUPORTE TV UNIVERSAL LCD/LED 10 A 71 SBRUB750
20191223,99JSGF01,21653,SUPORTE TV UNIVERSAL LCD/LED 10 A 71 SBRUB750
20191223,99LBAT01,21653,SUPORTE TV UNIVERSAL LCD/LED 10 A 71 SBRUB750
20191223,99LBAT01,25998,"TELEVISOR 43"" 43S6500FS FULL HD SEMP TCL     "
20191223,9OJUBN01,21653,SUPORTE TV UNIVERSAL LCD/LED 10 A 71 SBRUB750
20191223,99L7D501,25729,SMARTPHONE SAMSUNG GAL J4 CORE 16GB COBRE    
20191223,23221001,25996,"TELEVISOR 32"" 32S6500S HD LED SEMP TCL       "
20191223,23221001,21653,SUPORTE TV UNIVERSAL LCD/LED 10 A 71 SBRUB750
20191223,16049501,21653,SUPORTE TV UNIVERSAL LCD/LED 10 A 71 SBRUB750
20191223,16049501,25998,"TELEVISOR 43"" 43S6500FS FULL HD SEMP TCL     "
20191223,84089701,26222,CELULAR INFINITY W201 PRETO                  
20191223,17347101,21653,SUPORTE TV UNIVERSAL LCD/LED 10 A 71 SBRUB750
20191223,99IAZ101,26003,SMARTPHONE SAMSUNG GAL A20  A205 32GB PRETO  
20191223,00014601,21653,SUPORTE TV UNIVERSAL LCD/LED 10 A 71 SBRUB750
20191223,65981201,25729,SMARTPHONE SAMSUNG GAL J4 CORE 16GB COBRE    
20191223,71704101,25933,TABLET NB304 M7 3G PLUS QUAD CORE PRETO      
20191223,20715301,25998,"TELEVISOR 43"" 43S6500FS FULL HD SEMP TCL     "
20191223,20715301,21653,SUPORTE TV UNIVERSAL LCD/LED 10 A 71 SBRUB750
20191223,999DEO01,21821,PEN DRIVE NANO 16GB PD054 PRETO              
20191223,999DEO01,21653,SUPORTE TV UNIVERSAL LCD/LED 10 A 71 SBRUB750
20191223,99ELE501,26243,SUPORTE UNIV. BEDIN BU-25                    
20191223,07652901,21653,SUPORTE TV UNIVERSAL LCD/LED 10 A 71 SBRUB750
20191223,29378601,25983,SMARTPHONE SAMSUNG GAL A10  A105 32GB VERMELH
20191223,91582201,21653,SUPORTE TV UNIVERSAL LCD/LED 10 A 71 SBRUB750
20191223,11259901,21653,SUPORTE TV UNIVERSAL LCD/LED 10 A 71 SBRUB750
20191223,44091701,24335,"TELEVISOR SMART 43"" L43S4900FS SEMP TCL      "
20191223,44091701,21653,SUPORTE TV UNIVERSAL LCD/LED 10 A 71 SBRUB750
20191223,99CJR301,21653,SUPORTE TV UNIVERSAL LCD/LED 10 A 71 SBRUB750
20191223,11497301,26243,SUPORTE UNIV. BEDIN BU-25                    
20191223,52285601,21653,SUPORTE TV UNIVERSAL LCD/LED 10 A 71 SBRUB750
20191223,34096601,21653,SUPORTE TV UNIVERSAL LCD/LED 10 A 71 SBRUB750
20191223,9O2WDU01,21653,SUPORTE TV UNIVERSAL LCD/LED 10 A 71 SBRUB750
20191223,9O25OZ01,25729,SMARTPHONE SAMSUNG GAL J4 CORE 16GB COBRE    
20191223,30039701,21653,SUPORTE TV UNIVERSAL LCD/LED 10 A 71 SBRUB750
20191223,99E5PH01,24716,RECEPTOR MIDIA BOX HDTV B3                   
20191223,02862901,21653,SUPORTE TV UNIVERSAL LCD/LED 10 A 71 SBRUB750
20191223,82488101,21653,SUPORTE TV UNIVERSAL LCD/LED 10 A 71 SBRUB750
20191223,99BH6V01,21653,SUPORTE TV UNIVERSAL LCD/LED 10 A 71 SBRUB750
20191223,38182701,21653,SUPORTE TV UNIVERSAL LCD/LED 10 A 71 SBRUB750
20191223,99AL9O01,21653,SUPORTE TV UNIVERSAL LCD/LED 10 A 71 SBRUB750
20191223,9OLH4801,21653,SUPORTE TV UNIVERSAL LCD/LED 10 A 71 SBRUB750
20191223,02854101,21653,SUPORTE TV UNIVERSAL LCD/LED 10 A 71 SBRUB750
20191223,76922601,21653,SUPORTE TV UNIVERSAL LCD/LED 10 A 71 SBRUB750
20191223,9OHIJL01,21653,SUPORTE TV UNIVERSAL LCD/LED 10 A 71 SBRUB750
20191223,99CH4W01,21653,SUPORTE TV UNIVERSAL LCD/LED 10 A 71 SBRUB750
20191223,9OL6K201,21653,SUPORTE TV UNIVERSAL LCD/LED 10 A 71 SBRUB750
20191223,9OPA0101,24851,TABLET NB706 MINI MS50L PRETO/GRAFIT         
20191223,17551501,21653,SUPORTE TV UNIVERSAL LCD/LED 10 A 71 SBRUB750
20191223,99MB2X01,21653,SUPORTE TV UNIVERSAL LCD/LED 10 A 71 SBRUB750
20191223,15252501,21653,SUPORTE TV UNIVERSAL LCD/LED 10 A 71 SBRUB750
20191223,9OAZ9R01,25545,"TELEVISOR SMART 40"" TC40FS600B PANASONIC     "
20191223,9OG99X01,21653,SUPORTE TV UNIVERSAL LCD/LED 10 A 71 SBRUB750
20191223,63155101,21653,SUPORTE TV UNIVERSAL LCD/LED 10 A 71 SBRUB750
20191223,27355001,25884,CAIXA AMPLIFICADA MCO-07 MULTI CONNECT       
20191223,27355001,21653,SUPORTE TV UNIVERSAL LCD/LED 10 A 71 SBRUB750
20191223,9O99HD01,21653,SUPORTE TV UNIVERSAL LCD/LED 10 A 71 SBRUB750
20191223,9O754001,21653,SUPORTE TV UNIVERSAL LCD/LED 10 A 71 SBRUB750
20191223,9ONZQ701,21653,SUPORTE TV UNIVERSAL LCD/LED 10 A 71 SBRUB750
20191223,81803101,21653,SUPORTE TV UNIVERSAL LCD/LED 10 A 71 SBRUB750
20191223,20779401,21653,SUPORTE TV UNIVERSAL LCD/LED 10 A 71 SBRUB750
20191223,9OAYSM01,21653,SUPORTE TV UNIVERSAL LCD/LED 10 A 71 SBRUB750
20191223,999NZH01,21653,SUPORTE TV UNIVERSAL LCD/LED 10 A 71 SBRUB750
20191223,73387901,21653,SUPORTE TV UNIVERSAL LCD/LED 10 A 71 SBRUB750
20191223,65066401,21653,SUPORTE TV UNIVERSAL LCD/LED 10 A 71 SBRUB750
20191223,9OAVF501,21653,SUPORTE TV UNIVERSAL LCD/LED 10 A 71 SBRUB750
20191223,9OAVF501,23376,"TELEVISOR SMART 48"" KDL-48W655D SONY         "
20191223,9OCR0K01,21653,SUPORTE TV UNIVERSAL LCD/LED 10 A 71 SBRUB750
20191223,YYYSBH01,21653,SUPORTE TV UNIVERSAL LCD/LED 10 A 71 SBRUB750
20191223,99KP5G01,21653,SUPORTE TV UNIVERSAL LCD/LED 10 A 71 SBRUB750
20191223,9ONG2101,21653,SUPORTE TV UNIVERSAL LCD/LED 10 A 71 SBRUB750
20191223,14590401,26327,"TELEVISOR SMART 55"" 55P8M 4K UHD BLT SEMP TCL"
20191223,02037201,21653,SUPORTE TV UNIVERSAL LCD/LED 10 A 71 SBRUB750
20191223,74611901,21653,SUPORTE TV UNIVERSAL LCD/LED 10 A 71 SBRUB750
20191223,99GCLP01,21653,SUPORTE TV UNIVERSAL LCD/LED 10 A 71 SBRUB750
20191223,20523701,26325,"TELEVISOR SMART 43"" 43S5300 HD BLUET SEMP TCL"
20191223,83398001,21653,SUPORTE TV UNIVERSAL LCD/LED 10 A 71 SBRUB750
20191223,72487101,21653,SUPORTE TV UNIVERSAL LCD/LED 10 A 71 SBRUB750
20191223,38807401,21653,SUPORTE TV UNIVERSAL LCD/LED 10 A 71 SBRUB750
20191223,90757501,21653,SUPORTE TV UNIVERSAL LCD/LED 10 A 71 SBRUB750
20191223,72197001,25729,SMARTPHONE SAMSUNG GAL J4 CORE 16GB COBRE    
20191223,90757501,24716,RECEPTOR MIDIA BOX HDTV B3                   
20191222,99HIV701,21653,SUPORTE TV UNIVERSAL LCD/LED 10 A 71 SBRUB750
20191222,9NZF7301,25354,"TELEVISOR SMART 32"" UN32J4290 SAMSUNG        "
20191222,9NZF7301,21653,SUPORTE TV UNIVERSAL LCD/LED 10 A 71 SBRUB750
20191222,9NXFC501,24716,RECEPTOR MIDIA BOX HDTV B3                   
20191222,9NZVGQ01,25355,"TELEVISOR SMART 43"" UN43J5290 SAMSUNG        "
20191222,99BILC01,21653,SUPORTE TV UNIVERSAL LCD/LED 10 A 71 SBRUB750
20191222,9OH96P01,26330,CAIXA BLUETOOTH BS16B 16W SEMP TCL           
20191222,99FRBV01,25240,PEN DRIVE MC161 2X1 LEITOR USB SD 8G         
20191222,999BKQ01,21653,SUPORTE TV UNIVERSAL LCD/LED 10 A 71 SBRUB750
20191221,YYYFQJ01,21653,SUPORTE TV UNIVERSAL LCD/LED 10 A 71 SBRUB750
20191221,YYYYVP01,21653,SUPORTE TV UNIVERSAL LCD/LED 10 A 71 SBRUB750
20191221,YYYZEG01,21653,SUPORTE TV UNIVERSAL LCD/LED 10 A 71 SBRUB750
20191221,18268701,21653,SUPORTE TV UNIVERSAL LCD/LED 10 A 71 SBRUB750
20191221,9O0UMN01,21653,SUPORTE TV UNIVERSAL LCD/LED 10 A 71 SBRUB750
20191221,9OLJTF01,25904,"TELEVISOR SMART 50"" UHD BT UN50RU7100 SAMSUNG"
20191221,9OLJTF01,21653,SUPORTE TV UNIVERSAL LCD/LED 10 A 71 SBRUB750
20191221,YYYYZY01,21653,SUPORTE TV UNIVERSAL LCD/LED 10 A 71 SBRUB750
20191221,YYYZ9G01,21653,SUPORTE TV UNIVERSAL LCD/LED 10 A 71 SBRUB750
20191221,YYYZ4K01,21653,SUPORTE TV UNIVERSAL LCD/LED 10 A 71 SBRUB750
20191221,YYYYY801,21653,SUPORTE TV UNIVERSAL LCD/LED 10 A 71 SBRUB750
20191221,99KZQO01,21653,SUPORTE TV UNIVERSAL LCD/LED 10 A 71 SBRUB750
20191221,9OGZK201,21653,SUPORTE TV UNIVERSAL LCD/LED 10 A 71 SBRUB750
20191221,999SHB01,25728,SMARTPHONE SAMSUNG GAL J4 CORE 16GB PRETO    
20191221,54541901,25983,SMARTPHONE SAMSUNG GAL A10  A105 32GB VERMELH
20191221,29525301,21653,SUPORTE TV UNIVERSAL LCD/LED 10 A 71 SBRUB750
20191221,29525301,25252,"TELEVISOR SMART 49"" S4900FS FULL HD SEMP TCL "
20191221,9OC5Y001,21653,SUPORTE TV UNIVERSAL LCD/LED 10 A 71 SBRUB750
20191221,04174901,26008,SMARTPHONE SAMSUNG GAL A30  A305 64GB BRANCO 
20191221,99EYVB01,21653,SUPORTE TV UNIVERSAL LCD/LED 10 A 71 SBRUB750
20191221,99EYVB01,25998,"TELEVISOR 43"" 43S6500FS FULL HD SEMP TCL     "
20191221,99EONS01,21653,SUPORTE TV UNIVERSAL LCD/LED 10 A 71 SBRUB750
20191221,45252101,24914,SMARTPHONE MOTOROLA MOTO G6 PLAY XT1922 DB OU
20191221,99EF4Q01,25729,SMARTPHONE SAMSUNG GAL J4 CORE 16GB COBRE    
20191221,9OGI8001,21653,SUPORTE TV UNIVERSAL LCD/LED 10 A 71 SBRUB750
20191221,99NC7A01,25996,"TELEVISOR 32"" 32S6500S HD LED SEMP TCL       "
20191221,99NC7A01,21653,SUPORTE TV UNIVERSAL LCD/LED 10 A 71 SBRUB750
20191221,44344301,21653,SUPORTE TV UNIVERSAL LCD/LED 10 A 71 SBRUB750
20191221,9O2BJ401,26243,SUPORTE UNIV. BEDIN BU-25                    
20191221,25165501,21653,SUPORTE TV UNIVERSAL LCD/LED 10 A 71 SBRUB750
20191221,9NYYJ501,21653,SUPORTE TV UNIVERSAL LCD/LED 10 A 71 SBRUB750
20191221,9NYYJ501,25354,"TELEVISOR SMART 32"" UN32J4290 SAMSUNG        "
20191221,99J5FR01,21653,SUPORTE TV UNIVERSAL LCD/LED 10 A 71 SBRUB750
20191221,999SC401,26004,SMARTPHONE SAMSUNG GAL A20  A205 32GB AZUL   
20191221,90989701,21653,SUPORTE TV UNIVERSAL LCD/LED 10 A 71 SBRUB750
20191221,99EXNL01,21653,SUPORTE TV UNIVERSAL LCD/LED 10 A 71 SBRUB750
20191221,25165501,25998,"TELEVISOR 43"" 43S6500FS FULL HD SEMP TCL     "
20191221,9OGATS01,21653,SUPORTE TV UNIVERSAL LCD/LED 10 A 71 SBRUB750
20191221,9OGATS01,25355,"TELEVISOR SMART 43"" UN43J5290 SAMSUNG        "
20191221,9NYVP701,21653,SUPORTE TV UNIVERSAL LCD/LED 10 A 71 SBRUB750
20191221,17879601,22752,CELULAR RIU FLIP 2.4 DB DOURADO              
20191221,91585601,25354,"TELEVISOR SMART 32"" UN32J4290 SAMSUNG        "
20191221,91585601,21653,SUPORTE TV UNIVERSAL LCD/LED 10 A 71 SBRUB750
20191221,9O0L4R01,21653,SUPORTE TV UNIVERSAL LCD/LED 10 A 71 SBRUB750
20191221,20121001,25998,"TELEVISOR 43"" 43S6500FS FULL HD SEMP TCL     "
20191221,20121001,21653,SUPORTE TV UNIVERSAL LCD/LED 10 A 71 SBRUB750
20191221,9O7V7601,25884,CAIXA AMPLIFICADA MCO-07 MULTI CONNECT       
20191221,99QH1C01,21653,SUPORTE TV UNIVERSAL LCD/LED 10 A 71 SBRUB750
20191221,9NYPVN01,26243,SUPORTE UNIV. BEDIN BU-25                    
20191221,9O3QK501,21653,SUPORTE TV UNIVERSAL LCD/LED 10 A 71 SBRUB750
20191221,03234601,25998,"TELEVISOR 43"" 43S6500FS FULL HD SEMP TCL     "
20191221,03234601,21653,SUPORTE TV UNIVERSAL LCD/LED 10 A 71 SBRUB750
20191221,99KQO601,21653,SUPORTE TV UNIVERSAL LCD/LED 10 A 71 SBRUB750
20191221,999W9O01,21653,SUPORTE TV UNIVERSAL LCD/LED 10 A 71 SBRUB750
20191221,999W9O01,25998,"TELEVISOR 43"" 43S6500FS FULL HD SEMP TCL     "
20191221,11165501,25729,SMARTPHONE SAMSUNG GAL J4 CORE 16GB COBRE    
20191221,25097101,21653,SUPORTE TV UNIVERSAL LCD/LED 10 A 71 SBRUB750
20191221,09834701,21653,SUPORTE TV UNIVERSAL LCD/LED 10 A 71 SBRUB750
20191221,91147701,21653,SUPORTE TV UNIVERSAL LCD/LED 10 A 71 SBRUB750
20191221,91147701,25545,"TELEVISOR SMART 40"" TC40FS600B PANASONIC     "
20191221,60472001,26330,CAIXA BLUETOOTH BS16B 16W SEMP TCL           
20191221,03369301,21653,SUPORTE TV UNIVERSAL LCD/LED 10 A 71 SBRUB750
20191221,53856101,21653,SUPORTE TV UNIVERSAL LCD/LED 10 A 71 SBRUB750
20191221,99A45Q01,21653,SUPORTE TV UNIVERSAL LCD/LED 10 A 71 SBRUB750
20191221,04759801,21653,SUPORTE TV UNIVERSAL LCD/LED 10 A 71 SBRUB750
20191221,04759801,25998,"TELEVISOR 43"" 43S6500FS FULL HD SEMP TCL     "
20191221,999N3M01,21653,SUPORTE TV UNIVERSAL LCD/LED 10 A 71 SBRUB750
20191221,999N3M01,25303,"TELEVISOR SMART 32"" TC32FS500B PANASONIC     "
20191221,06064201,21653,SUPORTE TV UNIVERSAL LCD/LED 10 A 71 SBRUB750
20191221,06064201,25355,"TELEVISOR SMART 43"" UN43J5290 SAMSUNG        "
20191221,9O3DPO01,21653,SUPORTE TV UNIVERSAL LCD/LED 10 A 71 SBRUB750
20191221,91366401,26243,SUPORTE UNIV. BEDIN BU-25                    
20191221,9O6C4Q01,21653,SUPORTE TV UNIVERSAL LCD/LED 10 A 71 SBRUB750
20191221,99PVT201,25191,SMARTPHONE SAMSUNG GAL J6 32GB PRETO         
20191221,9OQTSR01,21653,SUPORTE TV UNIVERSAL LCD/LED 10 A 71 SBRUB750
20191221,99CH4W01,25303,"TELEVISOR SMART 32"" TC32FS500B PANASONIC     "
20191221,09669101,25996,"TELEVISOR 32"" 32S6500S HD LED SEMP TCL       "
20191221,09669101,21653,SUPORTE TV UNIVERSAL LCD/LED 10 A 71 SBRUB750
20191221,17551501,25355,"TELEVISOR SMART 43"" UN43J5290 SAMSUNG        "
20191221,9OMC0601,24278,MEGA DRIVE 22 JOGOS TECTOY                   
20191221,99CWJ601,21653,SUPORTE TV UNIVERSAL LCD/LED 10 A 71 SBRUB750
20191221,45723101,21653,SUPORTE TV UNIVERSAL LCD/LED 10 A 71 SBRUB750
20191221,9OJNOY01,21653,SUPORTE TV UNIVERSAL LCD/LED 10 A 71 SBRUB750
20191221,9OJNOY01,24911,"TELEVISOR SMART 43"" S3900FS SEMP TCL         "
20191221,9O754001,25996,"TELEVISOR 32"" 32S6500S HD LED SEMP TCL       "
20191221,95784701,21653,SUPORTE TV UNIVERSAL LCD/LED 10 A 71 SBRUB750
20191221,999PZA01,21653,SUPORTE TV UNIVERSAL LCD/LED 10 A 71 SBRUB750
20191221,999PZA01,21653,SUPORTE TV UNIVERSAL LCD/LED 10 A 71 SBRUB750
20191221,99825001,21653,SUPORTE TV UNIVERSAL LCD/LED 10 A 71 SBRUB750
20191221,9O5EX801,22218,CONJ.SC-AKX220LBK PANASONIC                  
20191221,9O5EX801,21653,SUPORTE TV UNIVERSAL LCD/LED 10 A 71 SBRUB750
20191221,99IOZU01,25241,PEN DRIVE MC162 2X1 LEITOR USB SD 16GB       
20191221,37728901,21653,SUPORTE TV UNIVERSAL LCD/LED 10 A 71 SBRUB750
20191221,9O322501,21653,SUPORTE TV UNIVERSAL LCD/LED 10 A 71 SBRUB750
20191221,99JU3D01,21653,SUPORTE TV UNIVERSAL LCD/LED 10 A 71 SBRUB750
20191221,99PK9A01,21653,SUPORTE TV UNIVERSAL LCD/LED 10 A 71 SBRUB750
20191221,99MEYC01,21653,SUPORTE TV UNIVERSAL LCD/LED 10 A 71 SBRUB750
20191221,9O11V101,21653,SUPORTE TV UNIVERSAL LCD/LED 10 A 71 SBRUB750
20191221,9O0CJ201,21653,SUPORTE TV UNIVERSAL LCD/LED 10 A 71 SBRUB750
20191221,99HPLZ01,21653,SUPORTE TV UNIVERSAL LCD/LED 10 A 71 SBRUB750
20191221,9OMXFX01,25355,"TELEVISOR SMART 43"" UN43J5290 SAMSUNG        "
20191221,9OMXFX01,21653,SUPORTE TV UNIVERSAL LCD/LED 10 A 71 SBRUB750
20191221,35416601,23376,"TELEVISOR SMART 48"" KDL-48W655D SONY         "
20191221,98007601,21653,SUPORTE TV UNIVERSAL LCD/LED 10 A 71 SBRUB750
20191221,99AB5I01,21653,SUPORTE TV UNIVERSAL LCD/LED 10 A 71 SBRUB750
20191221,9O9ZYV01,21653,SUPORTE TV UNIVERSAL LCD/LED 10 A 71 SBRUB750
20191220,YYYYJR01,21653,SUPORTE TV UNIVERSAL LCD/LED 10 A 71 SBRUB750
20191220,YYYXZC01,21653,SUPORTE TV UNIVERSAL LCD/LED 10 A 71 SBRUB750
20191220,YYYYRA01,21653,SUPORTE TV UNIVERSAL LCD/LED 10 A 71 SBRUB750
20191220,YYYYC901,21653,SUPORTE TV UNIVERSAL LCD/LED 10 A 71 SBRUB750
20191220,YYYYC901,25904,"TELEVISOR SMART 50"" UHD BT UN50RU7100 SAMSUNG"
20191220,YYYYCH01,21653,SUPORTE TV UNIVERSAL LCD/LED 10 A 71 SBRUB750
20191220,YYYYFH01,21653,SUPORTE TV UNIVERSAL LCD/LED 10 A 71 SBRUB750
20191220,YYYYFH01,25354,"TELEVISOR SMART 32"" UN32J4290 SAMSUNG        "
20191220,000ZAH01,21653,SUPORTE TV UNIVERSAL LCD/LED 10 A 71 SBRUB750
20191220,YYYY8T01,21653,SUPORTE TV UNIVERSAL LCD/LED 10 A 71 SBRUB750
20191220,YYYW1Z01,21653,SUPORTE TV UNIVERSAL LCD/LED 10 A 71 SBRUB750
20191220,YYYY2E01,21653,SUPORTE TV UNIVERSAL LCD/LED 10 A 71 SBRUB750
20191220,9O7GNZ01,21653,SUPORTE TV UNIVERSAL LCD/LED 10 A 71 SBRUB750
20191220,01486701,21653,SUPORTE TV UNIVERSAL LCD/LED 10 A 71 SBRUB750
20191220,99NC7C01,21653,SUPORTE TV UNIVERSAL LCD/LED 10 A 71 SBRUB750
20191220,9OG0Z101,21653,SUPORTE TV UNIVERSAL LCD/LED 10 A 71 SBRUB750
20191220,94113001,21653,SUPORTE TV UNIVERSAL LCD/LED 10 A 71 SBRUB750
20191220,9O06HK01,25729,SMARTPHONE SAMSUNG GAL J4 CORE 16GB COBRE    
20191220,9O074U01,21653,SUPORTE TV UNIVERSAL LCD/LED 10 A 71 SBRUB750
20191220,13217401,21653,SUPORTE TV UNIVERSAL LCD/LED 10 A 71 SBRUB750
20191220,78918401,21653,SUPORTE TV UNIVERSAL LCD/LED 10 A 71 SBRUB750
20191220,999NOC01,21653,SUPORTE TV UNIVERSAL LCD/LED 10 A 71 SBRUB750
20191220,99C0D901,21653,SUPORTE TV UNIVERSAL LCD/LED 10 A 71 SBRUB750
20191220,35922601,21653,SUPORTE TV UNIVERSAL LCD/LED 10 A 71 SBRUB750
20191220,36215201,21653,SUPORTE TV UNIVERSAL LCD/LED 10 A 71 SBRUB750
20191220,99HDAA01,25481,SMARTPHONE LG K9 TV LM-X210BMW DOURADO       
20191220,97624101,21653,SUPORTE TV UNIVERSAL LCD/LED 10 A 71 SBRUB750
20191220,99LTXU01,21653,SUPORTE TV UNIVERSAL LCD/LED 10 A 71 SBRUB750
20191220,49438401,21653,SUPORTE TV UNIVERSAL LCD/LED 10 A 71 SBRUB750
20191220,49438401,26222,CELULAR INFINITY W201 PRETO                  
20191220,49438401,25998,"TELEVISOR 43"" 43S6500FS FULL HD SEMP TCL     "
20191220,99CER401,21653,SUPORTE TV UNIVERSAL LCD/LED 10 A 71 SBRUB750
20191220,9O3UKT01,21653,SUPORTE TV UNIVERSAL LCD/LED 10 A 71 SBRUB750
20191220,99EN5Y01,26243,SUPORTE UNIV. BEDIN BU-25                    
20191220,22094801,21653,SUPORTE TV UNIVERSAL LCD/LED 10 A 71 SBRUB750
20191220,99F23T01,21653,SUPORTE TV UNIVERSAL LCD/LED 10 A 71 SBRUB750
20191220,9OO55L01,23807,KIT AUTOMOTIVO AU 953 MP3+4 ALTO FALANTES    
20191220,72302501,21653,SUPORTE TV UNIVERSAL LCD/LED 10 A 71 SBRUB750
20191220,96893701,21653,SUPORTE TV UNIVERSAL LCD/LED 10 A 71 SBRUB750
20191220,99CFYH01,21653,SUPORTE TV UNIVERSAL LCD/LED 10 A 71 SBRUB750
20191220,9OLRW401,21653,SUPORTE TV UNIVERSAL LCD/LED 10 A 71 SBRUB750
20191220,9OMQK001,26330,CAIXA BLUETOOTH BS16B 16W SEMP TCL           
20191220,9NZY4U01,21653,SUPORTE TV UNIVERSAL LCD/LED 10 A 71 SBRUB750
20191220,97254901,21653,SUPORTE TV UNIVERSAL LCD/LED 10 A 71 SBRUB750
20191220,84089701,21653,SUPORTE TV UNIVERSAL LCD/LED 10 A 71 SBRUB750
20191220,99H2M101,21653,SUPORTE TV UNIVERSAL LCD/LED 10 A 71 SBRUB750
20191220,99H2M101,25354,"TELEVISOR SMART 32"" UN32J4290 SAMSUNG        "
20191220,98220601,21653,SUPORTE TV UNIVERSAL LCD/LED 10 A 71 SBRUB750
20191220,05780301,21653,SUPORTE TV UNIVERSAL LCD/LED 10 A 71 SBRUB750
20191220,91101901,20599,ROTEADOR RE160 300 MBPS NOVO (05)            
20191220,91101901,21653,SUPORTE TV UNIVERSAL LCD/LED 10 A 71 SBRUB750
20191220,91101901,25998,"TELEVISOR 43"" 43S6500FS FULL HD SEMP TCL     "
20191220,90723201,21653,SUPORTE TV UNIVERSAL LCD/LED 10 A 71 SBRUB750
20191220,90723201,25355,"TELEVISOR SMART 43"" UN43J5290 SAMSUNG        "
20191220,37834401,24335,"TELEVISOR SMART 43"" L43S4900FS SEMP TCL      "
20191220,37834401,21653,SUPORTE TV UNIVERSAL LCD/LED 10 A 71 SBRUB750
20191220,17742501,21653,SUPORTE TV UNIVERSAL LCD/LED 10 A 71 SBRUB750
20191220,99G75L01,21653,SUPORTE TV UNIVERSAL LCD/LED 10 A 71 SBRUB750
20191220,18139401,26222,CELULAR INFINITY W201 PRETO                  
20191220,99DG1P01,21653,SUPORTE TV UNIVERSAL LCD/LED 10 A 71 SBRUB750
20191220,99DG1P01,25983,SMARTPHONE SAMSUNG GAL A10  A105 32GB VERMELH
20191220,96894501,21653,SUPORTE TV UNIVERSAL LCD/LED 10 A 71 SBRUB750
20191220,14459401,25996,"TELEVISOR 32"" 32S6500S HD LED SEMP TCL       "
20191220,14459401,21653,SUPORTE TV UNIVERSAL LCD/LED 10 A 71 SBRUB750
20191220,9O22Q401,21653,SUPORTE TV UNIVERSAL LCD/LED 10 A 71 SBRUB750
20191220,99KN6V01,21653,SUPORTE TV UNIVERSAL LCD/LED 10 A 71 SBRUB750
20191220,24992001,21653,SUPORTE TV UNIVERSAL LCD/LED 10 A 71 SBRUB750
20191220,99LH7H01,26431,CAIXA DE SOM SK-05 VIBE PLUS SPEAKER BIVOLT  
20191220,03019601,25481,SMARTPHONE LG K9 TV LM-X210BMW DOURADO       
20191220,99DNH301,21653,SUPORTE TV UNIVERSAL LCD/LED 10 A 71 SBRUB750
20191220,93604001,21653,SUPORTE TV UNIVERSAL LCD/LED 10 A 71 SBRUB750
20191220,70468001,21653,SUPORTE TV UNIVERSAL LCD/LED 10 A 71 SBRUB750
20191220,24992001,20599,ROTEADOR RE160 300 MBPS NOVO (05)            
20191220,9OPY7C01,25167,RADIO AUTOMOTIVO P3321 BLUETOOTH MULTILASER  
20191220,9OHWZ601,25684,SMARTPHONE MOTOROLA MOTO ONE DB BRANCO       
20191220,9OHWZ601,25505,CARREGADOR VEICULAR USB PTO                  
20191220,9OJI5O01,21653,SUPORTE TV UNIVERSAL LCD/LED 10 A 71 SBRUB750
20191220,9OJI5O01,25998,"TELEVISOR 43"" 43S6500FS FULL HD SEMP TCL     "
20191220,9OISSZ01,25303,"TELEVISOR SMART 32"" TC32FS500B PANASONIC     "
20191220,9OISSZ01,21653,SUPORTE TV UNIVERSAL LCD/LED 10 A 71 SBRUB750
20191220,9OL6K201,25904,"TELEVISOR SMART 50"" UHD BT UN50RU7100 SAMSUNG"
20191220,9O646D01,21653,SUPORTE TV UNIVERSAL LCD/LED 10 A 71 SBRUB750
20191220,9O2ZAZ01,24716,RECEPTOR MIDIA BOX HDTV B3                   
20191220,9O2ZAZ01,21653,SUPORTE TV UNIVERSAL LCD/LED 10 A 71 SBRUB750
20191220,9O2ZAZ01,25355,"TELEVISOR SMART 43"" UN43J5290 SAMSUNG        "
20191220,57233401,21653,SUPORTE TV UNIVERSAL LCD/LED 10 A 71 SBRUB750
20191220,99AFTF01,21653,SUPORTE TV UNIVERSAL LCD/LED 10 A 71 SBRUB750
20191220,91822901,21653,SUPORTE TV UNIVERSAL LCD/LED 10 A 71 SBRUB750
20191220,90225401,25303,"TELEVISOR SMART 32"" TC32FS500B PANASONIC     "
20191220,90225401,21653,SUPORTE TV UNIVERSAL LCD/LED 10 A 71 SBRUB750
20191220,99HKZZ01,21653,SUPORTE TV UNIVERSAL LCD/LED 10 A 71 SBRUB750
20191220,9NY8IS01,21653,SUPORTE TV UNIVERSAL LCD/LED 10 A 71 SBRUB750
20191220,92004801,24716,RECEPTOR MIDIA BOX HDTV B3                   
20191220,9O03NZ01,21653,SUPORTE TV UNIVERSAL LCD/LED 10 A 71 SBRUB750
20191220,99EF1001,21653,SUPORTE TV UNIVERSAL LCD/LED 10 A 71 SBRUB750
20191220,99DI5601,21653,SUPORTE TV UNIVERSAL LCD/LED 10 A 71 SBRUB750
20191220,9O0ARZ01,21653,SUPORTE TV UNIVERSAL LCD/LED 10 A 71 SBRUB750
20191220,9O7RHR01,21653,SUPORTE TV UNIVERSAL LCD/LED 10 A 71 SBRUB750
20191220,9O9PNW01,21653,SUPORTE TV UNIVERSAL LCD/LED 10 A 71 SBRUB750
20191220,9O9PNW01,25998,"TELEVISOR 43"" 43S6500FS FULL HD SEMP TCL     "
20191220,00471101,26330,CAIXA BLUETOOTH BS16B 16W SEMP TCL           
20191220,99IBHZ01,21653,SUPORTE TV UNIVERSAL LCD/LED 10 A 71 SBRUB750
20191220,99JRNC01,21653,SUPORTE TV UNIVERSAL LCD/LED 10 A 71 SBRUB750
20191220,16614901,25998,"TELEVISOR 43"" 43S6500FS FULL HD SEMP TCL     "
20191220,16614901,21653,SUPORTE TV UNIVERSAL LCD/LED 10 A 71 SBRUB750
20191220,83714001,21653,SUPORTE TV UNIVERSAL LCD/LED 10 A 71 SBRUB750
20191220,64321801,21653,SUPORTE TV UNIVERSAL LCD/LED 10 A 71 SBRUB750
20191220,99F1D701,21653,SUPORTE TV UNIVERSAL LCD/LED 10 A 71 SBRUB750
20191220,99F1D701,20599,ROTEADOR RE160 300 MBPS NOVO (05)            
20191220,04038201,21653,SUPORTE TV UNIVERSAL LCD/LED 10 A 71 SBRUB750
20191220,94988301,21653,SUPORTE TV UNIVERSAL LCD/LED 10 A 71 SBRUB750
20191220,9OFQU501,21653,SUPORTE TV UNIVERSAL LCD/LED 10 A 71 SBRUB750
20191220,90707801,21653,SUPORTE TV UNIVERSAL LCD/LED 10 A 71 SBRUB750
20191219,YYYXQT01,21653,SUPORTE TV UNIVERSAL LCD/LED 10 A 71 SBRUB750
20191219,YYYXQT01,25354,"TELEVISOR SMART 32"" UN32J4290 SAMSUNG        "
20191219,YYYX6C01,21653,SUPORTE TV UNIVERSAL LCD/LED 10 A 71 SBRUB750
20191219,YYYXBL01,21653,SUPORTE TV UNIVERSAL LCD/LED 10 A 71 SBRUB750
20191219,YYYXBL01,23779,"TELEVISOR SMART 49"" 49LJ5550 LG              "
20191219,YYYXSJ01,21653,SUPORTE TV UNIVERSAL LCD/LED 10 A 71 SBRUB750
20191219,YYYXE701,21653,SUPORTE TV UNIVERSAL LCD/LED 10 A 71 SBRUB750
20191219,YYYXE701,25354,"TELEVISOR SMART 32"" UN32J4290 SAMSUNG        "
20191219,YYYXW601,21653,SUPORTE TV UNIVERSAL LCD/LED 10 A 71 SBRUB750
20191219,YYYXM901,21653,SUPORTE TV UNIVERSAL LCD/LED 10 A 71 SBRUB750
20191219,98879001,26003,SMARTPHONE SAMSUNG GAL A20  A205 32GB PRETO  
20191219,YYYXRH01,21653,SUPORTE TV UNIVERSAL LCD/LED 10 A 71 SBRUB750
20191219,99C0ZU01,21653,SUPORTE TV UNIVERSAL LCD/LED 10 A 71 SBRUB750
20191219,99LGFS01,21653,SUPORTE TV UNIVERSAL LCD/LED 10 A 71 SBRUB750
20191219,21887301,21653,SUPORTE TV UNIVERSAL LCD/LED 10 A 71 SBRUB750
20191219,21887301,25998,"TELEVISOR 43"" 43S6500FS FULL HD SEMP TCL     "
20191219,9OLIN401,21653,SUPORTE TV UNIVERSAL LCD/LED 10 A 71 SBRUB750
20191219,99EXZB01,21653,SUPORTE TV UNIVERSAL LCD/LED 10 A 71 SBRUB750
20191219,9OF3DA01,21653,SUPORTE TV UNIVERSAL LCD/LED 10 A 71 SBRUB750
20191219,99A7RI01,21653,SUPORTE TV UNIVERSAL LCD/LED 10 A 71 SBRUB750
20191219,99PP7601,24524,BOX LINE OCM 3912 ONEAL                      
20191219,99PP7601,23376,"TELEVISOR SMART 48"" KDL-48W655D SONY         "
20191219,99PP7601,21653,SUPORTE TV UNIVERSAL LCD/LED 10 A 71 SBRUB750
20191219,99PP7601,26007,SMARTPHONE SAMSUNG GAL A30 A305 64GB AZUL    
20191219,9O3KC601,21653,SUPORTE TV UNIVERSAL LCD/LED 10 A 71 SBRUB750
20191219,9OKA0F01,25983,SMARTPHONE SAMSUNG GAL A10  A105 32GB VERMELH
20191219,41835301,25676,SMARTPHONE MOTOROLA MOTO G7 PLAY XT1952-5 DR 
20191219,41835301,26423,CAIXA AMPLIFICADA CM-09 CONNECT DJ CONTROLLER
20191219,64272001,21653,SUPORTE TV UNIVERSAL LCD/LED 10 A 71 SBRUB750
20191219,84184101,21653,SUPORTE TV UNIVERSAL LCD/LED 10 A 71 SBRUB750
20191219,45350501,21653,SUPORTE TV UNIVERSAL LCD/LED 10 A 71 SBRUB750
20191219,45350501,25354,"TELEVISOR SMART 32"" UN32J4290 SAMSUNG        "
20191219,11739701,21653,SUPORTE TV UNIVERSAL LCD/LED 10 A 71 SBRUB750
20191219,76792801,21653,SUPORTE TV UNIVERSAL LCD/LED 10 A 71 SBRUB750
20191219,47181801,26243,SUPORTE UNIV. BEDIN BU-25                    
20191219,98219901,21653,SUPORTE TV UNIVERSAL LCD/LED 10 A 71 SBRUB750
20191219,98219901,25998,"TELEVISOR 43"" 43S6500FS FULL HD SEMP TCL     "
20191219,99DIOR01,21653,SUPORTE TV UNIVERSAL LCD/LED 10 A 71 SBRUB750
20191219,99DIOR01,25998,"TELEVISOR 43"" 43S6500FS FULL HD SEMP TCL     "
20191219,95180401,21653,SUPORTE TV UNIVERSAL LCD/LED 10 A 71 SBRUB750
20191219,60981301,19729,PEN DRIVE 8GB PD587 TWIST PRETO              
20191219,00270001,21653,SUPORTE TV UNIVERSAL LCD/LED 10 A 71 SBRUB750
20191219,9NYU7B01,21653,SUPORTE TV UNIVERSAL LCD/LED 10 A 71 SBRUB750
20191219,04953601,21653,SUPORTE TV UNIVERSAL LCD/LED 10 A 71 SBRUB750
20191219,9NWJLX01,21653,SUPORTE TV UNIVERSAL LCD/LED 10 A 71 SBRUB750
20191219,03761601,25354,"TELEVISOR SMART 32"" UN32J4290 SAMSUNG        "
20191219,03761601,21653,SUPORTE TV UNIVERSAL LCD/LED 10 A 71 SBRUB750
20191219,9O0L4R01,25354,"TELEVISOR SMART 32"" UN32J4290 SAMSUNG        "
20191219,9O1BJS01,21653,SUPORTE TV UNIVERSAL LCD/LED 10 A 71 SBRUB750
20191219,9O3HSU01,21653,SUPORTE TV UNIVERSAL LCD/LED 10 A 71 SBRUB750
20191219,9ODHH001,21653,SUPORTE TV UNIVERSAL LCD/LED 10 A 71 SBRUB750
20191219,20099801,21653,SUPORTE TV UNIVERSAL LCD/LED 10 A 71 SBRUB750
20191219,99J7D601,21653,SUPORTE TV UNIVERSAL LCD/LED 10 A 71 SBRUB750
20191219,99PXGZ01,21653,SUPORTE TV UNIVERSAL LCD/LED 10 A 71 SBRUB750
20191219,99PXGZ01,21653,SUPORTE TV UNIVERSAL LCD/LED 10 A 71 SBRUB750
20191219,90452701,21653,SUPORTE TV UNIVERSAL LCD/LED 10 A 71 SBRUB750
20191219,25101301,21653,SUPORTE TV UNIVERSAL LCD/LED 10 A 71 SBRUB750
20191219,99BXN801,21653,SUPORTE TV UNIVERSAL LCD/LED 10 A 71 SBRUB750
20191219,71324701,21653,SUPORTE TV UNIVERSAL LCD/LED 10 A 71 SBRUB750
20191219,19108001,21653,SUPORTE TV UNIVERSAL LCD/LED 10 A 71 SBRUB750
20191219,04281501,25904,"TELEVISOR SMART 50"" UHD BT UN50RU7100 SAMSUNG"
20191219,04281501,21653,SUPORTE TV UNIVERSAL LCD/LED 10 A 71 SBRUB750
20191219,43162001,21653,SUPORTE TV UNIVERSAL LCD/LED 10 A 71 SBRUB750
20191219,37365801,21653,SUPORTE TV UNIVERSAL LCD/LED 10 A 71 SBRUB750
20191219,99F7WM01,21653,SUPORTE TV UNIVERSAL LCD/LED 10 A 71 SBRUB750
20191219,9O22Q401,21653,SUPORTE TV UNIVERSAL LCD/LED 10 A 71 SBRUB750
20191219,99E5BG01,25738,"TELEVISOR SMART 43"" PTV43E60SN LED PHILCO    "
20191219,99E5BG01,21653,SUPORTE TV UNIVERSAL LCD/LED 10 A 71 SBRUB750
20191219,73663801,24913,SMARTPHONE MOTOROLA MOTO G6 PLAY XT1922 DB IN
20191219,9OPN6V01,25244,TABLET NB730 MINI MS50G PRATA/PRETO          
20191219,05386801,21653,SUPORTE TV UNIVERSAL LCD/LED 10 A 71 SBRUB750
20191219,53965201,26423,CAIXA AMPLIFICADA CM-09 CONNECT DJ CONTROLLER
20191219,9OLPFX01,21653,SUPORTE TV UNIVERSAL LCD/LED 10 A 71 SBRUB750
20191219,9OKO3B01,21653,SUPORTE TV UNIVERSAL LCD/LED 10 A 71 SBRUB750
20191219,9OPDGU01,25241,PEN DRIVE MC162 2X1 LEITOR USB SD 16GB       
20191219,99BY3G01,21653,SUPORTE TV UNIVERSAL LCD/LED 10 A 71 SBRUB750
20191219,16954001,21653,SUPORTE TV UNIVERSAL LCD/LED 10 A 71 SBRUB750
20191219,90737101,21653,SUPORTE TV UNIVERSAL LCD/LED 10 A 71 SBRUB750
20191219,999II801,21653,SUPORTE TV UNIVERSAL LCD/LED 10 A 71 SBRUB750
20191219,9OMOIW01,21653,SUPORTE TV UNIVERSAL LCD/LED 10 A 71 SBRUB750
20191219,99G3Y401,21653,SUPORTE TV UNIVERSAL LCD/LED 10 A 71 SBRUB750
20191219,99368801,21653,SUPORTE TV UNIVERSAL LCD/LED 10 A 71 SBRUB750
20191219,21679401,21653,SUPORTE TV UNIVERSAL LCD/LED 10 A 71 SBRUB750
20191219,74324501,21653,SUPORTE TV UNIVERSAL LCD/LED 10 A 71 SBRUB750
20191219,9O9C8U01,25998,"TELEVISOR 43"" 43S6500FS FULL HD SEMP TCL     "
20191219,9O9C8U01,21653,SUPORTE TV UNIVERSAL LCD/LED 10 A 71 SBRUB750
20191219,9OHKE301,21653,SUPORTE TV UNIVERSAL LCD/LED 10 A 71 SBRUB750
20191219,9OHDSL01,21653,SUPORTE TV UNIVERSAL LCD/LED 10 A 71 SBRUB750
20191219,28824201,21653,SUPORTE TV UNIVERSAL LCD/LED 10 A 71 SBRUB750
20191219,28824201,25355,"TELEVISOR SMART 43"" UN43J5290 SAMSUNG        "
20191219,98119501,21653,SUPORTE TV UNIVERSAL LCD/LED 10 A 71 SBRUB750
20191219,79338001,21653,SUPORTE TV UNIVERSAL LCD/LED 10 A 71 SBRUB750
20191219,92004801,21653,SUPORTE TV UNIVERSAL LCD/LED 10 A 71 SBRUB750
20191219,99AFTF01,25904,"TELEVISOR SMART 50"" UHD BT UN50RU7100 SAMSUNG"
20191219,99K2J401,21653,SUPORTE TV UNIVERSAL LCD/LED 10 A 71 SBRUB750
20191219,01325801,21653,SUPORTE TV UNIVERSAL LCD/LED 10 A 71 SBRUB750
20191219,9O67KP01,21653,SUPORTE TV UNIVERSAL LCD/LED 10 A 71 SBRUB750
20191219,45432701,21653,SUPORTE TV UNIVERSAL LCD/LED 10 A 71 SBRUB750
20191219,99DEKZ01,21653,SUPORTE TV UNIVERSAL LCD/LED 10 A 71 SBRUB750
20191219,33190901,25998,"TELEVISOR 43"" 43S6500FS FULL HD SEMP TCL     "
20191219,33190901,21653,SUPORTE TV UNIVERSAL LCD/LED 10 A 71 SBRUB750
20191219,99D2DS01,21653,SUPORTE TV UNIVERSAL LCD/LED 10 A 71 SBRUB750
20191219,99D2DS01,25728,SMARTPHONE SAMSUNG GAL J4 CORE 16GB PRETO    
20191219,9OH0JQ01,21653,SUPORTE TV UNIVERSAL LCD/LED 10 A 71 SBRUB750
20191219,72291001,21653,SUPORTE TV UNIVERSAL LCD/LED 10 A 71 SBRUB750
20191219,9OMTNV01,21653,SUPORTE TV UNIVERSAL LCD/LED 10 A 71 SBRUB750
20191219,99D7YA01,21653,SUPORTE TV UNIVERSAL LCD/LED 10 A 71 SBRUB750
20191218,YYYW6I01,21653,SUPORTE TV UNIVERSAL LCD/LED 10 A 71 SBRUB750
20191218,YYYWSM01,21653,SUPORTE TV UNIVERSAL LCD/LED 10 A 71 SBRUB750
20191218,YYYTXK01,21653,SUPORTE TV UNIVERSAL LCD/LED 10 A 71 SBRUB750
20191218,YYYWMI01,21653,SUPORTE TV UNIVERSAL LCD/LED 10 A 71 SBRUB750
20191218,YYYWMI01,25998,"TELEVISOR 43"" 43S6500FS FULL HD SEMP TCL     "
20191218,YYYWK101,21653,SUPORTE TV UNIVERSAL LCD/LED 10 A 71 SBRUB750
20191218,78499201,24911,"TELEVISOR SMART 43"" S3900FS SEMP TCL         "
20191218,78499201,21653,SUPORTE TV UNIVERSAL LCD/LED 10 A 71 SBRUB750
20191218,50143101,21653,SUPORTE TV UNIVERSAL LCD/LED 10 A 71 SBRUB750
20191218,9O31VJ01,21653,SUPORTE TV UNIVERSAL LCD/LED 10 A 71 SBRUB750
20191218,9O31VJ01,23376,"TELEVISOR SMART 48"" KDL-48W655D SONY         "
20191218,9O9PSQ01,21653,SUPORTE TV UNIVERSAL LCD/LED 10 A 71 SBRUB750
20191218,9O1APM01,21653,SUPORTE TV UNIVERSAL LCD/LED 10 A 71 SBRUB750
20191218,9O1APM01,19524,RADIO RECEPTOR 7 FXS RM PFT73AC              
20191218,73056901,26423,CAIXA AMPLIFICADA CM-09 CONNECT DJ CONTROLLER
20191218,99DIJK01,25983,SMARTPHONE SAMSUNG GAL A10  A105 32GB VERMELH
20191218,12641601,25983,SMARTPHONE SAMSUNG GAL A10  A105 32GB VERMELH
20191218,97141101,21653,SUPORTE TV UNIVERSAL LCD/LED 10 A 71 SBRUB750
20191218,97141101,25354,"TELEVISOR SMART 32"" UN32J4290 SAMSUNG        "
20191218,50091701,25729,SMARTPHONE SAMSUNG GAL J4 CORE 16GB COBRE    
20191218,50091701,25728,SMARTPHONE SAMSUNG GAL J4 CORE 16GB PRETO    
20191218,9O5FLQ01,21653,SUPORTE TV UNIVERSAL LCD/LED 10 A 71 SBRUB750
20191218,9NYEFI01,21653,SUPORTE TV UNIVERSAL LCD/LED 10 A 71 SBRUB750
20191218,9OBOKH01,25354,"TELEVISOR SMART 32"" UN32J4290 SAMSUNG        "
20191218,9OBOKH01,21653,SUPORTE TV UNIVERSAL LCD/LED 10 A 71 SBRUB750
20191218,9OES3E01,21653,SUPORTE TV UNIVERSAL LCD/LED 10 A 71 SBRUB750
20191218,9ODM9501,21653,SUPORTE TV UNIVERSAL LCD/LED 10 A 71 SBRUB750
20191218,99INA001,21653,SUPORTE TV UNIVERSAL LCD/LED 10 A 71 SBRUB750
20191218,99JL9I01,25303,"TELEVISOR SMART 32"" TC32FS500B PANASONIC     "
20191218,99JL9I01,21653,SUPORTE TV UNIVERSAL LCD/LED 10 A 71 SBRUB750
20191218,16971101,21653,SUPORTE TV UNIVERSAL LCD/LED 10 A 71 SBRUB750
20191218,16971101,25933,TABLET NB304 M7 3G PLUS QUAD CORE PRETO      
20191218,07505601,26243,SUPORTE UNIV. BEDIN BU-25                    
20191218,67697501,21653,SUPORTE TV UNIVERSAL LCD/LED 10 A 71 SBRUB750
20191218,99HD3X01,21653,SUPORTE TV UNIVERSAL LCD/LED 10 A 71 SBRUB750
20191218,99ELE501,26243,SUPORTE UNIV. BEDIN BU-25                    
20191218,99DGRH01,25870,TABLET NB296 M7S LITE 8GB PRETO              
20191218,51061401,21653,SUPORTE TV UNIVERSAL LCD/LED 10 A 71 SBRUB750
20191218,65672101,25680,SMARTPHONE MOTOROLA MOTO G7 XT1962-4 DB POLAR
20191218,02668601,24335,"TELEVISOR SMART 43"" L43S4900FS SEMP TCL      "
20191218,02668601,21653,SUPORTE TV UNIVERSAL LCD/LED 10 A 71 SBRUB750
20191218,61211801,21653,SUPORTE TV UNIVERSAL LCD/LED 10 A 71 SBRUB750
20191218,91659901,21653,SUPORTE TV UNIVERSAL LCD/LED 10 A 71 SBRUB750
20191218,99FMUY01,21653,SUPORTE TV UNIVERSAL LCD/LED 10 A 71 SBRUB750
20191218,84360801,21653,SUPORTE TV UNIVERSAL LCD/LED 10 A 71 SBRUB750
20191218,84360801,25998,"TELEVISOR 43"" 43S6500FS FULL HD SEMP TCL     "
20191218,99C53J01,26324,"TELEVISOR SMART 32"" 32S5300 HD BLUET SEMP TCL"
20191218,81703701,25354,"TELEVISOR SMART 32"" UN32J4290 SAMSUNG        "
20191218,81703701,21653,SUPORTE TV UNIVERSAL LCD/LED 10 A 71 SBRUB750
20191218,66017201,21653,SUPORTE TV UNIVERSAL LCD/LED 10 A 71 SBRUB750
20191218,01248101,21653,SUPORTE TV UNIVERSAL LCD/LED 10 A 71 SBRUB750
20191218,9OJZVW01,21653,SUPORTE TV UNIVERSAL LCD/LED 10 A 71 SBRUB750
20191218,22309701,21653,SUPORTE TV UNIVERSAL LCD/LED 10 A 71 SBRUB750
20191218,9OLEXW01,21653,SUPORTE TV UNIVERSAL LCD/LED 10 A 71 SBRUB750
20191218,999RPU01,21653,SUPORTE TV UNIVERSAL LCD/LED 10 A 71 SBRUB750
20191218,9O0C0I01,26243,SUPORTE UNIV. BEDIN BU-25                    
20191218,93911701,25355,"TELEVISOR SMART 43"" UN43J5290 SAMSUNG        "
20191218,37957501,25983,SMARTPHONE SAMSUNG GAL A10  A105 32GB VERMELH
20191218,84253801,25354,"TELEVISOR SMART 32"" UN32J4290 SAMSUNG        "
20191218,84253801,21653,SUPORTE TV UNIVERSAL LCD/LED 10 A 71 SBRUB750
20191218,9O54AL01,21653,SUPORTE TV UNIVERSAL LCD/LED 10 A 71 SBRUB750
20191218,99LTW201,21653,SUPORTE TV UNIVERSAL LCD/LED 10 A 71 SBRUB750
20191218,9NZOKE01,21653,SUPORTE TV UNIVERSAL LCD/LED 10 A 71 SBRUB750
20191218,9O165901,21653,SUPORTE TV UNIVERSAL LCD/LED 10 A 71 SBRUB750
20191218,9O1GXG01,21653,SUPORTE TV UNIVERSAL LCD/LED 10 A 71 SBRUB750
20191218,9O975D01,21653,SUPORTE TV UNIVERSAL LCD/LED 10 A 71 SBRUB750
20191218,99BMSP01,25998,"TELEVISOR 43"" 43S6500FS FULL HD SEMP TCL     "
20191218,999OJ501,25998,"TELEVISOR 43"" 43S6500FS FULL HD SEMP TCL     "
20191218,999OJ501,21653,SUPORTE TV UNIVERSAL LCD/LED 10 A 71 SBRUB750
20191218,9OC92X01,21653,SUPORTE TV UNIVERSAL LCD/LED 10 A 71 SBRUB750
20191218,99A5M401,25355,"TELEVISOR SMART 43"" UN43J5290 SAMSUNG        "
20191218,99A5M401,21653,SUPORTE TV UNIVERSAL LCD/LED 10 A 71 SBRUB750
20191218,999HC301,21653,SUPORTE TV UNIVERSAL LCD/LED 10 A 71 SBRUB750
20191218,99C66X01,21653,SUPORTE TV UNIVERSAL LCD/LED 10 A 71 SBRUB750
20191218,99DEKZ01,25998,"TELEVISOR 43"" 43S6500FS FULL HD SEMP TCL     "
20191218,71071001,25729,SMARTPHONE SAMSUNG GAL J4 CORE 16GB COBRE    
20191218,99G77801,21653,SUPORTE TV UNIVERSAL LCD/LED 10 A 71 SBRUB750
20191218,44257801,21653,SUPORTE TV UNIVERSAL LCD/LED 10 A 71 SBRUB750
20191218,9OMXDZ01,21653,SUPORTE TV UNIVERSAL LCD/LED 10 A 71 SBRUB750
20191218,99BMSP01,21653,SUPORTE TV UNIVERSAL LCD/LED 10 A 71 SBRUB750
20191218,23685201,25995,"TELEVISOR 24"" S1300 L1850 HD LED SEMP TCL    "
20191218,23685201,21653,SUPORTE TV UNIVERSAL LCD/LED 10 A 71 SBRUB750
20191218,68975501,25354,"TELEVISOR SMART 32"" UN32J4290 SAMSUNG        "
20191218,68975501,21653,SUPORTE TV UNIVERSAL LCD/LED 10 A 71 SBRUB750
20191218,99DDPI01,21653,SUPORTE TV UNIVERSAL LCD/LED 10 A 71 SBRUB750
20191218,25587201,21653,SUPORTE TV UNIVERSAL LCD/LED 10 A 71 SBRUB750
20191218,31463701,21653,SUPORTE TV UNIVERSAL LCD/LED 10 A 71 SBRUB750
20191218,31463701,25998,"TELEVISOR 43"" 43S6500FS FULL HD SEMP TCL     "
20191217,YYYW1Z01,26222,CELULAR INFINITY W201 PRETO                  
20191217,YYYVGY01,21653,SUPORTE TV UNIVERSAL LCD/LED 10 A 71 SBRUB750
20191217,YYYVRV01,21653,SUPORTE TV UNIVERSAL LCD/LED 10 A 71 SBRUB750
20191217,YYYRO001,21653,SUPORTE TV UNIVERSAL LCD/LED 10 A 71 SBRUB750
20191217,YYYVKZ01,21653,SUPORTE TV UNIVERSAL LCD/LED 10 A 71 SBRUB750
20191217,YYYVK301,21653,SUPORTE TV UNIVERSAL LCD/LED 10 A 71 SBRUB750
20191217,YYYVK301,25998,"TELEVISOR 43"" 43S6500FS FULL HD SEMP TCL     "
20191217,9O504U01,21653,SUPORTE TV UNIVERSAL LCD/LED 10 A 71 SBRUB750
20191217,9O504U01,25998,"TELEVISOR 43"" 43S6500FS FULL HD SEMP TCL     "
20191217,98879001,21653,SUPORTE TV UNIVERSAL LCD/LED 10 A 71 SBRUB750
20191217,02668501,25437,RADIO CK43.ABRALLK X BOOM LG                 
20191217,22196601,21653,SUPORTE TV UNIVERSAL LCD/LED 10 A 71 SBRUB750
20191217,9O51IJ01,21653,SUPORTE TV UNIVERSAL LCD/LED 10 A 71 SBRUB750
20191217,23825001,21653,SUPORTE TV UNIVERSAL LCD/LED 10 A 71 SBRUB750
20191217,01253401,21653,SUPORTE TV UNIVERSAL LCD/LED 10 A 71 SBRUB750
20191217,98370401,23904,"TELEVISOR SMART 49"" UN49J5200 SAMSUNG        "
20191217,98370401,21653,SUPORTE TV UNIVERSAL LCD/LED 10 A 71 SBRUB750
20191217,99C0ZU01,24335,"TELEVISOR SMART 43"" L43S4900FS SEMP TCL      "
20191217,20506201,21653,SUPORTE TV UNIVERSAL LCD/LED 10 A 71 SBRUB750
20191217,9OCZHM01,21653,SUPORTE TV UNIVERSAL LCD/LED 10 A 71 SBRUB750
20191217,35600301,25737,"TELEVISOR SMART 32"" PTV32 G50SN LED PHILCO   "
20191217,9OA97B01,25981,SMARTPHONE SAMSUNG GAL A10  A105 32GB PRETO  
20191217,9OA97B01,21653,SUPORTE TV UNIVERSAL LCD/LED 10 A 71 SBRUB750
20191217,9OHKBT01,21653,SUPORTE TV UNIVERSAL LCD/LED 10 A 71 SBRUB750
20191217,9O1IU401,21653,SUPORTE TV UNIVERSAL LCD/LED 10 A 71 SBRUB750
20191217,9OJKI501,21653,SUPORTE TV UNIVERSAL LCD/LED 10 A 71 SBRUB750
20191217,01456701,21653,SUPORTE TV UNIVERSAL LCD/LED 10 A 71 SBRUB750
20191217,10761001,25244,TABLET NB730 MINI MS50G PRATA/PRETO          
20191217,14344401,21653,SUPORTE TV UNIVERSAL LCD/LED 10 A 71 SBRUB750
20191217,96805601,21653,SUPORTE TV UNIVERSAL LCD/LED 10 A 71 SBRUB750
20191217,69075101,21653,SUPORTE TV UNIVERSAL LCD/LED 10 A 71 SBRUB750
20191217,91659701,21653,SUPORTE TV UNIVERSAL LCD/LED 10 A 71 SBRUB750
20191217,9ODCRG01,21653,SUPORTE TV UNIVERSAL LCD/LED 10 A 71 SBRUB750
20191217,9OH1WH01,21653,SUPORTE TV UNIVERSAL LCD/LED 10 A 71 SBRUB750
20191217,16240101,21653,SUPORTE TV UNIVERSAL LCD/LED 10 A 71 SBRUB750
20191217,99JQQD01,21653,SUPORTE TV UNIVERSAL LCD/LED 10 A 71 SBRUB750
20191217,52644401,25726,SMARTPHONE SAMSUNG GAL J2 CORE 16GB PRETO    
20191217,9NXG1B01,25355,"TELEVISOR SMART 43"" UN43J5290 SAMSUNG        "
20191217,9NXG1B01,21821,PEN DRIVE NANO 16GB PD054 PRETO              
20191217,9NXG1B01,20599,ROTEADOR RE160 300 MBPS NOVO (05)            
20191217,9NXG1B01,25983,SMARTPHONE SAMSUNG GAL A10  A105 32GB VERMELH
20191217,9NXG1B01,25999,RADIO AUTOMOTIVO P3335 POP 1 4X25WRMS PT     
20191217,9NXG1B01,21653,SUPORTE TV UNIVERSAL LCD/LED 10 A 71 SBRUB750
20191217,9OL3J801,21653,SUPORTE TV UNIVERSAL LCD/LED 10 A 71 SBRUB750
20191217,999PGT01,25997,"TELEVISOR 40"" 40S6500FS HD LED SEMP TCL      "
20191217,999PGT01,21653,SUPORTE TV UNIVERSAL LCD/LED 10 A 71 SBRUB750
20191217,18471901,25303,"TELEVISOR SMART 32"" TC32FS500B PANASONIC     "
20191217,18471901,21653,SUPORTE TV UNIVERSAL LCD/LED 10 A 71 SBRUB750
20191217,99I2YF01,25983,SMARTPHONE SAMSUNG GAL A10  A105 32GB VERMELH
20191217,93758101,21653,SUPORTE TV UNIVERSAL LCD/LED 10 A 71 SBRUB750
20191217,88949001,21653,SUPORTE TV UNIVERSAL LCD/LED 10 A 71 SBRUB750
20191217,88949001,25998,"TELEVISOR 43"" 43S6500FS FULL HD SEMP TCL     "
20191217,31255701,25726,SMARTPHONE SAMSUNG GAL J2 CORE 16GB PRETO    
20191217,59902301,15713,SUPORTE PRETO TV LCD 10 A 55 BR ART SBRP130  
20191217,59902301,21653,SUPORTE TV UNIVERSAL LCD/LED 10 A 71 SBRUB750
20191217,9OMEBD01,21653,SUPORTE TV UNIVERSAL LCD/LED 10 A 71 SBRUB750
20191217,94893701,23802,BOOMBOX BX-19 BIVOLT UP DYNAMIC              
20191217,99ENU201,26243,SUPORTE UNIV. BEDIN BU-25                    
20191217,31695601,25727,SMARTPHONE SAMSUNG GAL J2 CORE 16GB PRATA    
20191217,92685901,21653,SUPORTE TV UNIVERSAL LCD/LED 10 A 71 SBRUB750
20191217,04436301,21653,SUPORTE TV UNIVERSAL LCD/LED 10 A 71 SBRUB750
20191217,9O0CTW01,21653,SUPORTE TV UNIVERSAL LCD/LED 10 A 71 SBRUB750
20191217,9O0CTW01,25998,"TELEVISOR 43"" 43S6500FS FULL HD SEMP TCL     "
20191217,09992201,21653,SUPORTE TV UNIVERSAL LCD/LED 10 A 71 SBRUB750
20191217,63002901,21653,SUPORTE TV UNIVERSAL LCD/LED 10 A 71 SBRUB750
20191217,98796401,25996,"TELEVISOR 32"" 32S6500S HD LED SEMP TCL       "
20191217,98796401,21653,SUPORTE TV UNIVERSAL LCD/LED 10 A 71 SBRUB750
20191217,06597301,21653,SUPORTE TV UNIVERSAL LCD/LED 10 A 71 SBRUB750
20191217,99CDFO01,22218,CONJ.SC-AKX220LBK PANASONIC                  
20191217,99IDQ501,25303,"TELEVISOR SMART 32"" TC32FS500B PANASONIC     "
20191217,99IDQ501,21653,SUPORTE TV UNIVERSAL LCD/LED 10 A 71 SBRUB750
20191217,13575501,26243,SUPORTE UNIV. BEDIN BU-25                    
20191217,02349101,21653,SUPORTE TV UNIVERSAL LCD/LED 10 A 71 SBRUB750
20191217,37058301,25982,SMARTPHONE SAMSUNG GAL A10  A105 32GB AZUL   
20191217,37058301,21653,SUPORTE TV UNIVERSAL LCD/LED 10 A 71 SBRUB750
20191217,99CUZW01,21653,SUPORTE TV UNIVERSAL LCD/LED 10 A 71 SBRUB750
20191217,99CKJ301,25726,SMARTPHONE SAMSUNG GAL J2 CORE 16GB PRETO    
20191217,99CKJ301,25727,SMARTPHONE SAMSUNG GAL J2 CORE 16GB PRATA    
20191217,99CKJ301,25983,SMARTPHONE SAMSUNG GAL A10  A105 32GB VERMELH
20191217,9OIOQG01,21653,SUPORTE TV UNIVERSAL LCD/LED 10 A 71 SBRUB750
20191217,9OK8ZY01,21653,SUPORTE TV UNIVERSAL LCD/LED 10 A 71 SBRUB750
20191217,99BXFA01,21653,SUPORTE TV UNIVERSAL LCD/LED 10 A 71 SBRUB750
20191217,23414801,21653,SUPORTE TV UNIVERSAL LCD/LED 10 A 71 SBRUB750
20191217,23414801,25354,"TELEVISOR SMART 32"" UN32J4290 SAMSUNG        "
20191217,23477101,21653,SUPORTE TV UNIVERSAL LCD/LED 10 A 71 SBRUB750
20191217,23828701,21653,SUPORTE TV UNIVERSAL LCD/LED 10 A 71 SBRUB750
20191217,21963901,24670,BOX LINE OPB 5060-X BLUETOOTH ONEAL          
20191217,9O1C1A01,21653,SUPORTE TV UNIVERSAL LCD/LED 10 A 71 SBRUB750
20191217,9NZKH901,24911,"TELEVISOR SMART 43"" S3900FS SEMP TCL         "
20191217,9NZKH901,21653,SUPORTE TV UNIVERSAL LCD/LED 10 A 71 SBRUB750
20191217,99A9MV01,25998,"TELEVISOR 43"" 43S6500FS FULL HD SEMP TCL     "
20191217,99A9MV01,21653,SUPORTE TV UNIVERSAL LCD/LED 10 A 71 SBRUB750
20191217,9OF3MA01,25982,SMARTPHONE SAMSUNG GAL A10  A105 32GB AZUL   
20191217,9OG6ZL01,21653,SUPORTE TV UNIVERSAL LCD/LED 10 A 71 SBRUB750
20191217,02522301,21653,SUPORTE TV UNIVERSAL LCD/LED 10 A 71 SBRUB750
20191217,9ONMS201,25716,"TELEVISOR SMART 32"" 32LK615 LG               "
20191217,9ONMS201,21653,SUPORTE TV UNIVERSAL LCD/LED 10 A 71 SBRUB750
20191217,9ONVOI01,25729,SMARTPHONE SAMSUNG GAL J4 CORE 16GB COBRE    
20191217,9NZZ0G01,21653,SUPORTE TV UNIVERSAL LCD/LED 10 A 71 SBRUB750
20191217,9O3FTC01,25998,"TELEVISOR 43"" 43S6500FS FULL HD SEMP TCL     "
20191217,9O3FTC01,21653,SUPORTE TV UNIVERSAL LCD/LED 10 A 71 SBRUB750
20191217,9OAN7901,21653,SUPORTE TV UNIVERSAL LCD/LED 10 A 71 SBRUB750
20191217,27741701,21653,SUPORTE TV UNIVERSAL LCD/LED 10 A 71 SBRUB750
20191217,41161601,23375,"TELEVISOR SMART 40"" KDL-40W655D SONY         "
20191217,41161601,21653,SUPORTE TV UNIVERSAL LCD/LED 10 A 71 SBRUB750
20191217,99GNY401,21653,SUPORTE TV UNIVERSAL LCD/LED 10 A 71 SBRUB750
20191217,38878501,25546,"TELEVISOR SMART 32"" TC32FS600B PANASONIC     "
20191217,38878501,21653,SUPORTE TV UNIVERSAL LCD/LED 10 A 71 SBRUB750
20191217,65520201,21653,SUPORTE TV UNIVERSAL LCD/LED 10 A 71 SBRUB750
20191217,70456601,26243,SUPORTE UNIV. BEDIN BU-25                    
20191217,76376101,21653,SUPORTE TV UNIVERSAL LCD/LED 10 A 71 SBRUB750
20191217,99FE6Z01,22506,ROTEADOR RE057 150MBPS 1 ANT.4PTS.LAN        
20191217,22449001,25998,"TELEVISOR 43"" 43S6500FS FULL HD SEMP TCL     "
20191217,22449001,21653,SUPORTE TV UNIVERSAL LCD/LED 10 A 71 SBRUB750
20191217,99D6S301,26003,SMARTPHONE SAMSUNG GAL A20  A205 32GB PRETO  
20191216,YYYUTX01,25998,"TELEVISOR 43"" 43S6500FS FULL HD SEMP TCL     "
20191216,YYYUTX01,21653,SUPORTE TV UNIVERSAL LCD/LED 10 A 71 SBRUB750
20191216,YYYV8Q01,21653,SUPORTE TV UNIVERSAL LCD/LED 10 A 71 SBRUB750
20191216,YYYV8Q01,25554,TELEVISOR SMART 32 PTV32N87SA LED PHILCO     
20191216,YYYUQ901,21653,SUPORTE TV UNIVERSAL LCD/LED 10 A 71 SBRUB750
20191216,YYYUP701,21653,SUPORTE TV UNIVERSAL LCD/LED 10 A 71 SBRUB750
20191216,YYYK0M01,21653,SUPORTE TV UNIVERSAL LCD/LED 10 A 71 SBRUB750
20191216,YYYUNF01,25546,"TELEVISOR SMART 32"" TC32FS600B PANASONIC     "
20191216,YYYUNF01,21653,SUPORTE TV UNIVERSAL LCD/LED 10 A 71 SBRUB750
20191216,72592701,21653,SUPORTE TV UNIVERSAL LCD/LED 10 A 71 SBRUB750
20191216,72592701,25998,"TELEVISOR 43"" 43S6500FS FULL HD SEMP TCL     "
20191216,99BKI901,21653,SUPORTE TV UNIVERSAL LCD/LED 10 A 71 SBRUB750
20191216,72526101,21653,SUPORTE TV UNIVERSAL LCD/LED 10 A 71 SBRUB750
20191216,42860701,21653,SUPORTE TV UNIVERSAL LCD/LED 10 A 71 SBRUB750
20191216,42860701,25998,"TELEVISOR 43"" 43S6500FS FULL HD SEMP TCL     "
20191216,18620201,21653,SUPORTE TV UNIVERSAL LCD/LED 10 A 71 SBRUB750
20191216,53409801,21653,SUPORTE TV UNIVERSAL LCD/LED 10 A 71 SBRUB750
20191216,48956001,21653,SUPORTE TV UNIVERSAL LCD/LED 10 A 71 SBRUB750
20191216,9O3C6E01,21653,SUPORTE TV UNIVERSAL LCD/LED 10 A 71 SBRUB750
20191216,09148501,25727,SMARTPHONE SAMSUNG GAL J2 CORE 16GB PRATA    
20191216,16419701,25252,"TELEVISOR SMART 49"" S4900FS FULL HD SEMP TCL "
20191216,16419701,21653,SUPORTE TV UNIVERSAL LCD/LED 10 A 71 SBRUB750
20191216,04257501,21653,SUPORTE TV UNIVERSAL LCD/LED 10 A 71 SBRUB750
20191216,24121901,21653,SUPORTE TV UNIVERSAL LCD/LED 10 A 71 SBRUB750
20191216,24121901,25728,SMARTPHONE SAMSUNG GAL J4 CORE 16GB PRETO    
20191216,24121901,25998,"TELEVISOR 43"" 43S6500FS FULL HD SEMP TCL     "
20191216,01806801,25303,"TELEVISOR SMART 32"" TC32FS500B PANASONIC     "
20191216,01806801,21653,SUPORTE TV UNIVERSAL LCD/LED 10 A 71 SBRUB750
20191216,99F0V901,21653,SUPORTE TV UNIVERSAL LCD/LED 10 A 71 SBRUB750
20191216,9NZ43G01,21653,SUPORTE TV UNIVERSAL LCD/LED 10 A 71 SBRUB750
20191216,99LVXS01,21653,SUPORTE TV UNIVERSAL LCD/LED 10 A 71 SBRUB750
20191216,99D9U901,26222,CELULAR INFINITY W201 PRETO                  
20191216,9OQHGF01,20385,TABLET NB184 M7S QUAD CORE PRETO             
20191216,9O04XY01,21653,SUPORTE TV UNIVERSAL LCD/LED 10 A 71 SBRUB750
20191216,9O9HEV01,21653,SUPORTE TV UNIVERSAL LCD/LED 10 A 71 SBRUB750
20191216,99KTO701,25981,SMARTPHONE SAMSUNG GAL A10  A105 32GB PRETO  
20191216,99PSYK01,25243,PEN DRIVE 16GB PD688 TWIST ROSA MULTILASER   
20191216,34839701,26243,SUPORTE UNIV. BEDIN BU-25                    
20191216,999TFZ01,21653,SUPORTE TV UNIVERSAL LCD/LED 10 A 71 SBRUB750
20191216,04909701,25244,TABLET NB730 MINI MS50G PRATA/PRETO          
20191216,13916801,21653,SUPORTE TV UNIVERSAL LCD/LED 10 A 71 SBRUB750
20191216,98220601,24335,"TELEVISOR SMART 43"" L43S4900FS SEMP TCL      "
20191216,00750301,21653,SUPORTE TV UNIVERSAL LCD/LED 10 A 71 SBRUB750
20191216,99D83001,21653,SUPORTE TV UNIVERSAL LCD/LED 10 A 71 SBRUB750
20191216,99D83001,25998,"TELEVISOR 43"" 43S6500FS FULL HD SEMP TCL     "
20191216,11259901,21653,SUPORTE TV UNIVERSAL LCD/LED 10 A 71 SBRUB750
20191216,46603501,21653,SUPORTE TV UNIVERSAL LCD/LED 10 A 71 SBRUB750
20191216,94938601,26423,CAIXA AMPLIFICADA CM-09 CONNECT DJ CONTROLLER
20191216,99BH6V01,25998,"TELEVISOR 43"" 43S6500FS FULL HD SEMP TCL     "
20191216,9O444D01,21653,SUPORTE TV UNIVERSAL LCD/LED 10 A 71 SBRUB750
20191216,34764501,21653,SUPORTE TV UNIVERSAL LCD/LED 10 A 71 SBRUB750
20191216,99CTI001,25981,SMARTPHONE SAMSUNG GAL A10  A105 32GB PRETO  
20191216,999Z9401,21653,SUPORTE TV UNIVERSAL LCD/LED 10 A 71 SBRUB750
20191216,9OPKAJ01,25998,"TELEVISOR 43"" 43S6500FS FULL HD SEMP TCL     "
20191216,9OQXJQ01,26243,SUPORTE UNIV. BEDIN BU-25                    
20191216,9OLYDU01,21653,SUPORTE TV UNIVERSAL LCD/LED 10 A 71 SBRUB750
20191216,97215001,21653,SUPORTE TV UNIVERSAL LCD/LED 10 A 71 SBRUB750
20191216,15473501,21653,SUPORTE TV UNIVERSAL LCD/LED 10 A 71 SBRUB750
20191216,94350401,21653,SUPORTE TV UNIVERSAL LCD/LED 10 A 71 SBRUB750
20191216,9OHXEQ01,21653,SUPORTE TV UNIVERSAL LCD/LED 10 A 71 SBRUB750
20191216,9OP5PS01,21653,SUPORTE TV UNIVERSAL LCD/LED 10 A 71 SBRUB750
20191216,9OA4D101,21653,SUPORTE TV UNIVERSAL LCD/LED 10 A 71 SBRUB750
20191216,29341001,23375,"TELEVISOR SMART 40"" KDL-40W655D SONY         "
20191216,29341001,21653,SUPORTE TV UNIVERSAL LCD/LED 10 A 71 SBRUB750
20191216,90373001,21653,SUPORTE TV UNIVERSAL LCD/LED 10 A 71 SBRUB750
20191216,90373001,23376,"TELEVISOR SMART 48"" KDL-48W655D SONY         "
20191216,9OEGN501,21653,SUPORTE TV UNIVERSAL LCD/LED 10 A 71 SBRUB750
20191216,99KWN601,21653,SUPORTE TV UNIVERSAL LCD/LED 10 A 71 SBRUB750
20191216,67823101,21653,SUPORTE TV UNIVERSAL LCD/LED 10 A 71 SBRUB750
20191216,9OA4D101,25996,"TELEVISOR 32"" 32S6500S HD LED SEMP TCL       "
20191216,9OGPZQ01,20966,PEN DRIVE 32GB PD589 TWIST PRETO             
20191216,9OFBQK01,21653,SUPORTE TV UNIVERSAL LCD/LED 10 A 71 SBRUB750
20191216,9O6M2301,25243,PEN DRIVE 16GB PD688 TWIST ROSA MULTILASER   
20191216,9O67KP01,25998,"TELEVISOR 43"" 43S6500FS FULL HD SEMP TCL     "
20191216,9O94MD01,25998,"TELEVISOR 43"" 43S6500FS FULL HD SEMP TCL     "
20191216,9O94MD01,21653,SUPORTE TV UNIVERSAL LCD/LED 10 A 71 SBRUB750
20191216,9O94MD01,15713,SUPORTE PRETO TV LCD 10 A 55 BR ART SBRP130  
20191216,62868701,21653,SUPORTE TV UNIVERSAL LCD/LED 10 A 71 SBRUB750
20191216,99HNPW01,21653,SUPORTE TV UNIVERSAL LCD/LED 10 A 71 SBRUB750
20191216,99HNPW01,25998,"TELEVISOR 43"" 43S6500FS FULL HD SEMP TCL     "
20191216,46505901,21653,SUPORTE TV UNIVERSAL LCD/LED 10 A 71 SBRUB750
20191216,21809001,21653,SUPORTE TV UNIVERSAL LCD/LED 10 A 71 SBRUB750
20191216,01521801,21653,SUPORTE TV UNIVERSAL LCD/LED 10 A 71 SBRUB750
20191216,83294301,21653,SUPORTE TV UNIVERSAL LCD/LED 10 A 71 SBRUB750
20191216,24657301,21653,SUPORTE TV UNIVERSAL LCD/LED 10 A 71 SBRUB750
20191216,35950401,25675,SMARTPHONE MOTOROLA MOTO G7 PLAY XT1952-5 IND
20191216,20679901,21653,SUPORTE TV UNIVERSAL LCD/LED 10 A 71 SBRUB750
20191215,YYYUI401,21653,SUPORTE TV UNIVERSAL LCD/LED 10 A 71 SBRUB750
20191215,YYYUI401,25996,"TELEVISOR 32"" 32S6500S HD LED SEMP TCL       "
20191215,99G8ZP01,21653,SUPORTE TV UNIVERSAL LCD/LED 10 A 71 SBRUB750
20191215,99GZXY01,21653,SUPORTE TV UNIVERSAL LCD/LED 10 A 71 SBRUB750
20191215,99G5CT01,21653,SUPORTE TV UNIVERSAL LCD/LED 10 A 71 SBRUB750
20191215,76852001,25243,PEN DRIVE 16GB PD688 TWIST ROSA MULTILASER   
20191215,76852001,20966,PEN DRIVE 32GB PD589 TWIST PRETO             
20191215,77326601,21653,SUPORTE TV UNIVERSAL LCD/LED 10 A 71 SBRUB750
20191215,99HC4S01,21653,SUPORTE TV UNIVERSAL LCD/LED 10 A 71 SBRUB750
20191215,99JY9301,21653,SUPORTE TV UNIVERSAL LCD/LED 10 A 71 SBRUB750
20191215,9OB7VM01,21653,SUPORTE TV UNIVERSAL LCD/LED 10 A 71 SBRUB750
20191215,9OB7VM01,25998,"TELEVISOR 43"" 43S6500FS FULL HD SEMP TCL     "
20191215,99M70F01,21653,SUPORTE TV UNIVERSAL LCD/LED 10 A 71 SBRUB750
20191215,99M70F01,21653,SUPORTE TV UNIVERSAL LCD/LED 10 A 71 SBRUB750
20191214,YYYUBS01,21653,SUPORTE TV UNIVERSAL LCD/LED 10 A 71 SBRUB750
20191214,YYYTSZ01,25354,"TELEVISOR SMART 32"" UN32J4290 SAMSUNG        "
20191214,YYYTSZ01,21653,SUPORTE TV UNIVERSAL LCD/LED 10 A 71 SBRUB750
20191214,YYYU6S01,21653,SUPORTE TV UNIVERSAL LCD/LED 10 A 71 SBRUB750
20191214,YYYU0801,21653,SUPORTE TV UNIVERSAL LCD/LED 10 A 71 SBRUB750
20191214,YYYU0M01,21653,SUPORTE TV UNIVERSAL LCD/LED 10 A 71 SBRUB750
20191214,99CICM01,21653,SUPORTE TV UNIVERSAL LCD/LED 10 A 71 SBRUB750
20191214,9ORCPX01,21653,SUPORTE TV UNIVERSAL LCD/LED 10 A 71 SBRUB750
20191214,9ORCPX01,23374,"TELEVISOR SMART 32"" KDL-32W655D SONY         "
20191214,99D9DH01,21653,SUPORTE TV UNIVERSAL LCD/LED 10 A 71 SBRUB750
20191214,99D9DH01,25354,"TELEVISOR SMART 32"" UN32J4290 SAMSUNG        "
20191214,YYYTVL01,21653,SUPORTE TV UNIVERSAL LCD/LED 10 A 71 SBRUB750
20191214,YYYTVL01,25355,"TELEVISOR SMART 43"" UN43J5290 SAMSUNG        "
20191214,99AK8701,26243,SUPORTE UNIV. BEDIN BU-25                    
20191214,9OLL7901,21653,SUPORTE TV UNIVERSAL LCD/LED 10 A 71 SBRUB750
20191214,9O2WAC01,24850,ROTEADOR RE058 150MBPS 1 ANT.4PTS.LAN        
20191214,23274101,23375,"TELEVISOR SMART 40"" KDL-40W655D SONY         "
20191214,9OBI3Q01,21653,SUPORTE TV UNIVERSAL LCD/LED 10 A 71 SBRUB750
20191214,999NOC01,21653,SUPORTE TV UNIVERSAL LCD/LED 10 A 71 SBRUB750
20191214,23274101,21653,SUPORTE TV UNIVERSAL LCD/LED 10 A 71 SBRUB750
20191214,99JY8O01,25355,"TELEVISOR SMART 43"" UN43J5290 SAMSUNG        "
20191214,82946301,21653,SUPORTE TV UNIVERSAL LCD/LED 10 A 71 SBRUB750
20191214,74999601,21653,SUPORTE TV UNIVERSAL LCD/LED 10 A 71 SBRUB750
20191214,99DVPE01,21653,SUPORTE TV UNIVERSAL LCD/LED 10 A 71 SBRUB750
20191214,46998701,21653,SUPORTE TV UNIVERSAL LCD/LED 10 A 71 SBRUB750
20191214,91257301,21653,SUPORTE TV UNIVERSAL LCD/LED 10 A 71 SBRUB750
20191214,23766701,21653,SUPORTE TV UNIVERSAL LCD/LED 10 A 71 SBRUB750
20191214,99JY8O01,21653,SUPORTE TV UNIVERSAL LCD/LED 10 A 71 SBRUB750
20191214,9OES3E01,21653,SUPORTE TV UNIVERSAL LCD/LED 10 A 71 SBRUB750
20191214,9NZEZ601,21653,SUPORTE TV UNIVERSAL LCD/LED 10 A 71 SBRUB750
20191214,9O6LKM01,21653,SUPORTE TV UNIVERSAL LCD/LED 10 A 71 SBRUB750
20191214,83948101,21653,SUPORTE TV UNIVERSAL LCD/LED 10 A 71 SBRUB750
20191214,99GJE401,21653,SUPORTE TV UNIVERSAL LCD/LED 10 A 71 SBRUB750
20191214,99H1WP01,21653,SUPORTE TV UNIVERSAL LCD/LED 10 A 71 SBRUB750
20191214,99IQDY01,21653,SUPORTE TV UNIVERSAL LCD/LED 10 A 71 SBRUB750
20191214,99II9W01,21653,SUPORTE TV UNIVERSAL LCD/LED 10 A 71 SBRUB750
20191214,35959601,21653,SUPORTE TV UNIVERSAL LCD/LED 10 A 71 SBRUB750
20191214,98245801,21653,SUPORTE TV UNIVERSAL LCD/LED 10 A 71 SBRUB750
20191214,98245801,26222,CELULAR INFINITY W201 PRETO                  
20191214,78264101,21653,SUPORTE TV UNIVERSAL LCD/LED 10 A 71 SBRUB750
20191214,78264101,25355,"TELEVISOR SMART 43"" UN43J5290 SAMSUNG        "
20191214,74054301,21653,SUPORTE TV UNIVERSAL LCD/LED 10 A 71 SBRUB750
20191214,36428301,25995,"TELEVISOR 24"" S1300 L1850 HD LED SEMP TCL    "
20191214,36428301,21653,SUPORTE TV UNIVERSAL LCD/LED 10 A 71 SBRUB750
20191214,22174101,21653,SUPORTE TV UNIVERSAL LCD/LED 10 A 71 SBRUB750
20191214,91477601,21653,SUPORTE TV UNIVERSAL LCD/LED 10 A 71 SBRUB750
20191214,91477701,21653,SUPORTE TV UNIVERSAL LCD/LED 10 A 71 SBRUB750
20191214,99CK6B01,25998,"TELEVISOR 43"" 43S6500FS FULL HD SEMP TCL     "
20191214,99CK6B01,21653,SUPORTE TV UNIVERSAL LCD/LED 10 A 71 SBRUB750
20191214,999S6S01,21653,SUPORTE TV UNIVERSAL LCD/LED 10 A 71 SBRUB750
20191214,35257801,25730,SMARTPHONE SAMSUNG GAL J4 CORE 16GB AZUL     
20191214,35257801,23725,AUTO RADIO DVH7880                           
20191214,35257801,21653,SUPORTE TV UNIVERSAL LCD/LED 10 A 71 SBRUB750
20191214,99CUZZ01,21653,SUPORTE TV UNIVERSAL LCD/LED 10 A 71 SBRUB750
20191214,99715101,21653,SUPORTE TV UNIVERSAL LCD/LED 10 A 71 SBRUB750
20191214,22821501,21653,SUPORTE TV UNIVERSAL LCD/LED 10 A 71 SBRUB750
20191214,99A9VW01,23278,CELULAR RIU FLIP 2.4 DB VERMELHO             
20191214,9OKPM901,21653,SUPORTE TV UNIVERSAL LCD/LED 10 A 71 SBRUB750
20191214,97735401,21653,SUPORTE TV UNIVERSAL LCD/LED 10 A 71 SBRUB750
20191214,14672401,21653,SUPORTE TV UNIVERSAL LCD/LED 10 A 71 SBRUB750
20191214,9OHKE301,25933,TABLET NB304 M7 3G PLUS QUAD CORE PRETO      
20191214,9OHSQT01,21653,SUPORTE TV UNIVERSAL LCD/LED 10 A 71 SBRUB750
20191214,24249101,21653,SUPORTE TV UNIVERSAL LCD/LED 10 A 71 SBRUB750
20191214,9OO28B01,21653,SUPORTE TV UNIVERSAL LCD/LED 10 A 71 SBRUB750
20191214,21212901,21653,SUPORTE TV UNIVERSAL LCD/LED 10 A 71 SBRUB750
20191214,99LPAI01,21653,SUPORTE TV UNIVERSAL LCD/LED 10 A 71 SBRUB750
20191214,99KZVD01,24716,RECEPTOR MIDIA BOX HDTV B3                   
20191214,99KZVD01,24716,RECEPTOR MIDIA BOX HDTV B3                   
20191214,99KZVD01,21653,SUPORTE TV UNIVERSAL LCD/LED 10 A 71 SBRUB750
20191214,9NYISA01,21653,SUPORTE TV UNIVERSAL LCD/LED 10 A 71 SBRUB750
20191214,9NZZW601,21653,SUPORTE TV UNIVERSAL LCD/LED 10 A 71 SBRUB750
20191214,9NZZW601,25355,"TELEVISOR SMART 43"" UN43J5290 SAMSUNG        "
20191214,9ONEEU01,21653,SUPORTE TV UNIVERSAL LCD/LED 10 A 71 SBRUB750
20191214,9O4O0201,21653,SUPORTE TV UNIVERSAL LCD/LED 10 A 71 SBRUB750
20191214,31437001,21653,SUPORTE TV UNIVERSAL LCD/LED 10 A 71 SBRUB750
20191214,99J88E01,21653,SUPORTE TV UNIVERSAL LCD/LED 10 A 71 SBRUB750
20191214,99BCLR01,21653,SUPORTE TV UNIVERSAL LCD/LED 10 A 71 SBRUB750
20191214,999KJZ01,21653,SUPORTE TV UNIVERSAL LCD/LED 10 A 71 SBRUB750
20191214,99FCKP01,25355,"TELEVISOR SMART 43"" UN43J5290 SAMSUNG        "
20191214,99FCKP01,21653,SUPORTE TV UNIVERSAL LCD/LED 10 A 71 SBRUB750
20191214,99A8WG01,21653,SUPORTE TV UNIVERSAL LCD/LED 10 A 71 SBRUB750
20191214,08699301,26008,SMARTPHONE SAMSUNG GAL A30  A305 64GB BRANCO 
20191213,99430101,21653,SUPORTE TV UNIVERSAL LCD/LED 10 A 71 SBRUB750
20191213,99A4YS01,21653,SUPORTE TV UNIVERSAL LCD/LED 10 A 71 SBRUB750
20191213,99DTBO01,21653,SUPORTE TV UNIVERSAL LCD/LED 10 A 71 SBRUB750
20191213,91677201,21653,SUPORTE TV UNIVERSAL LCD/LED 10 A 71 SBRUB750
20191213,20543701,25996,"TELEVISOR 32"" 32S6500S HD LED SEMP TCL       "
20191213,13889801,21653,SUPORTE TV UNIVERSAL LCD/LED 10 A 71 SBRUB750
20191213,99GPO801,21653,SUPORTE TV UNIVERSAL LCD/LED 10 A 71 SBRUB750
20191213,11137701,25726,SMARTPHONE SAMSUNG GAL J2 CORE 16GB PRETO    
20191213,00002001,21653,SUPORTE TV UNIVERSAL LCD/LED 10 A 71 SBRUB750
20191213,48806101,21653,SUPORTE TV UNIVERSAL LCD/LED 10 A 71 SBRUB750
20191213,99C00Z01,21653,SUPORTE TV UNIVERSAL LCD/LED 10 A 71 SBRUB750
20191213,99C00Z01,21653,SUPORTE TV UNIVERSAL LCD/LED 10 A 71 SBRUB750
20191213,99DFYG01,21653,SUPORTE TV UNIVERSAL LCD/LED 10 A 71 SBRUB750
20191213,99H2PH01,21653,SUPORTE TV UNIVERSAL LCD/LED 10 A 71 SBRUB750
20191213,99DFYG01,25998,"TELEVISOR 43"" 43S6500FS FULL HD SEMP TCL     "
20191213,9O0DRF01,21653,SUPORTE TV UNIVERSAL LCD/LED 10 A 71 SBRUB750
20191213,9O89RL01,21653,SUPORTE TV UNIVERSAL LCD/LED 10 A 71 SBRUB750
20191213,9OA5X001,21653,SUPORTE TV UNIVERSAL LCD/LED 10 A 71 SBRUB750
20191213,9OERTF01,21653,SUPORTE TV UNIVERSAL LCD/LED 10 A 71 SBRUB750
20191213,99F9K401,21653,SUPORTE TV UNIVERSAL LCD/LED 10 A 71 SBRUB750
20191213,38308301,21653,SUPORTE TV UNIVERSAL LCD/LED 10 A 71 SBRUB750
20191213,60668201,21653,SUPORTE TV UNIVERSAL LCD/LED 10 A 71 SBRUB750
20191213,60668201,21653,SUPORTE TV UNIVERSAL LCD/LED 10 A 71 SBRUB750
20191213,99DWUD01,21653,SUPORTE TV UNIVERSAL LCD/LED 10 A 71 SBRUB750
20191213,45595701,21653,SUPORTE TV UNIVERSAL LCD/LED 10 A 71 SBRUB750
20191213,99MCW101,21653,SUPORTE TV UNIVERSAL LCD/LED 10 A 71 SBRUB750
20191213,80922701,26003,SMARTPHONE SAMSUNG GAL A20  A205 32GB PRETO  
20191213,05808201,24335,"TELEVISOR SMART 43"" L43S4900FS SEMP TCL      "
20191213,05808201,21653,SUPORTE TV UNIVERSAL LCD/LED 10 A 71 SBRUB750
20191213,05808201,21653,SUPORTE TV UNIVERSAL LCD/LED 10 A 71 SBRUB750
20191213,07130501,21653,SUPORTE TV UNIVERSAL LCD/LED 10 A 71 SBRUB750
20191213,99MHN401,21653,SUPORTE TV UNIVERSAL LCD/LED 10 A 71 SBRUB750
20191213,9OOT5W01,21653,SUPORTE TV UNIVERSAL LCD/LED 10 A 71 SBRUB750
20191213,99BLOS01,24335,"TELEVISOR SMART 43"" L43S4900FS SEMP TCL      "
20191213,99BLOS01,21653,SUPORTE TV UNIVERSAL LCD/LED 10 A 71 SBRUB750
20191213,99FG1U01,21653,SUPORTE TV UNIVERSAL LCD/LED 10 A 71 SBRUB750
20191213,99FG1U01,25355,"TELEVISOR SMART 43"" UN43J5290 SAMSUNG        "
20191213,14149201,21653,SUPORTE TV UNIVERSAL LCD/LED 10 A 71 SBRUB750
20191213,25461201,21653,SUPORTE TV UNIVERSAL LCD/LED 10 A 71 SBRUB750
20191213,18520201,21653,SUPORTE TV UNIVERSAL LCD/LED 10 A 71 SBRUB750
20191213,99IUUG01,21653,SUPORTE TV UNIVERSAL LCD/LED 10 A 71 SBRUB750
20191213,99IUUG01,11332,ANTENA 1 50 MT MULTIPONTO CENTURY            
20191213,99IUUG01,24716,RECEPTOR MIDIA BOX HDTV B3                   
20191213,13575501,21653,SUPORTE TV UNIVERSAL LCD/LED 10 A 71 SBRUB750
20191213,05408301,21653,SUPORTE TV UNIVERSAL LCD/LED 10 A 71 SBRUB750
20191213,47454401,21653,SUPORTE TV UNIVERSAL LCD/LED 10 A 71 SBRUB750
20191213,13574501,21653,SUPORTE TV UNIVERSAL LCD/LED 10 A 71 SBRUB750
20191213,05363101,21653,SUPORTE TV UNIVERSAL LCD/LED 10 A 71 SBRUB750
20191213,99CEEE01,21653,SUPORTE TV UNIVERSAL LCD/LED 10 A 71 SBRUB750
20191213,9OL6GF01,21653,SUPORTE TV UNIVERSAL LCD/LED 10 A 71 SBRUB750
20191213,99EGB201,21653,SUPORTE TV UNIVERSAL LCD/LED 10 A 71 SBRUB750
20191213,99ENU201,26243,SUPORTE UNIV. BEDIN BU-25                    
20191213,90324301,21653,SUPORTE TV UNIVERSAL LCD/LED 10 A 71 SBRUB750
20191213,21218301,25998,"TELEVISOR 43"" 43S6500FS FULL HD SEMP TCL     "
20191213,21218301,21653,SUPORTE TV UNIVERSAL LCD/LED 10 A 71 SBRUB750
20191213,08628901,21653,SUPORTE TV UNIVERSAL LCD/LED 10 A 71 SBRUB750
20191213,00966901,21653,SUPORTE TV UNIVERSAL LCD/LED 10 A 71 SBRUB750
20191213,999WL501,25729,SMARTPHONE SAMSUNG GAL J4 CORE 16GB COBRE    
20191213,999R7F01,21653,SUPORTE TV UNIVERSAL LCD/LED 10 A 71 SBRUB750
20191213,33773501,21653,SUPORTE TV UNIVERSAL LCD/LED 10 A 71 SBRUB750
20191213,99BXN801,21653,SUPORTE TV UNIVERSAL LCD/LED 10 A 71 SBRUB750
20191213,99L35C01,21653,SUPORTE TV UNIVERSAL LCD/LED 10 A 71 SBRUB750
20191213,99LO4H01,21653,SUPORTE TV UNIVERSAL LCD/LED 10 A 71 SBRUB750
20191213,99LO4H01,25354,"TELEVISOR SMART 32"" UN32J4290 SAMSUNG        "
20191213,9NXB2501,25481,SMARTPHONE LG K9 TV LM-X210BMW DOURADO       
20191213,9NZ4HE01,21653,SUPORTE TV UNIVERSAL LCD/LED 10 A 71 SBRUB750
20191213,9OBCV501,21653,SUPORTE TV UNIVERSAL LCD/LED 10 A 71 SBRUB750
20191213,9OQJS701,21653,SUPORTE TV UNIVERSAL LCD/LED 10 A 71 SBRUB750
20191213,9ODCRG01,25905,"TELEVISOR SMART 55"" UHD BT UN55RU7100 SAMSUNG"
20191213,9OKI5301,21653,SUPORTE TV UNIVERSAL LCD/LED 10 A 71 SBRUB750
20191213,9OO55L01,21653,SUPORTE TV UNIVERSAL LCD/LED 10 A 71 SBRUB750
20191213,99FA4I01,21653,SUPORTE TV UNIVERSAL LCD/LED 10 A 71 SBRUB750
20191213,9O1TMU01,21653,SUPORTE TV UNIVERSAL LCD/LED 10 A 71 SBRUB750
20191213,91659701,25729,SMARTPHONE SAMSUNG GAL J4 CORE 16GB COBRE    
20191213,99DHK801,21653,SUPORTE TV UNIVERSAL LCD/LED 10 A 71 SBRUB750
20191213,99AOSM01,21653,SUPORTE TV UNIVERSAL LCD/LED 10 A 71 SBRUB750
20191213,9ONKY101,21653,SUPORTE TV UNIVERSAL LCD/LED 10 A 71 SBRUB750
20191213,96596401,21653,SUPORTE TV UNIVERSAL LCD/LED 10 A 71 SBRUB750
20191213,9NZ0WP01,21653,SUPORTE TV UNIVERSAL LCD/LED 10 A 71 SBRUB750
20191213,13481101,21653,SUPORTE TV UNIVERSAL LCD/LED 10 A 71 SBRUB750
20191213,44794601,25355,"TELEVISOR SMART 43"" UN43J5290 SAMSUNG        "
20191213,44794601,21653,SUPORTE TV UNIVERSAL LCD/LED 10 A 71 SBRUB750
20191213,87547901,25355,"TELEVISOR SMART 43"" UN43J5290 SAMSUNG        "
20191213,87547901,21653,SUPORTE TV UNIVERSAL LCD/LED 10 A 71 SBRUB750
20191213,9OKUOH01,21653,SUPORTE TV UNIVERSAL LCD/LED 10 A 71 SBRUB750
20191213,09750901,21653,SUPORTE TV UNIVERSAL LCD/LED 10 A 71 SBRUB750
20191213,21661301,25172,SMARTPHONE LG K9 TV LM-X210BMW PRETO         
20191213,21661301,25481,SMARTPHONE LG K9 TV LM-X210BMW DOURADO       
20191213,99KOHD01,21653,SUPORTE TV UNIVERSAL LCD/LED 10 A 71 SBRUB750
20191213,999PU801,21653,SUPORTE TV UNIVERSAL LCD/LED 10 A 71 SBRUB750
20191213,18694001,15713,SUPORTE PRETO TV LCD 10 A 55 BR ART SBRP130  
20191213,99DI4K01,21653,SUPORTE TV UNIVERSAL LCD/LED 10 A 71 SBRUB750
20191213,99DI4K01,25998,"TELEVISOR 43"" 43S6500FS FULL HD SEMP TCL     "
20191213,9O4UZF01,21653,SUPORTE TV UNIVERSAL LCD/LED 10 A 71 SBRUB750
20191213,41676501,21653,SUPORTE TV UNIVERSAL LCD/LED 10 A 71 SBRUB750
20191213,96933901,21653,SUPORTE TV UNIVERSAL LCD/LED 10 A 71 SBRUB750
20191213,99DMKX01,21653,SUPORTE TV UNIVERSAL LCD/LED 10 A 71 SBRUB750
20191213,99K3MH01,21653,SUPORTE TV UNIVERSAL LCD/LED 10 A 71 SBRUB750
20191213,YYYT2501,21653,SUPORTE TV UNIVERSAL LCD/LED 10 A 71 SBRUB750
20191213,YYYT2501,25996,"TELEVISOR 32"" 32S6500S HD LED SEMP TCL       "
20191213,YYYTGB01,21653,SUPORTE TV UNIVERSAL LCD/LED 10 A 71 SBRUB750
20191213,YYYSV201,21653,SUPORTE TV UNIVERSAL LCD/LED 10 A 71 SBRUB750
20191213,YYYT1Y01,21653,SUPORTE TV UNIVERSAL LCD/LED 10 A 71 SBRUB750
20191213,YYYTM601,21653,SUPORTE TV UNIVERSAL LCD/LED 10 A 71 SBRUB750
20191213,000U1K01,21653,SUPORTE TV UNIVERSAL LCD/LED 10 A 71 SBRUB750
20191213,YYYTMR01,25982,SMARTPHONE SAMSUNG GAL A10  A105 32GB AZUL   
20191212,YYYS3J01,21653,SUPORTE TV UNIVERSAL LCD/LED 10 A 71 SBRUB750
20191212,YYYSQS01,22616,CELULAR RIU-I R200 DB PRETO-AZUL             
20191212,YYYQJX01,21653,SUPORTE TV UNIVERSAL LCD/LED 10 A 71 SBRUB750
20191212,YYYQJX01,25998,"TELEVISOR 43"" 43S6500FS FULL HD SEMP TCL     "
20191212,000U9R01,21653,SUPORTE TV UNIVERSAL LCD/LED 10 A 71 SBRUB750
20191212,YYYSKS01,21653,SUPORTE TV UNIVERSAL LCD/LED 10 A 71 SBRUB750
20191212,000U9R01,25996,"TELEVISOR 32"" 32S6500S HD LED SEMP TCL       "
20191212,YYYSEU01,21653,SUPORTE TV UNIVERSAL LCD/LED 10 A 71 SBRUB750
20191212,YYYRGP01,25996,"TELEVISOR 32"" 32S6500S HD LED SEMP TCL       "
20191212,YYYRGP01,21653,SUPORTE TV UNIVERSAL LCD/LED 10 A 71 SBRUB750
20191212,YYYSMN01,21653,SUPORTE TV UNIVERSAL LCD/LED 10 A 71 SBRUB750
20191212,YYYS3B01,21653,SUPORTE TV UNIVERSAL LCD/LED 10 A 71 SBRUB750
20191212,45163801,23804,CONJ.SC-AKX700LBK SOM 3X1 PANASONIC          
20191212,9NZ3RH01,21653,SUPORTE TV UNIVERSAL LCD/LED 10 A 71 SBRUB750
20191212,9O5FRJ01,21653,SUPORTE TV UNIVERSAL LCD/LED 10 A 71 SBRUB750
20191212,9O5FRJ01,25998,"TELEVISOR 43"" 43S6500FS FULL HD SEMP TCL     "
20191212,99CICM01,23781,RADIO CJ65 ABRALLK LG                        
20191212,99IVUY01,21653,SUPORTE TV UNIVERSAL LCD/LED 10 A 71 SBRUB750
20191212,83746001,21653,SUPORTE TV UNIVERSAL LCD/LED 10 A 71 SBRUB750
20191212,99I9JX01,21653,SUPORTE TV UNIVERSAL LCD/LED 10 A 71 SBRUB750
20191212,15420501,21653,SUPORTE TV UNIVERSAL LCD/LED 10 A 71 SBRUB750
20191212,99EQMW01,26243,SUPORTE UNIV. BEDIN BU-25                    
20191212,99EQMW01,25996,"TELEVISOR 32"" 32S6500S HD LED SEMP TCL       "
20191212,99EQMW01,25184,"TELEVISOR SMART 50"" 4K UN50NU7100 SAMSUNG    "
20191212,9OALI601,21653,SUPORTE TV UNIVERSAL LCD/LED 10 A 71 SBRUB750
20191212,9OKXIX01,25996,"TELEVISOR 32"" 32S6500S HD LED SEMP TCL       "
20191212,9OKXIX01,21653,SUPORTE TV UNIVERSAL LCD/LED 10 A 71 SBRUB750
20191212,68375501,21653,SUPORTE TV UNIVERSAL LCD/LED 10 A 71 SBRUB750
20191212,90859001,26008,SMARTPHONE SAMSUNG GAL A30  A305 64GB BRANCO 
20191212,90859001,21653,SUPORTE TV UNIVERSAL LCD/LED 10 A 71 SBRUB750
20191212,36427401,21653,SUPORTE TV UNIVERSAL LCD/LED 10 A 71 SBRUB750
20191212,16927701,21653,SUPORTE TV UNIVERSAL LCD/LED 10 A 71 SBRUB750
20191212,98972401,25726,SMARTPHONE SAMSUNG GAL J2 CORE 16GB PRETO    
20191212,9OHJE801,21653,SUPORTE TV UNIVERSAL LCD/LED 10 A 71 SBRUB750
20191212,04907601,21653,SUPORTE TV UNIVERSAL LCD/LED 10 A 71 SBRUB750
20191212,70201301,21653,SUPORTE TV UNIVERSAL LCD/LED 10 A 71 SBRUB750
20191212,70201301,25998,"TELEVISOR 43"" 43S6500FS FULL HD SEMP TCL     "
20191212,9NYZDF01,25998,"TELEVISOR 43"" 43S6500FS FULL HD SEMP TCL     "
20191212,9OH5CG01,21653,SUPORTE TV UNIVERSAL LCD/LED 10 A 71 SBRUB750
20191212,9OFNHS01,21653,SUPORTE TV UNIVERSAL LCD/LED 10 A 71 SBRUB750
20191212,9OFNHS01,23375,"TELEVISOR SMART 40"" KDL-40W655D SONY         "
20191212,9O3TKN01,21653,SUPORTE TV UNIVERSAL LCD/LED 10 A 71 SBRUB750
20191212,9O4RSU01,26243,SUPORTE UNIV. BEDIN BU-25                    
20191212,9O5RMS01,21653,SUPORTE TV UNIVERSAL LCD/LED 10 A 71 SBRUB750
20191212,9O8OSQ01,21653,SUPORTE TV UNIVERSAL LCD/LED 10 A 71 SBRUB750
20191212,67052401,21653,SUPORTE TV UNIVERSAL LCD/LED 10 A 71 SBRUB750
20191212,99DA2201,26243,SUPORTE UNIV. BEDIN BU-25                    
20191212,84089701,26243,SUPORTE UNIV. BEDIN BU-25                    
20191212,99L89O01,26423,CAIXA AMPLIFICADA CM-09 CONNECT DJ CONTROLLER
20191212,99MFC201,21653,SUPORTE TV UNIVERSAL LCD/LED 10 A 71 SBRUB750
20191212,16997401,21653,SUPORTE TV UNIVERSAL LCD/LED 10 A 71 SBRUB750
20191212,53741601,21653,SUPORTE TV UNIVERSAL LCD/LED 10 A 71 SBRUB750
20191212,02642201,21653,SUPORTE TV UNIVERSAL LCD/LED 10 A 71 SBRUB750
20191212,59902301,25354,"TELEVISOR SMART 32"" UN32J4290 SAMSUNG        "
20191212,999F2Z01,21653,SUPORTE TV UNIVERSAL LCD/LED 10 A 71 SBRUB750
20191212,13585201,21653,SUPORTE TV UNIVERSAL LCD/LED 10 A 71 SBRUB750
20191212,21874701,21653,SUPORTE TV UNIVERSAL LCD/LED 10 A 71 SBRUB750
20191212,99CN8X01,21653,SUPORTE TV UNIVERSAL LCD/LED 10 A 71 SBRUB750
20191212,40377801,21653,SUPORTE TV UNIVERSAL LCD/LED 10 A 71 SBRUB750
20191212,48092501,25730,SMARTPHONE SAMSUNG GAL J4 CORE 16GB AZUL     
20191212,98458201,21653,SUPORTE TV UNIVERSAL LCD/LED 10 A 71 SBRUB750
20191212,56638801,21653,SUPORTE TV UNIVERSAL LCD/LED 10 A 71 SBRUB750
20191212,21546801,21653,SUPORTE TV UNIVERSAL LCD/LED 10 A 71 SBRUB750
20191212,93499301,21653,SUPORTE TV UNIVERSAL LCD/LED 10 A 71 SBRUB750
20191212,93499301,26243,SUPORTE UNIV. BEDIN BU-25                    
20191212,56610101,21653,SUPORTE TV UNIVERSAL LCD/LED 10 A 71 SBRUB750
20191212,04558401,21653,SUPORTE TV UNIVERSAL LCD/LED 10 A 71 SBRUB750
20191212,9OQW4D01,21653,SUPORTE TV UNIVERSAL LCD/LED 10 A 71 SBRUB750
20191212,9OLFEV01,26324,"TELEVISOR SMART 32"" 32S5300 HD BLUET SEMP TCL"
20191212,9OLFEV01,21653,SUPORTE TV UNIVERSAL LCD/LED 10 A 71 SBRUB750
20191212,99BNB901,21653,SUPORTE TV UNIVERSAL LCD/LED 10 A 71 SBRUB750
20191212,99CA9Y01,21653,SUPORTE TV UNIVERSAL LCD/LED 10 A 71 SBRUB750
20191212,99A53701,21653,SUPORTE TV UNIVERSAL LCD/LED 10 A 71 SBRUB750
20191212,35266301,21653,SUPORTE TV UNIVERSAL LCD/LED 10 A 71 SBRUB750
20191212,23638601,21653,SUPORTE TV UNIVERSAL LCD/LED 10 A 71 SBRUB750
20191212,9OHGMM01,26387,SMARTPHONE LG K8 PLUS PLATINUM               
20191212,9OKMBY01,21653,SUPORTE TV UNIVERSAL LCD/LED 10 A 71 SBRUB750
20191212,9OKMBY01,25996,"TELEVISOR 32"" 32S6500S HD LED SEMP TCL       "
20191212,9O82FM01,21653,SUPORTE TV UNIVERSAL LCD/LED 10 A 71 SBRUB750
20191212,9O82FM01,25554,TELEVISOR SMART 32 PTV32N87SA LED PHILCO     
20191212,9O82FM01,22282,"TELEVISOR 32"" UN32J4000 SAMSUNG              "
20191212,9OB76B01,21653,SUPORTE TV UNIVERSAL LCD/LED 10 A 71 SBRUB750
20191212,YYYSBH01,25996,"TELEVISOR 32"" 32S6500S HD LED SEMP TCL       "
20191212,9OCTEG01,23379,MINI SYSTEM MHC-GT3D SONY                    
20191212,9NZZ9301,21653,SUPORTE TV UNIVERSAL LCD/LED 10 A 71 SBRUB750
20191212,999P7101,25241,PEN DRIVE MC162 2X1 LEITOR USB SD 16GB       
20191212,99BGZQ01,25354,"TELEVISOR SMART 32"" UN32J4290 SAMSUNG        "
20191212,99BGZQ01,21653,SUPORTE TV UNIVERSAL LCD/LED 10 A 71 SBRUB750
20191212,99BGZQ01,25995,"TELEVISOR 24"" S1300 L1850 HD LED SEMP TCL    "
20191212,96763501,21653,SUPORTE TV UNIVERSAL LCD/LED 10 A 71 SBRUB750
20191212,97327401,21653,SUPORTE TV UNIVERSAL LCD/LED 10 A 71 SBRUB750
20191212,20589801,21653,SUPORTE TV UNIVERSAL LCD/LED 10 A 71 SBRUB750
20191212,22101901,21653,SUPORTE TV UNIVERSAL LCD/LED 10 A 71 SBRUB750
20191212,19500501,21653,SUPORTE TV UNIVERSAL LCD/LED 10 A 71 SBRUB750
20191212,27638301,21653,SUPORTE TV UNIVERSAL LCD/LED 10 A 71 SBRUB750
20191212,99BZPE01,21653,SUPORTE TV UNIVERSAL LCD/LED 10 A 71 SBRUB750
20191212,99CEN701,25172,SMARTPHONE LG K9 TV LM-X210BMW PRETO         
20191212,92244901,21653,SUPORTE TV UNIVERSAL LCD/LED 10 A 71 SBRUB750
20191212,99CURS01,26004,SMARTPHONE SAMSUNG GAL A20  A205 32GB AZUL   
20191211,YYYRO001,21653,SUPORTE TV UNIVERSAL LCD/LED 10 A 71 SBRUB750
20191211,YYYRFN01,21653,SUPORTE TV UNIVERSAL LCD/LED 10 A 71 SBRUB750
20191211,YYYRA501,21653,SUPORTE TV UNIVERSAL LCD/LED 10 A 71 SBRUB750
20191211,YYYRGY01,21653,SUPORTE TV UNIVERSAL LCD/LED 10 A 71 SBRUB750
20191211,YYYRA501,25183,"TELEVISOR SMART 43"" 4K UN43NU7100 SAMSUNG    "
20191211,YYYRPC01,21653,SUPORTE TV UNIVERSAL LCD/LED 10 A 71 SBRUB750
20191211,YYYRPC01,25252,"TELEVISOR SMART 49"" S4900FS FULL HD SEMP TCL "
20191211,YYYRNY01,21653,SUPORTE TV UNIVERSAL LCD/LED 10 A 71 SBRUB750
20191211,YYYRES01,21653,SUPORTE TV UNIVERSAL LCD/LED 10 A 71 SBRUB750
20191211,95826601,22507,ROTEADOR RE085 DUAL BAND 750MBPS 11AC        
20191211,95826601,21653,SUPORTE TV UNIVERSAL LCD/LED 10 A 71 SBRUB750
20191211,01894101,21653,SUPORTE TV UNIVERSAL LCD/LED 10 A 71 SBRUB750
20191211,98879001,15713,SUPORTE PRETO TV LCD 10 A 55 BR ART SBRP130  
20191211,04789801,21653,SUPORTE TV UNIVERSAL LCD/LED 10 A 71 SBRUB750
20191211,04789801,23376,"TELEVISOR SMART 48"" KDL-48W655D SONY         "
20191211,99FUDC01,26243,SUPORTE UNIV. BEDIN BU-25                    
20191211,9NZLAU01,25676,SMARTPHONE MOTOROLA MOTO G7 PLAY XT1952-5 DR 
20191211,99QEGJ01,21653,SUPORTE TV UNIVERSAL LCD/LED 10 A 71 SBRUB750
20191211,99JVU001,21653,SUPORTE TV UNIVERSAL LCD/LED 10 A 71 SBRUB750
20191211,10761001,21653,SUPORTE TV UNIVERSAL LCD/LED 10 A 71 SBRUB750
20191211,9O0YHD01,21653,SUPORTE TV UNIVERSAL LCD/LED 10 A 71 SBRUB750
20191211,99EVT701,21653,SUPORTE TV UNIVERSAL LCD/LED 10 A 71 SBRUB750
20191211,11360801,24716,RECEPTOR MIDIA BOX HDTV B3                   
20191211,9O3MOX01,21653,SUPORTE TV UNIVERSAL LCD/LED 10 A 71 SBRUB750
20191211,12777901,21653,SUPORTE TV UNIVERSAL LCD/LED 10 A 71 SBRUB750
20191211,12777901,25998,"TELEVISOR 43"" 43S6500FS FULL HD SEMP TCL     "
20191211,01478201,24716,RECEPTOR MIDIA BOX HDTV B3                   
20191211,99JLO601,21653,SUPORTE TV UNIVERSAL LCD/LED 10 A 71 SBRUB750
20191211,39907001,21653,SUPORTE TV UNIVERSAL LCD/LED 10 A 71 SBRUB750
20191211,99H2OJ01,21653,SUPORTE TV UNIVERSAL LCD/LED 10 A 71 SBRUB750
20191211,99DG4F01,21653,SUPORTE TV UNIVERSAL LCD/LED 10 A 71 SBRUB750
20191211,9OH5CG01,19729,PEN DRIVE 8GB PD587 TWIST PRETO              
20191211,9OO15D01,21653,SUPORTE TV UNIVERSAL LCD/LED 10 A 71 SBRUB750
20191211,9ONH1E01,21653,SUPORTE TV UNIVERSAL LCD/LED 10 A 71 SBRUB750
20191211,9ONH1E01,25355,"TELEVISOR SMART 43"" UN43J5290 SAMSUNG        "
20191211,9O5BW301,21653,SUPORTE TV UNIVERSAL LCD/LED 10 A 71 SBRUB750
20191211,9OEJK501,25173,SMARTPHONE LG K9 TV LM-X210BMW INDIGO        
20191211,99PSDI01,22752,CELULAR RIU FLIP 2.4 DB DOURADO              
20191211,99PSDI01,25726,SMARTPHONE SAMSUNG GAL J2 CORE 16GB PRETO    
20191211,9O2UXP01,21653,SUPORTE TV UNIVERSAL LCD/LED 10 A 71 SBRUB750
20191211,99KIQ401,21653,SUPORTE TV UNIVERSAL LCD/LED 10 A 71 SBRUB750
20191211,99BIW701,21653,SUPORTE TV UNIVERSAL LCD/LED 10 A 71 SBRUB750
20191211,99BIW701,25996,"TELEVISOR 32"" 32S6500S HD LED SEMP TCL       "
20191211,37082801,21653,SUPORTE TV UNIVERSAL LCD/LED 10 A 71 SBRUB750
20191211,59452401,25727,SMARTPHONE SAMSUNG GAL J2 CORE 16GB PRATA    
20191211,19875501,25996,"TELEVISOR 32"" 32S6500S HD LED SEMP TCL       "
20191211,19875501,21653,SUPORTE TV UNIVERSAL LCD/LED 10 A 71 SBRUB750
20191211,30748201,21653,SUPORTE TV UNIVERSAL LCD/LED 10 A 71 SBRUB750
20191211,99F46O01,25981,SMARTPHONE SAMSUNG GAL A10  A105 32GB PRETO  
20191211,02976701,21653,SUPORTE TV UNIVERSAL LCD/LED 10 A 71 SBRUB750
20191211,91604901,21653,SUPORTE TV UNIVERSAL LCD/LED 10 A 71 SBRUB750
20191211,32217201,21653,SUPORTE TV UNIVERSAL LCD/LED 10 A 71 SBRUB750
20191211,99BDAD01,21653,SUPORTE TV UNIVERSAL LCD/LED 10 A 71 SBRUB750
20191211,99FU3T01,22752,CELULAR RIU FLIP 2.4 DB DOURADO              
20191211,60472001,26330,CAIXA BLUETOOTH BS16B 16W SEMP TCL           
20191211,99C6EY01,25996,"TELEVISOR 32"" 32S6500S HD LED SEMP TCL       "
20191211,99C6EY01,21653,SUPORTE TV UNIVERSAL LCD/LED 10 A 71 SBRUB750
20191211,25810401,21653,SUPORTE TV UNIVERSAL LCD/LED 10 A 71 SBRUB750
20191211,17974001,26243,SUPORTE UNIV. BEDIN BU-25                    
20191211,9O31RA01,21653,SUPORTE TV UNIVERSAL LCD/LED 10 A 71 SBRUB750
20191211,98290301,25996,"TELEVISOR 32"" 32S6500S HD LED SEMP TCL       "
20191211,9OJEWU01,21653,SUPORTE TV UNIVERSAL LCD/LED 10 A 71 SBRUB750
20191211,9OLO7Q01,21653,SUPORTE TV UNIVERSAL LCD/LED 10 A 71 SBRUB750
20191211,9O0HV901,21653,SUPORTE TV UNIVERSAL LCD/LED 10 A 71 SBRUB750
20191211,9OOJCX01,21653,SUPORTE TV UNIVERSAL LCD/LED 10 A 71 SBRUB750
20191211,99HQIM01,21653,SUPORTE TV UNIVERSAL LCD/LED 10 A 71 SBRUB750
20191211,99INBB01,21653,SUPORTE TV UNIVERSAL LCD/LED 10 A 71 SBRUB750
20191211,99INBB01,25998,"TELEVISOR 43"" 43S6500FS FULL HD SEMP TCL     "
20191211,47230701,21653,SUPORTE TV UNIVERSAL LCD/LED 10 A 71 SBRUB750
20191211,47230701,15713,SUPORTE PRETO TV LCD 10 A 55 BR ART SBRP130  
20191211,06554901,26243,SUPORTE UNIV. BEDIN BU-25                    
20191211,9O4DN601,26423,CAIXA AMPLIFICADA CM-09 CONNECT DJ CONTROLLER
20191211,9OEO0Y01,21653,SUPORTE TV UNIVERSAL LCD/LED 10 A 71 SBRUB750
20191211,80004901,21653,SUPORTE TV UNIVERSAL LCD/LED 10 A 71 SBRUB750
20191211,19701401,21653,SUPORTE TV UNIVERSAL LCD/LED 10 A 71 SBRUB750
20191211,9NYF5101,21653,SUPORTE TV UNIVERSAL LCD/LED 10 A 71 SBRUB750
20191211,62040301,21653,SUPORTE TV UNIVERSAL LCD/LED 10 A 71 SBRUB750
20191211,9ONW9C01,21653,SUPORTE TV UNIVERSAL LCD/LED 10 A 71 SBRUB750
20191211,9OBLCA01,21653,SUPORTE TV UNIVERSAL LCD/LED 10 A 71 SBRUB750
20191211,9O96YW01,26005,SMARTPHONE SAMSUNG GAL A20  A205 32GB VERM   
20191211,9O9LJ801,21653,SUPORTE TV UNIVERSAL LCD/LED 10 A 71 SBRUB750
20191211,9OERTF01,25998,"TELEVISOR 43"" 43S6500FS FULL HD SEMP TCL     "
20191211,9OF3MA01,21653,SUPORTE TV UNIVERSAL LCD/LED 10 A 71 SBRUB750
20191211,24751401,21653,SUPORTE TV UNIVERSAL LCD/LED 10 A 71 SBRUB750
20191211,99NBNW01,23804,CONJ.SC-AKX700LBK SOM 3X1 PANASONIC          
20191211,99NBNW01,21653,SUPORTE TV UNIVERSAL LCD/LED 10 A 71 SBRUB750
20191211,9O2X5701,21653,SUPORTE TV UNIVERSAL LCD/LED 10 A 71 SBRUB750
20191211,9O0WUY01,21653,SUPORTE TV UNIVERSAL LCD/LED 10 A 71 SBRUB750
20191211,17513201,21653,SUPORTE TV UNIVERSAL LCD/LED 10 A 71 SBRUB750
20191211,84344001,21653,SUPORTE TV UNIVERSAL LCD/LED 10 A 71 SBRUB750
20191211,22544701,25998,"TELEVISOR 43"" 43S6500FS FULL HD SEMP TCL     "
20191211,22544701,21653,SUPORTE TV UNIVERSAL LCD/LED 10 A 71 SBRUB750
20191211,38993001,25354,"TELEVISOR SMART 32"" UN32J4290 SAMSUNG        "
20191211,38993001,21653,SUPORTE TV UNIVERSAL LCD/LED 10 A 71 SBRUB750
20191211,97689201,21653,SUPORTE TV UNIVERSAL LCD/LED 10 A 71 SBRUB750
20191211,97689201,25996,"TELEVISOR 32"" 32S6500S HD LED SEMP TCL       "
20191211,9OC92X01,25998,"TELEVISOR 43"" 43S6500FS FULL HD SEMP TCL     "
20191211,99HH4E01,21653,SUPORTE TV UNIVERSAL LCD/LED 10 A 71 SBRUB750
20191211,53910901,21653,SUPORTE TV UNIVERSAL LCD/LED 10 A 71 SBRUB750
20191211,14268901,21653,SUPORTE TV UNIVERSAL LCD/LED 10 A 71 SBRUB750
20191211,46421601,21653,SUPORTE TV UNIVERSAL LCD/LED 10 A 71 SBRUB750
20191211,16812701,25998,"TELEVISOR 43"" 43S6500FS FULL HD SEMP TCL     "
20191211,16812701,21653,SUPORTE TV UNIVERSAL LCD/LED 10 A 71 SBRUB750
20191211,99460801,21653,SUPORTE TV UNIVERSAL LCD/LED 10 A 71 SBRUB750
20191210,YYYQTC01,21653,SUPORTE TV UNIVERSAL LCD/LED 10 A 71 SBRUB750
20191210,YYYQYF01,21653,SUPORTE TV UNIVERSAL LCD/LED 10 A 71 SBRUB750
20191210,YYYQG401,21653,SUPORTE TV UNIVERSAL LCD/LED 10 A 71 SBRUB750
20191210,YYYQDM01,21653,SUPORTE TV UNIVERSAL LCD/LED 10 A 71 SBRUB750
20191210,YYYQE601,21653,SUPORTE TV UNIVERSAL LCD/LED 10 A 71 SBRUB750
20191210,9NXFFZ01,21653,SUPORTE TV UNIVERSAL LCD/LED 10 A 71 SBRUB750
20191210,9OID8R01,21653,SUPORTE TV UNIVERSAL LCD/LED 10 A 71 SBRUB750
20191210,YYYQRO01,21653,SUPORTE TV UNIVERSAL LCD/LED 10 A 71 SBRUB750
20191210,YYYQRO01,25998,"TELEVISOR 43"" 43S6500FS FULL HD SEMP TCL     "
20191210,99MVDK01,25240,PEN DRIVE MC161 2X1 LEITOR USB SD 8G         
20191210,99MVDK01,21653,SUPORTE TV UNIVERSAL LCD/LED 10 A 71 SBRUB750
20191210,99MVDK01,25995,"TELEVISOR 24"" S1300 L1850 HD LED SEMP TCL    "
20191210,35161501,21653,SUPORTE TV UNIVERSAL LCD/LED 10 A 71 SBRUB750
20191210,71654501,26243,SUPORTE UNIV. BEDIN BU-25                    
20191210,9NY1FI01,26423,CAIXA AMPLIFICADA CM-09 CONNECT DJ CONTROLLER
20191210,13146401,21653,SUPORTE TV UNIVERSAL LCD/LED 10 A 71 SBRUB750
20191210,99M8FG01,26243,SUPORTE UNIV. BEDIN BU-25                    
20191210,99M8FG01,21653,SUPORTE TV UNIVERSAL LCD/LED 10 A 71 SBRUB750
20191210,9O2BJ401,26243,SUPORTE UNIV. BEDIN BU-25                    
20191210,9OJXRM01,26330,CAIXA BLUETOOTH BS16B 16W SEMP TCL           
20191210,05485401,21653,SUPORTE TV UNIVERSAL LCD/LED 10 A 71 SBRUB750
20191210,9OHLLO01,23725,AUTO RADIO DVH7880                           
20191210,99LW2V01,21653,SUPORTE TV UNIVERSAL LCD/LED 10 A 71 SBRUB750
20191210,99HB0701,25366,TABLET NB728 MINI MS40G PRETO                
20191210,99HB0701,21653,SUPORTE TV UNIVERSAL LCD/LED 10 A 71 SBRUB750
20191210,31337401,21653,SUPORTE TV UNIVERSAL LCD/LED 10 A 71 SBRUB750
20191210,9OGRJK01,21653,SUPORTE TV UNIVERSAL LCD/LED 10 A 71 SBRUB750
20191210,9OJJA201,21653,SUPORTE TV UNIVERSAL LCD/LED 10 A 71 SBRUB750
20191210,24955101,26243,SUPORTE UNIV. BEDIN BU-25                    
20191210,9OR5WM01,21653,SUPORTE TV UNIVERSAL LCD/LED 10 A 71 SBRUB750
20191210,9NZWJ601,25995,"TELEVISOR 24"" S1300 L1850 HD LED SEMP TCL    "
20191210,9NZWJ601,21653,SUPORTE TV UNIVERSAL LCD/LED 10 A 71 SBRUB750
20191210,9O0X2801,21653,SUPORTE TV UNIVERSAL LCD/LED 10 A 71 SBRUB750
20191210,99IUVD01,25904,"TELEVISOR SMART 50"" UHD BT UN50RU7100 SAMSUNG"
20191210,99IUVD01,21653,SUPORTE TV UNIVERSAL LCD/LED 10 A 71 SBRUB750
20191210,99K61X01,24851,TABLET NB706 MINI MS50L PRETO/GRAFIT         
20191210,55401401,21653,SUPORTE TV UNIVERSAL LCD/LED 10 A 71 SBRUB750
20191210,60681801,25303,"TELEVISOR SMART 32"" TC32FS500B PANASONIC     "
20191210,60681801,21653,SUPORTE TV UNIVERSAL LCD/LED 10 A 71 SBRUB750
20191210,99DI5B01,21653,SUPORTE TV UNIVERSAL LCD/LED 10 A 71 SBRUB750
20191210,68581401,21653,SUPORTE TV UNIVERSAL LCD/LED 10 A 71 SBRUB750
20191210,24430101,21653,SUPORTE TV UNIVERSAL LCD/LED 10 A 71 SBRUB750
20191210,04130301,21653,SUPORTE TV UNIVERSAL LCD/LED 10 A 71 SBRUB750
20191210,04130301,25554,TELEVISOR SMART 32 PTV32N87SA LED PHILCO     
20191210,04706301,21653,SUPORTE TV UNIVERSAL LCD/LED 10 A 71 SBRUB750
20191210,54944301,21653,SUPORTE TV UNIVERSAL LCD/LED 10 A 71 SBRUB750
20191210,99A7AE01,21653,SUPORTE TV UNIVERSAL LCD/LED 10 A 71 SBRUB750
20191210,62771501,26243,SUPORTE UNIV. BEDIN BU-25                    
20191210,62771501,21653,SUPORTE TV UNIVERSAL LCD/LED 10 A 71 SBRUB750
20191210,99DAJ601,21653,SUPORTE TV UNIVERSAL LCD/LED 10 A 71 SBRUB750
20191210,99D9UR01,25996,"TELEVISOR 32"" 32S6500S HD LED SEMP TCL       "
20191210,99DEHQ01,21653,SUPORTE TV UNIVERSAL LCD/LED 10 A 71 SBRUB750
20191210,9O4BJF01,21653,SUPORTE TV UNIVERSAL LCD/LED 10 A 71 SBRUB750
20191210,99L0C401,21653,SUPORTE TV UNIVERSAL LCD/LED 10 A 71 SBRUB750
20191210,99L0C401,25998,"TELEVISOR 43"" 43S6500FS FULL HD SEMP TCL     "
20191210,9O1N0Q01,21653,SUPORTE TV UNIVERSAL LCD/LED 10 A 71 SBRUB750
20191210,92150401,21653,SUPORTE TV UNIVERSAL LCD/LED 10 A 71 SBRUB750
20191210,99E7K801,21653,SUPORTE TV UNIVERSAL LCD/LED 10 A 71 SBRUB750
20191210,9NZWN501,21653,SUPORTE TV UNIVERSAL LCD/LED 10 A 71 SBRUB750
20191210,9OJNRY01,21653,SUPORTE TV UNIVERSAL LCD/LED 10 A 71 SBRUB750
20191210,999WQE01,21653,SUPORTE TV UNIVERSAL LCD/LED 10 A 71 SBRUB750
20191210,99FRBV01,19729,PEN DRIVE 8GB PD587 TWIST PRETO              
20191210,99DOG601,26243,SUPORTE UNIV. BEDIN BU-25                    
20191210,19892201,25996,"TELEVISOR 32"" 32S6500S HD LED SEMP TCL       "
20191210,19892201,21653,SUPORTE TV UNIVERSAL LCD/LED 10 A 71 SBRUB750
20191210,13123701,25998,"TELEVISOR 43"" 43S6500FS FULL HD SEMP TCL     "
20191210,13123701,21653,SUPORTE TV UNIVERSAL LCD/LED 10 A 71 SBRUB750
20191210,9OO46N01,26423,CAIXA AMPLIFICADA CM-09 CONNECT DJ CONTROLLER
20191210,9OO96Y01,21653,SUPORTE TV UNIVERSAL LCD/LED 10 A 71 SBRUB750
20191210,9OAZJ201,26243,SUPORTE UNIV. BEDIN BU-25                    
20191210,9OAZJ201,25996,"TELEVISOR 32"" 32S6500S HD LED SEMP TCL       "
20191210,99KB3801,21653,SUPORTE TV UNIVERSAL LCD/LED 10 A 71 SBRUB750
20191210,9NYGIQ01,25729,SMARTPHONE SAMSUNG GAL J4 CORE 16GB COBRE    
20191210,9OCE5Y01,26329,CAIXA BLUETOOTH BS05B 5W SEMP TCL            
20191210,02861501,26222,CELULAR INFINITY W201 PRETO                  
20191210,99DLKK01,25354,"TELEVISOR SMART 32"" UN32J4290 SAMSUNG        "
20191210,99DLKK01,21653,SUPORTE TV UNIVERSAL LCD/LED 10 A 71 SBRUB750
20191210,99HKHM01,21653,SUPORTE TV UNIVERSAL LCD/LED 10 A 71 SBRUB750
20191210,70456601,26243,SUPORTE UNIV. BEDIN BU-25                    
20191210,99C05Q01,21653,SUPORTE TV UNIVERSAL LCD/LED 10 A 71 SBRUB750
20191210,99F7FI01,21653,SUPORTE TV UNIVERSAL LCD/LED 10 A 71 SBRUB750
20191210,13519001,21653,SUPORTE TV UNIVERSAL LCD/LED 10 A 71 SBRUB750
20191209,9OPDE201,25996,"TELEVISOR 32"" 32S6500S HD LED SEMP TCL       "
20191209,YYYPWD01,21653,SUPORTE TV UNIVERSAL LCD/LED 10 A 71 SBRUB750
20191209,YYYPWD01,25998,"TELEVISOR 43"" 43S6500FS FULL HD SEMP TCL     "
20191209,YYYPZT01,21653,SUPORTE TV UNIVERSAL LCD/LED 10 A 71 SBRUB750
20191209,YYYPU901,21653,SUPORTE TV UNIVERSAL LCD/LED 10 A 71 SBRUB750
20191209,YYYPU901,25998,"TELEVISOR 43"" 43S6500FS FULL HD SEMP TCL     "
20191209,51870201,21653,SUPORTE TV UNIVERSAL LCD/LED 10 A 71 SBRUB750
20191209,51870201,23376,"TELEVISOR SMART 48"" KDL-48W655D SONY         "
20191209,9O5S4001,21653,SUPORTE TV UNIVERSAL LCD/LED 10 A 71 SBRUB750
20191209,9O5S4001,25996,"TELEVISOR 32"" 32S6500S HD LED SEMP TCL       "
20191209,97623401,21653,SUPORTE TV UNIVERSAL LCD/LED 10 A 71 SBRUB750
20191209,99BS7401,25173,SMARTPHONE LG K9 TV LM-X210BMW INDIGO        
20191209,999RTV01,21653,SUPORTE TV UNIVERSAL LCD/LED 10 A 71 SBRUB750
20191209,999QWR01,21653,SUPORTE TV UNIVERSAL LCD/LED 10 A 71 SBRUB750
20191209,9OO83U01,21653,SUPORTE TV UNIVERSAL LCD/LED 10 A 71 SBRUB750
20191209,99C7L501,21653,SUPORTE TV UNIVERSAL LCD/LED 10 A 71 SBRUB750
20191209,9O3KI101,21653,SUPORTE TV UNIVERSAL LCD/LED 10 A 71 SBRUB750
20191209,49916201,21653,SUPORTE TV UNIVERSAL LCD/LED 10 A 71 SBRUB750
20191209,99MZ1201,26243,SUPORTE UNIV. BEDIN BU-25                    
20191209,99JPUQ01,21653,SUPORTE TV UNIVERSAL LCD/LED 10 A 71 SBRUB750
20191209,9OHAA901,21653,SUPORTE TV UNIVERSAL LCD/LED 10 A 71 SBRUB750
20191209,9OBNLM01,25996,"TELEVISOR 32"" 32S6500S HD LED SEMP TCL       "
20191209,9O4RQ901,21653,SUPORTE TV UNIVERSAL LCD/LED 10 A 71 SBRUB750
20191209,19318001,21653,SUPORTE TV UNIVERSAL LCD/LED 10 A 71 SBRUB750
20191209,9ODM9501,26243,SUPORTE UNIV. BEDIN BU-25                    
20191209,9OG2V201,21653,SUPORTE TV UNIVERSAL LCD/LED 10 A 71 SBRUB750
20191209,9OG2V201,23375,"TELEVISOR SMART 40"" KDL-40W655D SONY         "
20191209,9OFN4E01,23376,"TELEVISOR SMART 48"" KDL-48W655D SONY         "
20191209,9OFN4E01,21653,SUPORTE TV UNIVERSAL LCD/LED 10 A 71 SBRUB750
20191209,9OB08R01,21653,SUPORTE TV UNIVERSAL LCD/LED 10 A 71 SBRUB750
20191209,9O4RSU01,26243,SUPORTE UNIV. BEDIN BU-25                    
20191209,9O4EHB01,21653,SUPORTE TV UNIVERSAL LCD/LED 10 A 71 SBRUB750
20191209,9NY87M01,25996,"TELEVISOR 32"" 32S6500S HD LED SEMP TCL       "
20191209,9NY87M01,21653,SUPORTE TV UNIVERSAL LCD/LED 10 A 71 SBRUB750
20191209,99MYUZ01,21653,SUPORTE TV UNIVERSAL LCD/LED 10 A 71 SBRUB750
20191209,99LYBW01,21653,SUPORTE TV UNIVERSAL LCD/LED 10 A 71 SBRUB750
20191209,99LYBW01,25998,"TELEVISOR 43"" 43S6500FS FULL HD SEMP TCL     "
20191209,99LYBW01,25999,RADIO AUTOMOTIVO P3335 POP 1 4X25WRMS PT     
20191209,99JQ7901,21653,SUPORTE TV UNIVERSAL LCD/LED 10 A 71 SBRUB750
20191209,99E95L01,21653,SUPORTE TV UNIVERSAL LCD/LED 10 A 71 SBRUB750
20191209,68581401,24911,"TELEVISOR SMART 43"" S3900FS SEMP TCL         "
20191209,18308601,25173,SMARTPHONE LG K9 TV LM-X210BMW INDIGO        
20191209,99ELE501,26243,SUPORTE UNIV. BEDIN BU-25                    
20191209,21382801,21653,SUPORTE TV UNIVERSAL LCD/LED 10 A 71 SBRUB750
20191209,49584901,21653,SUPORTE TV UNIVERSAL LCD/LED 10 A 71 SBRUB750
20191209,34096601,25681,SMARTPHONE MOTOROLA MOTO G7 PLUS XT1965-2 IND
20191209,72845601,21653,SUPORTE TV UNIVERSAL LCD/LED 10 A 71 SBRUB750
20191209,99DW2Q01,21653,SUPORTE TV UNIVERSAL LCD/LED 10 A 71 SBRUB750
20191209,73157201,21653,SUPORTE TV UNIVERSAL LCD/LED 10 A 71 SBRUB750
20191209,73157201,21653,SUPORTE TV UNIVERSAL LCD/LED 10 A 71 SBRUB750
20191209,99H09901,25996,"TELEVISOR 32"" 32S6500S HD LED SEMP TCL       "
20191209,99H09901,21653,SUPORTE TV UNIVERSAL LCD/LED 10 A 71 SBRUB750
20191209,17705001,21653,SUPORTE TV UNIVERSAL LCD/LED 10 A 71 SBRUB750
20191209,17705001,25998,"TELEVISOR 43"" 43S6500FS FULL HD SEMP TCL     "
20191209,96866501,21653,SUPORTE TV UNIVERSAL LCD/LED 10 A 71 SBRUB750
20191209,9OPRVK01,21653,SUPORTE TV UNIVERSAL LCD/LED 10 A 71 SBRUB750
20191209,99D9IS01,21653,SUPORTE TV UNIVERSAL LCD/LED 10 A 71 SBRUB750
20191209,9OQCQ901,25998,"TELEVISOR 43"" 43S6500FS FULL HD SEMP TCL     "
20191209,9OPY7C01,21653,SUPORTE TV UNIVERSAL LCD/LED 10 A 71 SBRUB750
20191209,99BVI401,21653,SUPORTE TV UNIVERSAL LCD/LED 10 A 71 SBRUB750
20191209,99KNIY01,23816,SMARTOGO PH209 EARPHONE                      
20191209,87229801,21653,SUPORTE TV UNIVERSAL LCD/LED 10 A 71 SBRUB750
20191209,9OMI4001,21653,SUPORTE TV UNIVERSAL LCD/LED 10 A 71 SBRUB750
20191209,9OMI4001,25998,"TELEVISOR 43"" 43S6500FS FULL HD SEMP TCL     "
20191209,9OL18S01,21653,SUPORTE TV UNIVERSAL LCD/LED 10 A 71 SBRUB750
20191209,21746101,21653,SUPORTE TV UNIVERSAL LCD/LED 10 A 71 SBRUB750
20191209,21746101,23376,"TELEVISOR SMART 48"" KDL-48W655D SONY         "
20191209,9OHJN601,21653,SUPORTE TV UNIVERSAL LCD/LED 10 A 71 SBRUB750
20191209,72638801,21653,SUPORTE TV UNIVERSAL LCD/LED 10 A 71 SBRUB750
20191209,57620001,21653,SUPORTE TV UNIVERSAL LCD/LED 10 A 71 SBRUB750
20191209,04982601,21653,SUPORTE TV UNIVERSAL LCD/LED 10 A 71 SBRUB750
20191209,99FKUP01,21653,SUPORTE TV UNIVERSAL LCD/LED 10 A 71 SBRUB750
20191209,99HIQ401,25996,"TELEVISOR 32"" 32S6500S HD LED SEMP TCL       "
20191209,99HIQ401,21653,SUPORTE TV UNIVERSAL LCD/LED 10 A 71 SBRUB750
20191209,99KJ3401,25998,"TELEVISOR 43"" 43S6500FS FULL HD SEMP TCL     "
20191209,99KJ3401,21653,SUPORTE TV UNIVERSAL LCD/LED 10 A 71 SBRUB750
20191209,99KJ3401,25727,SMARTPHONE SAMSUNG GAL J2 CORE 16GB PRATA    
20191209,36004501,21653,SUPORTE TV UNIVERSAL LCD/LED 10 A 71 SBRUB750
20191209,10258601,21653,SUPORTE TV UNIVERSAL LCD/LED 10 A 71 SBRUB750
20191209,9O983L01,21653,SUPORTE TV UNIVERSAL LCD/LED 10 A 71 SBRUB750
20191209,25051001,21653,SUPORTE TV UNIVERSAL LCD/LED 10 A 71 SBRUB750
20191209,99GW0H01,21653,SUPORTE TV UNIVERSAL LCD/LED 10 A 71 SBRUB750
20191209,99KB4U01,21653,SUPORTE TV UNIVERSAL LCD/LED 10 A 71 SBRUB750
20191209,49572601,21653,SUPORTE TV UNIVERSAL LCD/LED 10 A 71 SBRUB750
20191209,35694601,21653,SUPORTE TV UNIVERSAL LCD/LED 10 A 71 SBRUB750
20191209,99CMWD01,21653,SUPORTE TV UNIVERSAL LCD/LED 10 A 71 SBRUB750
20191209,38308301,25184,"TELEVISOR SMART 50"" 4K UN50NU7100 SAMSUNG    "
20191209,9OG0K501,21653,SUPORTE TV UNIVERSAL LCD/LED 10 A 71 SBRUB750
20191209,99F9K401,26432,AUTO RADIO AR-06 PRETO                       
20191209,9O192901,21653,SUPORTE TV UNIVERSAL LCD/LED 10 A 71 SBRUB750
20191209,99PK9A01,25904,"TELEVISOR SMART 50"" UHD BT UN50RU7100 SAMSUNG"
20191209,99MEPC01,21653,SUPORTE TV UNIVERSAL LCD/LED 10 A 71 SBRUB750
20191209,99JWEG01,21653,SUPORTE TV UNIVERSAL LCD/LED 10 A 71 SBRUB750
20191209,99JVNP01,21653,SUPORTE TV UNIVERSAL LCD/LED 10 A 71 SBRUB750
20191209,99INWN01,25998,"TELEVISOR 43"" 43S6500FS FULL HD SEMP TCL     "
20191209,17105501,21653,SUPORTE TV UNIVERSAL LCD/LED 10 A 71 SBRUB750
20191209,78237401,21653,SUPORTE TV UNIVERSAL LCD/LED 10 A 71 SBRUB750
20191209,18245001,21653,SUPORTE TV UNIVERSAL LCD/LED 10 A 71 SBRUB750
20191209,99DCDB01,25996,"TELEVISOR 32"" 32S6500S HD LED SEMP TCL       "
20191209,99DCDB01,21653,SUPORTE TV UNIVERSAL LCD/LED 10 A 71 SBRUB750
20191209,47615401,21653,SUPORTE TV UNIVERSAL LCD/LED 10 A 71 SBRUB750
20191209,999BQ101,21653,SUPORTE TV UNIVERSAL LCD/LED 10 A 71 SBRUB750
20191209,23962101,21653,SUPORTE TV UNIVERSAL LCD/LED 10 A 71 SBRUB750
20191209,99EYR001,21653,SUPORTE TV UNIVERSAL LCD/LED 10 A 71 SBRUB750
20191209,99EYR001,25998,"TELEVISOR 43"" 43S6500FS FULL HD SEMP TCL     "
20191209,46505901,25996,"TELEVISOR 32"" 32S6500S HD LED SEMP TCL       "
20191209,91489501,21653,SUPORTE TV UNIVERSAL LCD/LED 10 A 71 SBRUB750
20191209,52429301,21653,SUPORTE TV UNIVERSAL LCD/LED 10 A 71 SBRUB750
20191209,99CH3C01,21653,SUPORTE TV UNIVERSAL LCD/LED 10 A 71 SBRUB750
20191209,95365301,21653,SUPORTE TV UNIVERSAL LCD/LED 10 A 71 SBRUB750
20191208,70604601,21653,SUPORTE TV UNIVERSAL LCD/LED 10 A 71 SBRUB750
20191208,9O2BA001,21653,SUPORTE TV UNIVERSAL LCD/LED 10 A 71 SBRUB750
20191208,19796201,21653,SUPORTE TV UNIVERSAL LCD/LED 10 A 71 SBRUB750
20191208,99LU1B01,26005,SMARTPHONE SAMSUNG GAL A20  A205 32GB VERM   
20191208,93911701,25704,CAIXA AMPLIFICADA CM-14 MULT CONECT          
20191207,YYYOYQ01,21653,SUPORTE TV UNIVERSAL LCD/LED 10 A 71 SBRUB750
20191207,YYYOZS01,21653,SUPORTE TV UNIVERSAL LCD/LED 10 A 71 SBRUB750
20191207,YYYP2C01,25996,"TELEVISOR 32"" 32S6500S HD LED SEMP TCL       "
20191207,YYYP2C01,21653,SUPORTE TV UNIVERSAL LCD/LED 10 A 71 SBRUB750
20191207,YYYP1401,21653,SUPORTE TV UNIVERSAL LCD/LED 10 A 71 SBRUB750
20191207,YYYOPZ01,25998,"TELEVISOR 43"" 43S6500FS FULL HD SEMP TCL     "
20191207,YYYOPZ01,21653,SUPORTE TV UNIVERSAL LCD/LED 10 A 71 SBRUB750
20191207,YYYP2Q01,21653,SUPORTE TV UNIVERSAL LCD/LED 10 A 71 SBRUB750
20191207,99E58I01,25996,"TELEVISOR 32"" 32S6500S HD LED SEMP TCL       "
20191207,99E58I01,21653,SUPORTE TV UNIVERSAL LCD/LED 10 A 71 SBRUB750
20191207,83467501,21653,SUPORTE TV UNIVERSAL LCD/LED 10 A 71 SBRUB750
20191207,83467501,25355,"TELEVISOR SMART 43"" UN43J5290 SAMSUNG        "
20191207,07587201,21653,SUPORTE TV UNIVERSAL LCD/LED 10 A 71 SBRUB750
20191207,11416001,21653,SUPORTE TV UNIVERSAL LCD/LED 10 A 71 SBRUB750
20191207,99HO9701,21653,SUPORTE TV UNIVERSAL LCD/LED 10 A 71 SBRUB750
20191207,9OLQRX01,21653,SUPORTE TV UNIVERSAL LCD/LED 10 A 71 SBRUB750
20191207,99MZSU01,21653,SUPORTE TV UNIVERSAL LCD/LED 10 A 71 SBRUB750
20191207,99MZSU01,25996,"TELEVISOR 32"" 32S6500S HD LED SEMP TCL       "
20191207,9OGCQP01,21653,SUPORTE TV UNIVERSAL LCD/LED 10 A 71 SBRUB750
20191207,9OMQ6G01,23375,"TELEVISOR SMART 40"" KDL-40W655D SONY         "
20191207,9OMQ6G01,21653,SUPORTE TV UNIVERSAL LCD/LED 10 A 71 SBRUB750
20191207,99GFZQ01,21653,SUPORTE TV UNIVERSAL LCD/LED 10 A 71 SBRUB750
20191207,9NYYNA01,21653,SUPORTE TV UNIVERSAL LCD/LED 10 A 71 SBRUB750
20191207,9OASE901,21653,SUPORTE TV UNIVERSAL LCD/LED 10 A 71 SBRUB750
20191207,999SHB01,21653,SUPORTE TV UNIVERSAL LCD/LED 10 A 71 SBRUB750
20191207,02879301,21653,SUPORTE TV UNIVERSAL LCD/LED 10 A 71 SBRUB750
20191207,9NZGH701,21653,SUPORTE TV UNIVERSAL LCD/LED 10 A 71 SBRUB750
20191207,21714201,21653,SUPORTE TV UNIVERSAL LCD/LED 10 A 71 SBRUB750
20191207,19324601,21653,SUPORTE TV UNIVERSAL LCD/LED 10 A 71 SBRUB750
20191207,99HUDI01,21653,SUPORTE TV UNIVERSAL LCD/LED 10 A 71 SBRUB750
20191207,90309101,21653,SUPORTE TV UNIVERSAL LCD/LED 10 A 71 SBRUB750
20191207,99LK5D01,21653,SUPORTE TV UNIVERSAL LCD/LED 10 A 71 SBRUB750
20191207,08769301,21653,SUPORTE TV UNIVERSAL LCD/LED 10 A 71 SBRUB750
20191207,08769301,25998,"TELEVISOR 43"" 43S6500FS FULL HD SEMP TCL     "
20191207,05571401,21653,SUPORTE TV UNIVERSAL LCD/LED 10 A 71 SBRUB750
20191207,999DTW01,21653,SUPORTE TV UNIVERSAL LCD/LED 10 A 71 SBRUB750
20191207,9NZX7R01,21653,SUPORTE TV UNIVERSAL LCD/LED 10 A 71 SBRUB750
20191207,9NZX7R01,26431,CAIXA DE SOM SK-05 VIBE PLUS SPEAKER BIVOLT  
20191207,999WJX01,21653,SUPORTE TV UNIVERSAL LCD/LED 10 A 71 SBRUB750
20191207,9O50T401,21653,SUPORTE TV UNIVERSAL LCD/LED 10 A 71 SBRUB750
20191207,9O9SLV01,21653,SUPORTE TV UNIVERSAL LCD/LED 10 A 71 SBRUB750
20191207,9O9SLV01,26243,SUPORTE UNIV. BEDIN BU-25                    
20191207,9ODYZQ01,26243,SUPORTE UNIV. BEDIN BU-25                    
20191207,65672801,25727,SMARTPHONE SAMSUNG GAL J2 CORE 16GB PRATA    
20191207,65672801,21653,SUPORTE TV UNIVERSAL LCD/LED 10 A 71 SBRUB750
20191207,19318001,23804,CONJ.SC-AKX700LBK SOM 3X1 PANASONIC          
20191207,99QVKO01,21653,SUPORTE TV UNIVERSAL LCD/LED 10 A 71 SBRUB750
20191207,99POE001,21653,SUPORTE TV UNIVERSAL LCD/LED 10 A 71 SBRUB750
20191207,9NZ7AE01,21653,SUPORTE TV UNIVERSAL LCD/LED 10 A 71 SBRUB750
20191207,9NZIUI01,21653,SUPORTE TV UNIVERSAL LCD/LED 10 A 71 SBRUB750
20191207,9O03ZV01,25173,SMARTPHONE LG K9 TV LM-X210BMW INDIGO        
20191207,99HD0501,25242,PEN DRIVE MC163 2X1 LEITOR USB SD 32GB       
20191207,88949001,25983,SMARTPHONE SAMSUNG GAL A10  A105 32GB VERMELH
20191207,99F6PJ01,21653,SUPORTE TV UNIVERSAL LCD/LED 10 A 71 SBRUB750
20191207,68721601,25996,"TELEVISOR 32"" 32S6500S HD LED SEMP TCL       "
20191207,68721601,21653,SUPORTE TV UNIVERSAL LCD/LED 10 A 71 SBRUB750
20191207,9OQKSS01,25366,TABLET NB728 MINI MS40G PRETO                
20191207,83383101,21855,CELULAR BLU JENNY 2.8 T276 DB PRETO-VERMEL   
20191207,31695601,25173,SMARTPHONE LG K9 TV LM-X210BMW INDIGO        
20191207,18742301,21653,SUPORTE TV UNIVERSAL LCD/LED 10 A 71 SBRUB750
20191207,14977301,25996,"TELEVISOR 32"" 32S6500S HD LED SEMP TCL       "
20191207,99ERZQ01,21653,SUPORTE TV UNIVERSAL LCD/LED 10 A 71 SBRUB750
20191207,99DCO801,21653,SUPORTE TV UNIVERSAL LCD/LED 10 A 71 SBRUB750
20191207,99DCO801,25996,"TELEVISOR 32"" 32S6500S HD LED SEMP TCL       "
20191207,9NYQ7O01,21653,SUPORTE TV UNIVERSAL LCD/LED 10 A 71 SBRUB750
20191207,9O1VOK01,26243,SUPORTE UNIV. BEDIN BU-25                    
20191207,9O1VOK01,21653,SUPORTE TV UNIVERSAL LCD/LED 10 A 71 SBRUB750
20191207,99510601,21653,SUPORTE TV UNIVERSAL LCD/LED 10 A 71 SBRUB750
20191207,90693901,21653,SUPORTE TV UNIVERSAL LCD/LED 10 A 71 SBRUB750
20191207,19671401,21653,SUPORTE TV UNIVERSAL LCD/LED 10 A 71 SBRUB750
20191207,9OQNOK01,25998,"TELEVISOR 43"" 43S6500FS FULL HD SEMP TCL     "
20191207,9OQNOK01,21653,SUPORTE TV UNIVERSAL LCD/LED 10 A 71 SBRUB750
20191207,19047801,21653,SUPORTE TV UNIVERSAL LCD/LED 10 A 71 SBRUB750
20191207,57846101,21653,SUPORTE TV UNIVERSAL LCD/LED 10 A 71 SBRUB750
20191207,9NXAV601,21653,SUPORTE TV UNIVERSAL LCD/LED 10 A 71 SBRUB750
20191207,9NY7KH01,24716,RECEPTOR MIDIA BOX HDTV B3                   
20191207,9O2EI801,25355,"TELEVISOR SMART 43"" UN43J5290 SAMSUNG        "
20191207,9O2EI801,21653,SUPORTE TV UNIVERSAL LCD/LED 10 A 71 SBRUB750
20191207,01529101,21653,SUPORTE TV UNIVERSAL LCD/LED 10 A 71 SBRUB750
20191207,9OHIDK01,21653,SUPORTE TV UNIVERSAL LCD/LED 10 A 71 SBRUB750
20191207,99DBKD01,21653,SUPORTE TV UNIVERSAL LCD/LED 10 A 71 SBRUB750
20191207,03581801,21653,SUPORTE TV UNIVERSAL LCD/LED 10 A 71 SBRUB750
20191207,03581801,24716,RECEPTOR MIDIA BOX HDTV B3                   
20191207,999MOS01,21653,SUPORTE TV UNIVERSAL LCD/LED 10 A 71 SBRUB750
20191207,999MOS01,25243,PEN DRIVE 16GB PD688 TWIST ROSA MULTILASER   
20191207,9OL94R01,21653,SUPORTE TV UNIVERSAL LCD/LED 10 A 71 SBRUB750
20191207,96330001,25996,"TELEVISOR 32"" 32S6500S HD LED SEMP TCL       "
20191207,999QYV01,21653,SUPORTE TV UNIVERSAL LCD/LED 10 A 71 SBRUB750
20191207,9ONZN801,21653,SUPORTE TV UNIVERSAL LCD/LED 10 A 71 SBRUB750
20191207,99FL5S01,21653,SUPORTE TV UNIVERSAL LCD/LED 10 A 71 SBRUB750
20191207,99C1RF01,24618,RELOGIO SMART RIU WATCH R160 DOURADO         
20191207,99C1RF01,21653,SUPORTE TV UNIVERSAL LCD/LED 10 A 71 SBRUB750
20191207,9O79CU01,21653,SUPORTE TV UNIVERSAL LCD/LED 10 A 71 SBRUB750
20191207,15108801,21653,SUPORTE TV UNIVERSAL LCD/LED 10 A 71 SBRUB750
20191207,15108801,25998,"TELEVISOR 43"" 43S6500FS FULL HD SEMP TCL     "
20191207,9OBZSD01,23375,"TELEVISOR SMART 40"" KDL-40W655D SONY         "
20191207,9OBZSD01,21653,SUPORTE TV UNIVERSAL LCD/LED 10 A 71 SBRUB750
20191207,9ODSDQ01,21653,SUPORTE TV UNIVERSAL LCD/LED 10 A 71 SBRUB750
20191207,19877101,21653,SUPORTE TV UNIVERSAL LCD/LED 10 A 71 SBRUB750
20191207,51784301,21653,SUPORTE TV UNIVERSAL LCD/LED 10 A 71 SBRUB750
20191207,99MEYR01,26222,CELULAR INFINITY W201 PRETO                  
20191207,99M4H701,21653,SUPORTE TV UNIVERSAL LCD/LED 10 A 71 SBRUB750
20191207,9O1THE01,21653,SUPORTE TV UNIVERSAL LCD/LED 10 A 71 SBRUB750
20191207,9O9GYJ01,21653,SUPORTE TV UNIVERSAL LCD/LED 10 A 71 SBRUB750
20191207,74729901,21653,SUPORTE TV UNIVERSAL LCD/LED 10 A 71 SBRUB750
20191207,96706301,21653,SUPORTE TV UNIVERSAL LCD/LED 10 A 71 SBRUB750
20191207,14590401,21653,SUPORTE TV UNIVERSAL LCD/LED 10 A 71 SBRUB750
20191207,99BMGB01,21653,SUPORTE TV UNIVERSAL LCD/LED 10 A 71 SBRUB750
20191207,91714001,21653,SUPORTE TV UNIVERSAL LCD/LED 10 A 71 SBRUB750
20191207,99INWN01,25996,"TELEVISOR 32"" 32S6500S HD LED SEMP TCL       "
20191207,99INWN01,21653,SUPORTE TV UNIVERSAL LCD/LED 10 A 71 SBRUB750
20191207,99LDKD01,25998,"TELEVISOR 43"" 43S6500FS FULL HD SEMP TCL     "
20191207,99LDKD01,21653,SUPORTE TV UNIVERSAL LCD/LED 10 A 71 SBRUB750
20191207,99KUVP01,21653,SUPORTE TV UNIVERSAL LCD/LED 10 A 71 SBRUB750
20191207,99E60V01,25996,"TELEVISOR 32"" 32S6500S HD LED SEMP TCL       "
20191207,04234401,21653,SUPORTE TV UNIVERSAL LCD/LED 10 A 71 SBRUB750
20191207,44557501,25727,SMARTPHONE SAMSUNG GAL J2 CORE 16GB PRATA    
20191207,72975301,21653,SUPORTE TV UNIVERSAL LCD/LED 10 A 71 SBRUB750
20191207,72729101,22752,CELULAR RIU FLIP 2.4 DB DOURADO              
20191207,22023001,21653,SUPORTE TV UNIVERSAL LCD/LED 10 A 71 SBRUB750
20191207,99A99I01,21653,SUPORTE TV UNIVERSAL LCD/LED 10 A 71 SBRUB750
20191207,99CJF301,21653,SUPORTE TV UNIVERSAL LCD/LED 10 A 71 SBRUB750
20191207,79891701,21653,SUPORTE TV UNIVERSAL LCD/LED 10 A 71 SBRUB750
20191207,99DG3E01,21653,SUPORTE TV UNIVERSAL LCD/LED 10 A 71 SBRUB750
20191207,99DG3E01,25996,"TELEVISOR 32"" 32S6500S HD LED SEMP TCL       "
20191207,99E60V01,21653,SUPORTE TV UNIVERSAL LCD/LED 10 A 71 SBRUB750
20191206,YYYO5A01,21653,SUPORTE TV UNIVERSAL LCD/LED 10 A 71 SBRUB750
20191206,YYYNVG01,21653,SUPORTE TV UNIVERSAL LCD/LED 10 A 71 SBRUB750
20191206,YYYO6H01,21653,SUPORTE TV UNIVERSAL LCD/LED 10 A 71 SBRUB750
20191206,YYYO6H01,25354,"TELEVISOR SMART 32"" UN32J4290 SAMSUNG        "
20191206,YYYLO801,21653,SUPORTE TV UNIVERSAL LCD/LED 10 A 71 SBRUB750
20191206,YYYLO801,25998,"TELEVISOR 43"" 43S6500FS FULL HD SEMP TCL     "
20191206,YYYO2501,21653,SUPORTE TV UNIVERSAL LCD/LED 10 A 71 SBRUB750
20191206,YYYOEL01,21653,SUPORTE TV UNIVERSAL LCD/LED 10 A 71 SBRUB750
20191206,YYYILN01,24716,RECEPTOR MIDIA BOX HDTV B3                   
20191206,YYYILN01,21653,SUPORTE TV UNIVERSAL LCD/LED 10 A 71 SBRUB750
20191206,YYYNJW01,21653,SUPORTE TV UNIVERSAL LCD/LED 10 A 71 SBRUB750
20191206,99DFRE01,25983,SMARTPHONE SAMSUNG GAL A10  A105 32GB VERMELH
20191206,99808301,21653,SUPORTE TV UNIVERSAL LCD/LED 10 A 71 SBRUB750
20191206,90447601,21653,SUPORTE TV UNIVERSAL LCD/LED 10 A 71 SBRUB750
20191206,9OK2YX01,21653,SUPORTE TV UNIVERSAL LCD/LED 10 A 71 SBRUB750
20191206,999OUZ01,21653,SUPORTE TV UNIVERSAL LCD/LED 10 A 71 SBRUB750
20191206,96366401,21653,SUPORTE TV UNIVERSAL LCD/LED 10 A 71 SBRUB750
20191206,9OKXL501,21653,SUPORTE TV UNIVERSAL LCD/LED 10 A 71 SBRUB750
20191206,90642701,21653,SUPORTE TV UNIVERSAL LCD/LED 10 A 71 SBRUB750
20191206,29711301,21653,SUPORTE TV UNIVERSAL LCD/LED 10 A 71 SBRUB750
20191206,89997201,25730,SMARTPHONE SAMSUNG GAL J4 CORE 16GB AZUL     
20191206,99CDYO01,26222,CELULAR INFINITY W201 PRETO                  
20191206,15276701,25366,TABLET NB728 MINI MS40G PRETO                
20191206,99DI0Y01,25996,"TELEVISOR 32"" 32S6500S HD LED SEMP TCL       "
20191206,99DI0Y01,21653,SUPORTE TV UNIVERSAL LCD/LED 10 A 71 SBRUB750
20191206,99FXLA01,21653,SUPORTE TV UNIVERSAL LCD/LED 10 A 71 SBRUB750
20191206,9ODQ2E01,21653,SUPORTE TV UNIVERSAL LCD/LED 10 A 71 SBRUB750
20191206,99HHID01,25729,SMARTPHONE SAMSUNG GAL J4 CORE 16GB COBRE    
20191206,23757101,25173,SMARTPHONE LG K9 TV LM-X210BMW INDIGO        
20191206,9OMA1101,21653,SUPORTE TV UNIVERSAL LCD/LED 10 A 71 SBRUB750
20191206,07368301,21653,SUPORTE TV UNIVERSAL LCD/LED 10 A 71 SBRUB750
20191206,9NZX7R01,26460,CAIXA DE SOM AMPLIF.TROLLEY 8 POL SP329      
20191206,99BJNR01,21653,SUPORTE TV UNIVERSAL LCD/LED 10 A 71 SBRUB750
20191206,9O3AG801,25996,"TELEVISOR 32"" 32S6500S HD LED SEMP TCL       "
20191206,9O3AG801,21653,SUPORTE TV UNIVERSAL LCD/LED 10 A 71 SBRUB750
20191206,9O1QAD01,21653,SUPORTE TV UNIVERSAL LCD/LED 10 A 71 SBRUB750
20191206,9O5LD601,21653,SUPORTE TV UNIVERSAL LCD/LED 10 A 71 SBRUB750
20191206,9OONYI01,21653,SUPORTE TV UNIVERSAL LCD/LED 10 A 71 SBRUB750
20191206,9OBSPY01,26524,SMARTPHONE LG K12 MAX PRETO                  
20191206,99L89O01,21653,SUPORTE TV UNIVERSAL LCD/LED 10 A 71 SBRUB750
20191206,99L0O701,25998,"TELEVISOR 43"" 43S6500FS FULL HD SEMP TCL     "
20191206,99LPMF01,21653,SUPORTE TV UNIVERSAL LCD/LED 10 A 71 SBRUB750
20191206,9OLZUI01,21653,SUPORTE TV UNIVERSAL LCD/LED 10 A 71 SBRUB750
20191206,9OLZUI01,25354,"TELEVISOR SMART 32"" UN32J4290 SAMSUNG        "
20191206,9NZEV001,21653,SUPORTE TV UNIVERSAL LCD/LED 10 A 71 SBRUB750
20191206,9NZ4HE01,26178,"TELEVISOR SMART 49"" 49SK6200 HD LED 4K SEMP T"
20191206,9NYFE601,21653,SUPORTE TV UNIVERSAL LCD/LED 10 A 71 SBRUB750
20191206,9NYFE601,25996,"TELEVISOR 32"" 32S6500S HD LED SEMP TCL       "
20191206,97445101,21653,SUPORTE TV UNIVERSAL LCD/LED 10 A 71 SBRUB750
20191206,99C4KP01,21653,SUPORTE TV UNIVERSAL LCD/LED 10 A 71 SBRUB750
20191206,17033801,21653,SUPORTE TV UNIVERSAL LCD/LED 10 A 71 SBRUB750
20191206,17483001,26243,SUPORTE UNIV. BEDIN BU-25                    
20191206,41170801,21653,SUPORTE TV UNIVERSAL LCD/LED 10 A 71 SBRUB750
20191206,16610001,25995,"TELEVISOR 24"" S1300 L1850 HD LED SEMP TCL    "
20191206,999GZY01,21653,SUPORTE TV UNIVERSAL LCD/LED 10 A 71 SBRUB750
20191206,999UZI01,21653,SUPORTE TV UNIVERSAL LCD/LED 10 A 71 SBRUB750
20191206,99ELFD01,25726,SMARTPHONE SAMSUNG GAL J2 CORE 16GB PRETO    
20191206,99ELFD01,21653,SUPORTE TV UNIVERSAL LCD/LED 10 A 71 SBRUB750
20191206,09452901,21653,SUPORTE TV UNIVERSAL LCD/LED 10 A 71 SBRUB750
20191206,98857701,21653,SUPORTE TV UNIVERSAL LCD/LED 10 A 71 SBRUB750
20191206,99ENX301,21653,SUPORTE TV UNIVERSAL LCD/LED 10 A 71 SBRUB750
20191206,99ENX301,25996,"TELEVISOR 32"" 32S6500S HD LED SEMP TCL       "
20191206,99DFFW01,21653,SUPORTE TV UNIVERSAL LCD/LED 10 A 71 SBRUB750
20191206,99DFFW01,25354,"TELEVISOR SMART 32"" UN32J4290 SAMSUNG        "
20191206,55927301,21653,SUPORTE TV UNIVERSAL LCD/LED 10 A 71 SBRUB750
20191206,99HRM201,21653,SUPORTE TV UNIVERSAL LCD/LED 10 A 71 SBRUB750
20191206,91366401,26243,SUPORTE UNIV. BEDIN BU-25                    
20191206,999CFN01,21653,SUPORTE TV UNIVERSAL LCD/LED 10 A 71 SBRUB750
20191206,64688401,21653,SUPORTE TV UNIVERSAL LCD/LED 10 A 71 SBRUB750
20191206,23807401,21653,SUPORTE TV UNIVERSAL LCD/LED 10 A 71 SBRUB750
20191206,23807401,25996,"TELEVISOR 32"" 32S6500S HD LED SEMP TCL       "
20191206,17680801,21653,SUPORTE TV UNIVERSAL LCD/LED 10 A 71 SBRUB750
20191206,99BI2B01,21653,SUPORTE TV UNIVERSAL LCD/LED 10 A 71 SBRUB750
20191206,02528201,21653,SUPORTE TV UNIVERSAL LCD/LED 10 A 71 SBRUB750
20191206,13992901,21653,SUPORTE TV UNIVERSAL LCD/LED 10 A 71 SBRUB750
20191206,13992901,25355,"TELEVISOR SMART 43"" UN43J5290 SAMSUNG        "
20191206,99HZMK01,26344,"TELEVISOR SMART 50"" P6US ULTRA HD 4K HDR SEMP"
20191206,99HZMK01,21653,SUPORTE TV UNIVERSAL LCD/LED 10 A 71 SBRUB750
20191206,99935801,21653,SUPORTE TV UNIVERSAL LCD/LED 10 A 71 SBRUB750
20191206,9OLI6F01,21653,SUPORTE TV UNIVERSAL LCD/LED 10 A 71 SBRUB750
20191206,06524301,21653,SUPORTE TV UNIVERSAL LCD/LED 10 A 71 SBRUB750
20191206,06524301,25996,"TELEVISOR 32"" 32S6500S HD LED SEMP TCL       "
20191206,9OOGQE01,25998,"TELEVISOR 43"" 43S6500FS FULL HD SEMP TCL     "
20191206,33741301,21653,SUPORTE TV UNIVERSAL LCD/LED 10 A 71 SBRUB750
20191206,99EKD101,25354,"TELEVISOR SMART 32"" UN32J4290 SAMSUNG        "
20191206,14179801,21653,SUPORTE TV UNIVERSAL LCD/LED 10 A 71 SBRUB750
20191206,9OGPH201,25684,SMARTPHONE MOTOROLA MOTO ONE DB BRANCO       
20191206,9OCOAX01,21653,SUPORTE TV UNIVERSAL LCD/LED 10 A 71 SBRUB750
20191206,12789101,25355,"TELEVISOR SMART 43"" UN43J5290 SAMSUNG        "
20191206,12789101,21653,SUPORTE TV UNIVERSAL LCD/LED 10 A 71 SBRUB750
20191206,99ITHB01,25981,SMARTPHONE SAMSUNG GAL A10  A105 32GB PRETO  
20191206,9NZCIB01,21653,SUPORTE TV UNIVERSAL LCD/LED 10 A 71 SBRUB750
20191206,9NYHG601,21653,SUPORTE TV UNIVERSAL LCD/LED 10 A 71 SBRUB750
20191206,9ONCI901,21653,SUPORTE TV UNIVERSAL LCD/LED 10 A 71 SBRUB750
20191206,12871301,21653,SUPORTE TV UNIVERSAL LCD/LED 10 A 71 SBRUB750
20191206,99FBXY01,21653,SUPORTE TV UNIVERSAL LCD/LED 10 A 71 SBRUB750
20191206,03353201,21653,SUPORTE TV UNIVERSAL LCD/LED 10 A 71 SBRUB750
20191206,91183701,21653,SUPORTE TV UNIVERSAL LCD/LED 10 A 71 SBRUB750
20191206,78450801,21653,SUPORTE TV UNIVERSAL LCD/LED 10 A 71 SBRUB750
20191206,68635401,21653,SUPORTE TV UNIVERSAL LCD/LED 10 A 71 SBRUB750
20191206,67840801,21653,SUPORTE TV UNIVERSAL LCD/LED 10 A 71 SBRUB750
20191206,99CA4F01,26003,SMARTPHONE SAMSUNG GAL A20  A205 32GB PRETO  
20191206,99CEN701,21653,SUPORTE TV UNIVERSAL LCD/LED 10 A 71 SBRUB750
20191206,99D7XV01,21653,SUPORTE TV UNIVERSAL LCD/LED 10 A 71 SBRUB750
20191205,YYYNCS01,25184,"TELEVISOR SMART 50"" 4K UN50NU7100 SAMSUNG    "
20191205,YYYNCS01,21653,SUPORTE TV UNIVERSAL LCD/LED 10 A 71 SBRUB750
20191205,34545301,21653,SUPORTE TV UNIVERSAL LCD/LED 10 A 71 SBRUB750
20191205,99IVUY01,25998,"TELEVISOR 43"" 43S6500FS FULL HD SEMP TCL     "
20191205,25585401,21653,SUPORTE TV UNIVERSAL LCD/LED 10 A 71 SBRUB750
20191205,98506301,21653,SUPORTE TV UNIVERSAL LCD/LED 10 A 71 SBRUB750
20191205,99B5KZ01,25354,"TELEVISOR SMART 32"" UN32J4290 SAMSUNG        "
20191205,99B5KZ01,21653,SUPORTE TV UNIVERSAL LCD/LED 10 A 71 SBRUB750
20191205,9OA2O501,21653,SUPORTE TV UNIVERSAL LCD/LED 10 A 71 SBRUB750
20191205,96620701,21653,SUPORTE TV UNIVERSAL LCD/LED 10 A 71 SBRUB750
20191205,75077301,21653,SUPORTE TV UNIVERSAL LCD/LED 10 A 71 SBRUB750
20191205,999OUZ01,26003,SMARTPHONE SAMSUNG GAL A20  A205 32GB PRETO  
20191205,99850401,26243,SUPORTE UNIV. BEDIN BU-25                    
20191205,99CDYO01,21653,SUPORTE TV UNIVERSAL LCD/LED 10 A 71 SBRUB750
20191205,99803001,21653,SUPORTE TV UNIVERSAL LCD/LED 10 A 71 SBRUB750
20191205,15868101,21653,SUPORTE TV UNIVERSAL LCD/LED 10 A 71 SBRUB750
20191205,90930501,21653,SUPORTE TV UNIVERSAL LCD/LED 10 A 71 SBRUB750
20191205,36492801,21653,SUPORTE TV UNIVERSAL LCD/LED 10 A 71 SBRUB750
20191205,99AU9201,25355,"TELEVISOR SMART 43"" UN43J5290 SAMSUNG        "
20191205,99AU9201,21653,SUPORTE TV UNIVERSAL LCD/LED 10 A 71 SBRUB750
20191205,46105701,25998,"TELEVISOR 43"" 43S6500FS FULL HD SEMP TCL     "
20191205,66323901,24632,CAIXA AMPLIFICADA CM-07 MONDIAL              
20191205,99DJM501,25172,SMARTPHONE LG K9 TV LM-X210BMW PRETO         
20191205,9OMBX801,20599,ROTEADOR RE160 300 MBPS NOVO (05)            
20191205,01478201,21653,SUPORTE TV UNIVERSAL LCD/LED 10 A 71 SBRUB750
20191205,54776101,21653,SUPORTE TV UNIVERSAL LCD/LED 10 A 71 SBRUB750
20191205,99QGQA01,21653,SUPORTE TV UNIVERSAL LCD/LED 10 A 71 SBRUB750
20191205,9OIJ8W01,21653,SUPORTE TV UNIVERSAL LCD/LED 10 A 71 SBRUB750
20191205,9O42EG01,21653,SUPORTE TV UNIVERSAL LCD/LED 10 A 71 SBRUB750
20191205,9O42EG01,26243,SUPORTE UNIV. BEDIN BU-25                    
20191205,9O73EE01,21653,SUPORTE TV UNIVERSAL LCD/LED 10 A 71 SBRUB750
20191205,9OD2W501,21653,SUPORTE TV UNIVERSAL LCD/LED 10 A 71 SBRUB750
20191205,12933801,21653,SUPORTE TV UNIVERSAL LCD/LED 10 A 71 SBRUB750
20191205,90801301,21653,SUPORTE TV UNIVERSAL LCD/LED 10 A 71 SBRUB750
20191205,23502601,21653,SUPORTE TV UNIVERSAL LCD/LED 10 A 71 SBRUB750
20191205,99A3PR01,21653,SUPORTE TV UNIVERSAL LCD/LED 10 A 71 SBRUB750
20191205,18163701,21653,SUPORTE TV UNIVERSAL LCD/LED 10 A 71 SBRUB750
20191205,99H1L601,21653,SUPORTE TV UNIVERSAL LCD/LED 10 A 71 SBRUB750
20191205,99JSLH01,21653,SUPORTE TV UNIVERSAL LCD/LED 10 A 71 SBRUB750
20191205,99J83101,21653,SUPORTE TV UNIVERSAL LCD/LED 10 A 71 SBRUB750
20191205,99K4PZ01,21653,SUPORTE TV UNIVERSAL LCD/LED 10 A 71 SBRUB750
20191205,65371801,21653,SUPORTE TV UNIVERSAL LCD/LED 10 A 71 SBRUB750
20191205,999W8Y01,21653,SUPORTE TV UNIVERSAL LCD/LED 10 A 71 SBRUB750
20191205,18811801,26243,SUPORTE UNIV. BEDIN BU-25                    
20191205,21971101,25996,"TELEVISOR 32"" 32S6500S HD LED SEMP TCL       "
20191205,21971101,21653,SUPORTE TV UNIVERSAL LCD/LED 10 A 71 SBRUB750
20191205,19963101,21653,SUPORTE TV UNIVERSAL LCD/LED 10 A 71 SBRUB750
20191205,34157501,21653,SUPORTE TV UNIVERSAL LCD/LED 10 A 71 SBRUB750
20191205,78448301,26005,SMARTPHONE SAMSUNG GAL A20  A205 32GB VERM   
20191205,24394401,21653,SUPORTE TV UNIVERSAL LCD/LED 10 A 71 SBRUB750
20191205,09287501,21653,SUPORTE TV UNIVERSAL LCD/LED 10 A 71 SBRUB750
20191205,26438201,21653,SUPORTE TV UNIVERSAL LCD/LED 10 A 71 SBRUB750
20191205,14459401,25998,"TELEVISOR 43"" 43S6500FS FULL HD SEMP TCL     "
20191205,999KC401,21653,SUPORTE TV UNIVERSAL LCD/LED 10 A 71 SBRUB750
20191205,12576701,21653,SUPORTE TV UNIVERSAL LCD/LED 10 A 71 SBRUB750
20191205,05751601,21653,SUPORTE TV UNIVERSAL LCD/LED 10 A 71 SBRUB750
20191205,05751601,25998,"TELEVISOR 43"" 43S6500FS FULL HD SEMP TCL     "
20191205,9OQHM101,26007,SMARTPHONE SAMSUNG GAL A30 A305 64GB AZUL    
20191205,999A1401,21653,SUPORTE TV UNIVERSAL LCD/LED 10 A 71 SBRUB750
20191205,99MZMN01,21653,SUPORTE TV UNIVERSAL LCD/LED 10 A 71 SBRUB750
20191205,999ELK01,21653,SUPORTE TV UNIVERSAL LCD/LED 10 A 71 SBRUB750
20191205,13729601,21653,SUPORTE TV UNIVERSAL LCD/LED 10 A 71 SBRUB750
20191205,99CKHC01,21256,CELULAR BLU TANK II T193 DB PRETO AZUL       
20191205,15063001,21653,SUPORTE TV UNIVERSAL LCD/LED 10 A 71 SBRUB750
20191205,99CQS801,21653,SUPORTE TV UNIVERSAL LCD/LED 10 A 71 SBRUB750
20191205,999U0D01,21653,SUPORTE TV UNIVERSAL LCD/LED 10 A 71 SBRUB750
20191205,76922601,26483,SMARTPHONE SAMSUNG GAL A50 A505 128GB AZUL   
20191205,9OQHM101,25983,SMARTPHONE SAMSUNG GAL A10  A105 32GB VERMELH
20191205,9NZAQX01,21653,SUPORTE TV UNIVERSAL LCD/LED 10 A 71 SBRUB750
20191205,03392101,21653,SUPORTE TV UNIVERSAL LCD/LED 10 A 71 SBRUB750
20191205,9OOZMR01,21653,SUPORTE TV UNIVERSAL LCD/LED 10 A 71 SBRUB750
20191205,99D7NQ01,25904,"TELEVISOR SMART 50"" UHD BT UN50RU7100 SAMSUNG"
20191205,99D7NQ01,21653,SUPORTE TV UNIVERSAL LCD/LED 10 A 71 SBRUB750
20191205,07046601,25728,SMARTPHONE SAMSUNG GAL J4 CORE 16GB PRETO    
20191205,9O1P0801,26423,CAIXA AMPLIFICADA CM-09 CONNECT DJ CONTROLLER
20191205,9OALMD01,25998,"TELEVISOR 43"" 43S6500FS FULL HD SEMP TCL     "
20191205,9OALMD01,21653,SUPORTE TV UNIVERSAL LCD/LED 10 A 71 SBRUB750
20191205,9NZTCS01,15558,PEN DRIVE 8GB PD687 TWIST ROSA               
20191205,9NZTCS01,21653,SUPORTE TV UNIVERSAL LCD/LED 10 A 71 SBRUB750
20191205,9NZTCS01,20966,PEN DRIVE 32GB PD589 TWIST PRETO             
20191205,99PO6701,21653,SUPORTE TV UNIVERSAL LCD/LED 10 A 71 SBRUB750
20191205,99AZY601,25983,SMARTPHONE SAMSUNG GAL A10  A105 32GB VERMELH
20191205,99827201,21653,SUPORTE TV UNIVERSAL LCD/LED 10 A 71 SBRUB750
20191205,99DI4M01,21653,SUPORTE TV UNIVERSAL LCD/LED 10 A 71 SBRUB750
20191205,18201001,21653,SUPORTE TV UNIVERSAL LCD/LED 10 A 71 SBRUB750
20191205,52355501,25437,RADIO CK43.ABRALLK X BOOM LG                 
20191205,80581201,26243,SUPORTE UNIV. BEDIN BU-25                    
20191204,30050801,26004,SMARTPHONE SAMSUNG GAL A20  A205 32GB AZUL   
20191204,03326101,21653,SUPORTE TV UNIVERSAL LCD/LED 10 A 71 SBRUB750
20191204,9OMXIX01,24335,"TELEVISOR SMART 43"" L43S4900FS SEMP TCL      "
20191204,00470701,25998,"TELEVISOR 43"" 43S6500FS FULL HD SEMP TCL     "
20191204,00470701,21653,SUPORTE TV UNIVERSAL LCD/LED 10 A 71 SBRUB750
20191204,12569001,21653,SUPORTE TV UNIVERSAL LCD/LED 10 A 71 SBRUB750
20191204,12569001,23376,"TELEVISOR SMART 48"" KDL-48W655D SONY         "
20191204,11202601,21653,SUPORTE TV UNIVERSAL LCD/LED 10 A 71 SBRUB750
20191204,11202601,25996,"TELEVISOR 32"" 32S6500S HD LED SEMP TCL       "
20191204,9O2DCP01,25729,SMARTPHONE SAMSUNG GAL J4 CORE 16GB COBRE    
20191204,9O7EDP01,25872,SMARTPHONE LG K12 PLUS  AZUL                 
20191204,9OB73I01,21653,SUPORTE TV UNIVERSAL LCD/LED 10 A 71 SBRUB750
20191204,99CCEJ01,26243,SUPORTE UNIV. BEDIN BU-25                    
20191204,02210201,21653,SUPORTE TV UNIVERSAL LCD/LED 10 A 71 SBRUB750
20191204,9O0UIQ01,21653,SUPORTE TV UNIVERSAL LCD/LED 10 A 71 SBRUB750
20191204,9OG99X01,26483,SMARTPHONE SAMSUNG GAL A50 A505 128GB AZUL   
20191204,39126901,21653,SUPORTE TV UNIVERSAL LCD/LED 10 A 71 SBRUB750
20191204,9OIHJS01,21653,SUPORTE TV UNIVERSAL LCD/LED 10 A 71 SBRUB750
20191204,9OP2V301,21653,SUPORTE TV UNIVERSAL LCD/LED 10 A 71 SBRUB750
20191204,9OP25001,21653,SUPORTE TV UNIVERSAL LCD/LED 10 A 71 SBRUB750
20191204,18227501,21653,SUPORTE TV UNIVERSAL LCD/LED 10 A 71 SBRUB750
20191204,14367701,21653,SUPORTE TV UNIVERSAL LCD/LED 10 A 71 SBRUB750
20191204,14367701,25996,"TELEVISOR 32"" 32S6500S HD LED SEMP TCL       "
20191204,00729801,21653,SUPORTE TV UNIVERSAL LCD/LED 10 A 71 SBRUB750
20191204,14475601,25998,"TELEVISOR 43"" 43S6500FS FULL HD SEMP TCL     "
20191204,14475601,21653,SUPORTE TV UNIVERSAL LCD/LED 10 A 71 SBRUB750
20191204,98512001,21653,SUPORTE TV UNIVERSAL LCD/LED 10 A 71 SBRUB750
20191204,99DAFQ01,25728,SMARTPHONE SAMSUNG GAL J4 CORE 16GB PRETO    
20191204,01960201,21653,SUPORTE TV UNIVERSAL LCD/LED 10 A 71 SBRUB750
20191204,20334701,21653,SUPORTE TV UNIVERSAL LCD/LED 10 A 71 SBRUB750
20191204,18811801,21653,SUPORTE TV UNIVERSAL LCD/LED 10 A 71 SBRUB750
20191204,99ELE501,26243,SUPORTE UNIV. BEDIN BU-25                    
20191204,06474601,21653,SUPORTE TV UNIVERSAL LCD/LED 10 A 71 SBRUB750
20191204,06300701,21653,SUPORTE TV UNIVERSAL LCD/LED 10 A 71 SBRUB750
20191204,96222101,21653,SUPORTE TV UNIVERSAL LCD/LED 10 A 71 SBRUB750
20191204,96703601,21653,SUPORTE TV UNIVERSAL LCD/LED 10 A 71 SBRUB750
20191204,99M5ZZ01,21653,SUPORTE TV UNIVERSAL LCD/LED 10 A 71 SBRUB750
20191204,99M5ZZ01,25998,"TELEVISOR 43"" 43S6500FS FULL HD SEMP TCL     "
20191204,99PWYR01,26243,SUPORTE UNIV. BEDIN BU-25                    
20191204,99PWYR01,21653,SUPORTE TV UNIVERSAL LCD/LED 10 A 71 SBRUB750
20191204,9NZJSF01,25245,TABLET NB731 MINI MS50G DOURADO/BRANCO       
20191204,9NZJSF01,25998,"TELEVISOR 43"" 43S6500FS FULL HD SEMP TCL     "
20191204,9NZJSF01,25193,SMARTPHONE SAMSUNG GAL J6 32GB PRATA         
20191204,9NZJSF01,21653,SUPORTE TV UNIVERSAL LCD/LED 10 A 71 SBRUB750
20191204,9O0UBC01,21653,SUPORTE TV UNIVERSAL LCD/LED 10 A 71 SBRUB750
20191204,9O4RSU01,26243,SUPORTE UNIV. BEDIN BU-25                    
20191204,9OBYGF01,21653,SUPORTE TV UNIVERSAL LCD/LED 10 A 71 SBRUB750
20191204,9O7BOD01,15712,SUPORTE PRETO TV LCD 10 A 55 ART.SBRP120     
20191204,9O7BOD01,21653,SUPORTE TV UNIVERSAL LCD/LED 10 A 71 SBRUB750
20191204,99804701,21653,SUPORTE TV UNIVERSAL LCD/LED 10 A 71 SBRUB750
20191204,99JZF101,21653,SUPORTE TV UNIVERSAL LCD/LED 10 A 71 SBRUB750
20191204,99EAWC01,25727,SMARTPHONE SAMSUNG GAL J2 CORE 16GB PRATA    
20191204,60981301,21653,SUPORTE TV UNIVERSAL LCD/LED 10 A 71 SBRUB750
20191204,90164701,21653,SUPORTE TV UNIVERSAL LCD/LED 10 A 71 SBRUB750
20191204,17876901,21603,DVD D-14 GAME STAR II MONDIAL                
20191204,17876901,21653,SUPORTE TV UNIVERSAL LCD/LED 10 A 71 SBRUB750
20191204,74645701,21653,SUPORTE TV UNIVERSAL LCD/LED 10 A 71 SBRUB750
20191204,9NXZ5C01,26423,CAIXA AMPLIFICADA CM-09 CONNECT DJ CONTROLLER
20191204,97127301,25998,"TELEVISOR 43"" 43S6500FS FULL HD SEMP TCL     "
20191204,97127301,21653,SUPORTE TV UNIVERSAL LCD/LED 10 A 71 SBRUB750
20191204,19840001,21653,SUPORTE TV UNIVERSAL LCD/LED 10 A 71 SBRUB750
20191204,19324601,21653,SUPORTE TV UNIVERSAL LCD/LED 10 A 71 SBRUB750
20191204,09750901,21653,SUPORTE TV UNIVERSAL LCD/LED 10 A 71 SBRUB750
20191204,99EXMU01,21653,SUPORTE TV UNIVERSAL LCD/LED 10 A 71 SBRUB750
20191204,24719901,21653,SUPORTE TV UNIVERSAL LCD/LED 10 A 71 SBRUB750
20191204,24719901,24335,"TELEVISOR SMART 43"" L43S4900FS SEMP TCL      "
20191204,24719901,25996,"TELEVISOR 32"" 32S6500S HD LED SEMP TCL       "
20191204,9OASE901,25355,"TELEVISOR SMART 43"" UN43J5290 SAMSUNG        "
20191204,46272201,21653,SUPORTE TV UNIVERSAL LCD/LED 10 A 71 SBRUB750
20191204,99K0LD01,21653,SUPORTE TV UNIVERSAL LCD/LED 10 A 71 SBRUB750
20191204,28336301,25884,CAIXA AMPLIFICADA MCO-07 MULTI CONNECT       
20191204,99C40C01,21653,SUPORTE TV UNIVERSAL LCD/LED 10 A 71 SBRUB750
20191204,000Q5901,21653,SUPORTE TV UNIVERSAL LCD/LED 10 A 71 SBRUB750
20191204,YYYMCT01,21653,SUPORTE TV UNIVERSAL LCD/LED 10 A 71 SBRUB750
20191204,YYYMCT01,25998,"TELEVISOR 43"" 43S6500FS FULL HD SEMP TCL     "
20191204,YYYETX01,21653,SUPORTE TV UNIVERSAL LCD/LED 10 A 71 SBRUB750
20191204,YYYGRF01,25996,"TELEVISOR 32"" 32S6500S HD LED SEMP TCL       "
20191204,YYYGRF01,21653,SUPORTE TV UNIVERSAL LCD/LED 10 A 71 SBRUB750
20191204,YYYMB701,21653,SUPORTE TV UNIVERSAL LCD/LED 10 A 71 SBRUB750
20191204,YYYMG901,21653,SUPORTE TV UNIVERSAL LCD/LED 10 A 71 SBRUB750
20191204,YYYMQ401,25998,"TELEVISOR 43"" 43S6500FS FULL HD SEMP TCL     "
20191204,YYYMQ401,21653,SUPORTE TV UNIVERSAL LCD/LED 10 A 71 SBRUB750
20191204,YYYM8101,25997,"TELEVISOR 40"" 40S6500FS HD LED SEMP TCL      "
20191204,YYYM8101,21653,SUPORTE TV UNIVERSAL LCD/LED 10 A 71 SBRUB750
20191203,YYYLVS01,21653,SUPORTE TV UNIVERSAL LCD/LED 10 A 71 SBRUB750
20191203,YYYM2J01,21653,SUPORTE TV UNIVERSAL LCD/LED 10 A 71 SBRUB750
20191203,YYYBWD01,21653,SUPORTE TV UNIVERSAL LCD/LED 10 A 71 SBRUB750
20191203,YYYD2001,26243,SUPORTE UNIV. BEDIN BU-25                    
20191203,99A9CM01,21653,SUPORTE TV UNIVERSAL LCD/LED 10 A 71 SBRUB750
20191203,18840001,21653,SUPORTE TV UNIVERSAL LCD/LED 10 A 71 SBRUB750
20191203,99A95101,21653,SUPORTE TV UNIVERSAL LCD/LED 10 A 71 SBRUB750
20191203,11410001,21653,SUPORTE TV UNIVERSAL LCD/LED 10 A 71 SBRUB750
20191203,YYYLHB01,21653,SUPORTE TV UNIVERSAL LCD/LED 10 A 71 SBRUB750
20191203,9OQZ0J01,24716,RECEPTOR MIDIA BOX HDTV B3                   
20191203,9O3CKQ01,21653,SUPORTE TV UNIVERSAL LCD/LED 10 A 71 SBRUB750
20191203,9ODBO901,21653,SUPORTE TV UNIVERSAL LCD/LED 10 A 71 SBRUB750
20191203,9ODBO901,25355,"TELEVISOR SMART 43"" UN43J5290 SAMSUNG        "
20191203,9OC5Y001,25726,SMARTPHONE SAMSUNG GAL J2 CORE 16GB PRETO    
20191203,86392001,21653,SUPORTE TV UNIVERSAL LCD/LED 10 A 71 SBRUB750
20191203,23609501,21653,SUPORTE TV UNIVERSAL LCD/LED 10 A 71 SBRUB750
20191203,73056901,21653,SUPORTE TV UNIVERSAL LCD/LED 10 A 71 SBRUB750
20191203,99PWXW01,21653,SUPORTE TV UNIVERSAL LCD/LED 10 A 71 SBRUB750
20191203,05690801,21653,SUPORTE TV UNIVERSAL LCD/LED 10 A 71 SBRUB750
20191203,9O0MSO01,21653,SUPORTE TV UNIVERSAL LCD/LED 10 A 71 SBRUB750
20191203,9OGFNU01,21653,SUPORTE TV UNIVERSAL LCD/LED 10 A 71 SBRUB750
20191203,21002201,21653,SUPORTE TV UNIVERSAL LCD/LED 10 A 71 SBRUB750
20191203,99EYCK01,25996,"TELEVISOR 32"" 32S6500S HD LED SEMP TCL       "
20191203,99EYCK01,21653,SUPORTE TV UNIVERSAL LCD/LED 10 A 71 SBRUB750
20191203,99DJM501,24335,"TELEVISOR SMART 43"" L43S4900FS SEMP TCL      "
20191203,99DJM501,21653,SUPORTE TV UNIVERSAL LCD/LED 10 A 71 SBRUB750
20191203,99LZ4U01,22218,CONJ.SC-AKX220LBK PANASONIC                  
20191203,9O5RMS01,25998,"TELEVISOR 43"" 43S6500FS FULL HD SEMP TCL     "
20191203,9O7X6H01,21653,SUPORTE TV UNIVERSAL LCD/LED 10 A 71 SBRUB750
20191203,999JAW01,21653,SUPORTE TV UNIVERSAL LCD/LED 10 A 71 SBRUB750
20191203,99H2AH01,25996,"TELEVISOR 32"" 32S6500S HD LED SEMP TCL       "
20191203,99HX7401,21653,SUPORTE TV UNIVERSAL LCD/LED 10 A 71 SBRUB750
20191203,99H2AH01,21653,SUPORTE TV UNIVERSAL LCD/LED 10 A 71 SBRUB750
20191203,13629101,21653,SUPORTE TV UNIVERSAL LCD/LED 10 A 71 SBRUB750
20191203,13629101,25998,"TELEVISOR 43"" 43S6500FS FULL HD SEMP TCL     "
20191203,07505601,21653,SUPORTE TV UNIVERSAL LCD/LED 10 A 71 SBRUB750
20191203,56536301,21653,SUPORTE TV UNIVERSAL LCD/LED 10 A 71 SBRUB750
20191203,99FFZV01,21653,SUPORTE TV UNIVERSAL LCD/LED 10 A 71 SBRUB750
20191203,21276101,21653,SUPORTE TV UNIVERSAL LCD/LED 10 A 71 SBRUB750
20191203,20716401,21653,SUPORTE TV UNIVERSAL LCD/LED 10 A 71 SBRUB750
20191203,15003701,21653,SUPORTE TV UNIVERSAL LCD/LED 10 A 71 SBRUB750
20191203,17182401,21653,SUPORTE TV UNIVERSAL LCD/LED 10 A 71 SBRUB750
20191203,08489101,21653,SUPORTE TV UNIVERSAL LCD/LED 10 A 71 SBRUB750
20191203,99EBXX01,21653,SUPORTE TV UNIVERSAL LCD/LED 10 A 71 SBRUB750
20191203,999R1F01,21653,SUPORTE TV UNIVERSAL LCD/LED 10 A 71 SBRUB750
20191203,20090201,26243,SUPORTE UNIV. BEDIN BU-25                    
20191203,49018401,25703,CAIXA AMPLIFICADA CM-13 BIVOLT BLUETOOTH     
20191203,99DF6201,21653,SUPORTE TV UNIVERSAL LCD/LED 10 A 71 SBRUB750
20191203,9O44JQ01,21653,SUPORTE TV UNIVERSAL LCD/LED 10 A 71 SBRUB750
20191203,9O166U01,21653,SUPORTE TV UNIVERSAL LCD/LED 10 A 71 SBRUB750
20191203,9OIS3M01,21653,SUPORTE TV UNIVERSAL LCD/LED 10 A 71 SBRUB750
20191203,99AV1701,21653,SUPORTE TV UNIVERSAL LCD/LED 10 A 71 SBRUB750
20191203,63950301,21653,SUPORTE TV UNIVERSAL LCD/LED 10 A 71 SBRUB750
20191203,99HKZZ01,25726,SMARTPHONE SAMSUNG GAL J2 CORE 16GB PRETO    
20191203,12531901,21653,SUPORTE TV UNIVERSAL LCD/LED 10 A 71 SBRUB750
20191203,99489601,21653,SUPORTE TV UNIVERSAL LCD/LED 10 A 71 SBRUB750
20191203,9O0WUS01,25354,"TELEVISOR SMART 32"" UN32J4290 SAMSUNG        "
20191203,99DH3C01,21653,SUPORTE TV UNIVERSAL LCD/LED 10 A 71 SBRUB750
20191203,99FL5S01,25726,SMARTPHONE SAMSUNG GAL J2 CORE 16GB PRETO    
20191203,99JRO701,21653,SUPORTE TV UNIVERSAL LCD/LED 10 A 71 SBRUB750
20191203,9O172O01,21653,SUPORTE TV UNIVERSAL LCD/LED 10 A 71 SBRUB750
20191203,9O89RL01,25998,"TELEVISOR 43"" 43S6500FS FULL HD SEMP TCL     "
20191203,73093301,21653,SUPORTE TV UNIVERSAL LCD/LED 10 A 71 SBRUB750
20191203,99PLMM01,21653,SUPORTE TV UNIVERSAL LCD/LED 10 A 71 SBRUB750
20191203,9NYGIQ01,26243,SUPORTE UNIV. BEDIN BU-25                    
20191203,10105401,21653,SUPORTE TV UNIVERSAL LCD/LED 10 A 71 SBRUB750
20191203,06535001,21653,SUPORTE TV UNIVERSAL LCD/LED 10 A 71 SBRUB750
20191203,9ON17M01,21653,SUPORTE TV UNIVERSAL LCD/LED 10 A 71 SBRUB750
20191203,12701601,21653,SUPORTE TV UNIVERSAL LCD/LED 10 A 71 SBRUB750
20191203,99C05Q01,26345,"TELEVISOR SMART 55"" P6US ULTRA HD 4K HDR SEMP"
20191203,99COQR01,21653,SUPORTE TV UNIVERSAL LCD/LED 10 A 71 SBRUB750
20191203,20283901,21653,SUPORTE TV UNIVERSAL LCD/LED 10 A 71 SBRUB750
20191203,46687201,21653,SUPORTE TV UNIVERSAL LCD/LED 10 A 71 SBRUB750
20191202,YYYL4Z01,21653,SUPORTE TV UNIVERSAL LCD/LED 10 A 71 SBRUB750
20191202,YYYKWN01,21653,SUPORTE TV UNIVERSAL LCD/LED 10 A 71 SBRUB750
20191202,YYYKRE01,26345,"TELEVISOR SMART 55"" P6US ULTRA HD 4K HDR SEMP"
20191202,YYYKRE01,21653,SUPORTE TV UNIVERSAL LCD/LED 10 A 71 SBRUB750
20191202,YYYLCD01,21653,SUPORTE TV UNIVERSAL LCD/LED 10 A 71 SBRUB750
20191202,000QDW01,15713,SUPORTE PRETO TV LCD 10 A 55 BR ART SBRP130  
20191202,000QDW01,21653,SUPORTE TV UNIVERSAL LCD/LED 10 A 71 SBRUB750
20191202,94647901,21653,SUPORTE TV UNIVERSAL LCD/LED 10 A 71 SBRUB750
20191202,YYYLDN01,21653,SUPORTE TV UNIVERSAL LCD/LED 10 A 71 SBRUB750
20191202,9OR9QY01,21653,SUPORTE TV UNIVERSAL LCD/LED 10 A 71 SBRUB750
20191202,99I9OG01,21653,SUPORTE TV UNIVERSAL LCD/LED 10 A 71 SBRUB750
20191202,999RY101,21653,SUPORTE TV UNIVERSAL LCD/LED 10 A 71 SBRUB750
20191202,99DEMA01,21653,SUPORTE TV UNIVERSAL LCD/LED 10 A 71 SBRUB750
20191202,999EEU01,21653,SUPORTE TV UNIVERSAL LCD/LED 10 A 71 SBRUB750
20191202,9OCUUD01,21653,SUPORTE TV UNIVERSAL LCD/LED 10 A 71 SBRUB750
20191202,50301801,26243,SUPORTE UNIV. BEDIN BU-25                    
20191202,9O8MXD01,21653,SUPORTE TV UNIVERSAL LCD/LED 10 A 71 SBRUB750
20191202,99BIP501,21653,SUPORTE TV UNIVERSAL LCD/LED 10 A 71 SBRUB750
20191202,99BIP501,25998,"TELEVISOR 43"" 43S6500FS FULL HD SEMP TCL     "
20191202,99850401,21653,SUPORTE TV UNIVERSAL LCD/LED 10 A 71 SBRUB750
20191202,99LYCX01,21653,SUPORTE TV UNIVERSAL LCD/LED 10 A 71 SBRUB750
20191202,88207801,21653,SUPORTE TV UNIVERSAL LCD/LED 10 A 71 SBRUB750
20191202,99A6TW01,21653,SUPORTE TV UNIVERSAL LCD/LED 10 A 71 SBRUB750
20191202,99PUNR01,21653,SUPORTE TV UNIVERSAL LCD/LED 10 A 71 SBRUB750
20191202,15900501,21653,SUPORTE TV UNIVERSAL LCD/LED 10 A 71 SBRUB750
20191202,9NXZ4601,26345,"TELEVISOR SMART 55"" P6US ULTRA HD 4K HDR SEMP"
20191202,9NXZ4601,21653,SUPORTE TV UNIVERSAL LCD/LED 10 A 71 SBRUB750
20191202,99JYN401,21653,SUPORTE TV UNIVERSAL LCD/LED 10 A 71 SBRUB750
20191202,99417901,25998,"TELEVISOR 43"" 43S6500FS FULL HD SEMP TCL     "
20191202,9OIKM901,21653,SUPORTE TV UNIVERSAL LCD/LED 10 A 71 SBRUB750
20191202,18298901,21653,SUPORTE TV UNIVERSAL LCD/LED 10 A 71 SBRUB750
20191202,99MD7601,25243,PEN DRIVE 16GB PD688 TWIST ROSA MULTILASER   
20191202,999QT401,21653,SUPORTE TV UNIVERSAL LCD/LED 10 A 71 SBRUB750
20191202,18270901,21653,SUPORTE TV UNIVERSAL LCD/LED 10 A 71 SBRUB750
20191202,9ON07901,21653,SUPORTE TV UNIVERSAL LCD/LED 10 A 71 SBRUB750
20191202,01423501,25996,"TELEVISOR 32"" 32S6500S HD LED SEMP TCL       "
20191202,01423501,21653,SUPORTE TV UNIVERSAL LCD/LED 10 A 71 SBRUB750
20191202,90000001,21653,SUPORTE TV UNIVERSAL LCD/LED 10 A 71 SBRUB750
20191202,9NZYFC01,21653,SUPORTE TV UNIVERSAL LCD/LED 10 A 71 SBRUB750
20191202,9O9F0901,21653,SUPORTE TV UNIVERSAL LCD/LED 10 A 71 SBRUB750
20191202,9O8X9I01,21653,SUPORTE TV UNIVERSAL LCD/LED 10 A 71 SBRUB750
20191202,9O8WKQ01,25729,SMARTPHONE SAMSUNG GAL J4 CORE 16GB COBRE    
20191202,9O69DR01,25173,SMARTPHONE LG K9 TV LM-X210BMW INDIGO        
20191202,21530501,21653,SUPORTE TV UNIVERSAL LCD/LED 10 A 71 SBRUB750
20191202,9OQ7NJ01,21653,SUPORTE TV UNIVERSAL LCD/LED 10 A 71 SBRUB750
20191202,99JN3R01,21653,SUPORTE TV UNIVERSAL LCD/LED 10 A 71 SBRUB750
20191202,99JJ1S01,21653,SUPORTE TV UNIVERSAL LCD/LED 10 A 71 SBRUB750
20191202,99L89O01,14537,PEN DRIVE 16GB PD588 TWIST PRETO             
20191202,99MDXB01,21653,SUPORTE TV UNIVERSAL LCD/LED 10 A 71 SBRUB750
20191202,9O0JZH01,21653,SUPORTE TV UNIVERSAL LCD/LED 10 A 71 SBRUB750
20191202,999NZ001,21653,SUPORTE TV UNIVERSAL LCD/LED 10 A 71 SBRUB750
20191202,99511601,21653,SUPORTE TV UNIVERSAL LCD/LED 10 A 71 SBRUB750
20191202,99CLIS01,26243,SUPORTE UNIV. BEDIN BU-25                    
20191202,99CLIS01,25996,"TELEVISOR 32"" 32S6500S HD LED SEMP TCL       "
20191202,53055601,21653,SUPORTE TV UNIVERSAL LCD/LED 10 A 71 SBRUB750
20191202,73666201,21653,SUPORTE TV UNIVERSAL LCD/LED 10 A 71 SBRUB750
20191202,20716401,26345,"TELEVISOR SMART 55"" P6US ULTRA HD 4K HDR SEMP"
20191202,99F28Z01,23802,BOOMBOX BX-19 BIVOLT UP DYNAMIC              
20191202,00966901,25172,SMARTPHONE LG K9 TV LM-X210BMW PRETO         
20191202,99C5E801,21653,SUPORTE TV UNIVERSAL LCD/LED 10 A 71 SBRUB750
20191202,31573001,21653,SUPORTE TV UNIVERSAL LCD/LED 10 A 71 SBRUB750
20191202,00736701,23375,"TELEVISOR SMART 40"" KDL-40W655D SONY         "
20191202,00736701,21653,SUPORTE TV UNIVERSAL LCD/LED 10 A 71 SBRUB750
20191202,53834201,21653,SUPORTE TV UNIVERSAL LCD/LED 10 A 71 SBRUB750
20191202,97384001,21653,SUPORTE TV UNIVERSAL LCD/LED 10 A 71 SBRUB750
20191202,69567001,21653,SUPORTE TV UNIVERSAL LCD/LED 10 A 71 SBRUB750
20191202,13328101,21653,SUPORTE TV UNIVERSAL LCD/LED 10 A 71 SBRUB750
20191202,99EATI01,21653,SUPORTE TV UNIVERSAL LCD/LED 10 A 71 SBRUB750
20191202,70192601,21653,SUPORTE TV UNIVERSAL LCD/LED 10 A 71 SBRUB750
20191202,33906501,26243,SUPORTE UNIV. BEDIN BU-25                    
20191202,33906501,21653,SUPORTE TV UNIVERSAL LCD/LED 10 A 71 SBRUB750
20191202,9OIR0G01,25996,"TELEVISOR 32"" 32S6500S HD LED SEMP TCL       "
20191202,9OIR0G01,21653,SUPORTE TV UNIVERSAL LCD/LED 10 A 71 SBRUB750
20191202,02194201,24335,"TELEVISOR SMART 43"" L43S4900FS SEMP TCL      "
20191202,02194201,21653,SUPORTE TV UNIVERSAL LCD/LED 10 A 71 SBRUB750
20191202,99984201,25582,SMARTPHONE LG K11 PLUS DB DOURADO            
20191202,99984201,21653,SUPORTE TV UNIVERSAL LCD/LED 10 A 71 SBRUB750
20191202,99EQN001,21653,SUPORTE TV UNIVERSAL LCD/LED 10 A 71 SBRUB750
20191202,14885801,21653,SUPORTE TV UNIVERSAL LCD/LED 10 A 71 SBRUB750
20191202,21423501,21653,SUPORTE TV UNIVERSAL LCD/LED 10 A 71 SBRUB750
20191202,9OCBZE01,21653,SUPORTE TV UNIVERSAL LCD/LED 10 A 71 SBRUB750
20191202,12990501,21653,SUPORTE TV UNIVERSAL LCD/LED 10 A 71 SBRUB750
20191202,999JII01,21653,SUPORTE TV UNIVERSAL LCD/LED 10 A 71 SBRUB750
20191202,01626601,21653,SUPORTE TV UNIVERSAL LCD/LED 10 A 71 SBRUB750
20191202,01626601,25998,"TELEVISOR 43"" 43S6500FS FULL HD SEMP TCL     "
20191202,9OC80401,21653,SUPORTE TV UNIVERSAL LCD/LED 10 A 71 SBRUB750
20191202,9NZUZT01,21653,SUPORTE TV UNIVERSAL LCD/LED 10 A 71 SBRUB750
20191202,9O5X6S01,21653,SUPORTE TV UNIVERSAL LCD/LED 10 A 71 SBRUB750
20191202,9OBJZZ01,21653,SUPORTE TV UNIVERSAL LCD/LED 10 A 71 SBRUB750
20191202,9OCOAX01,25996,"TELEVISOR 32"" 32S6500S HD LED SEMP TCL       "
20191202,9OGE7E01,21653,SUPORTE TV UNIVERSAL LCD/LED 10 A 71 SBRUB750
20191202,999RC201,21653,SUPORTE TV UNIVERSAL LCD/LED 10 A 71 SBRUB750
20191202,99CE5201,21653,SUPORTE TV UNIVERSAL LCD/LED 10 A 71 SBRUB750
20191202,80588001,25996,"TELEVISOR 32"" 32S6500S HD LED SEMP TCL       "
20191202,80588001,21653,SUPORTE TV UNIVERSAL LCD/LED 10 A 71 SBRUB750
20191202,99KNVK01,21653,SUPORTE TV UNIVERSAL LCD/LED 10 A 71 SBRUB750
20191202,9NYMGM01,25998,"TELEVISOR 43"" 43S6500FS FULL HD SEMP TCL     "
20191202,9NYMGM01,21653,SUPORTE TV UNIVERSAL LCD/LED 10 A 71 SBRUB750
20191202,9O3J2401,21653,SUPORTE TV UNIVERSAL LCD/LED 10 A 71 SBRUB750
20191202,15722601,25727,SMARTPHONE SAMSUNG GAL J2 CORE 16GB PRATA    
20191202,84226501,21653,SUPORTE TV UNIVERSAL LCD/LED 10 A 71 SBRUB750
20191202,9OGWVE01,21653,SUPORTE TV UNIVERSAL LCD/LED 10 A 71 SBRUB750
20191202,55617701,21653,SUPORTE TV UNIVERSAL LCD/LED 10 A 71 SBRUB750
20191202,99F8OU01,21653,SUPORTE TV UNIVERSAL LCD/LED 10 A 71 SBRUB750
20191202,99F8OU01,21653,SUPORTE TV UNIVERSAL LCD/LED 10 A 71 SBRUB750
20191202,99C75101,26386,SMARTPHONE LG K8 PLUS AZUL                   
20191202,23153301,21653,SUPORTE TV UNIVERSAL LCD/LED 10 A 71 SBRUB750
20191202,90783601,21653,SUPORTE TV UNIVERSAL LCD/LED 10 A 71 SBRUB750
20191202,95586401,21653,SUPORTE TV UNIVERSAL LCD/LED 10 A 71 SBRUB750
20191202,95586401,15712,SUPORTE PRETO TV LCD 10 A 55 ART.SBRP120     
20191202,25483201,21653,SUPORTE TV UNIVERSAL LCD/LED 10 A 71 SBRUB750
20191202,03973701,21653,SUPORTE TV UNIVERSAL LCD/LED 10 A 71 SBRUB750
20191202,99GPO801,21653,SUPORTE TV UNIVERSAL LCD/LED 10 A 71 SBRUB750
20191201,YYYKF901,21653,SUPORTE TV UNIVERSAL LCD/LED 10 A 71 SBRUB750
20191201,99GDLV01,21653,SUPORTE TV UNIVERSAL LCD/LED 10 A 71 SBRUB750
20191201,9OEF7J01,21653,SUPORTE TV UNIVERSAL LCD/LED 10 A 71 SBRUB750
20191201,20334701,26345,"TELEVISOR SMART 55"" P6US ULTRA HD 4K HDR SEMP"
20191201,69379501,21653,SUPORTE TV UNIVERSAL LCD/LED 10 A 71 SBRUB750
20191201,72108801,21653,SUPORTE TV UNIVERSAL LCD/LED 10 A 71 SBRUB750
20191201,72108801,25997,"TELEVISOR 40"" 40S6500FS HD LED SEMP TCL      "
20191201,26444401,21653,SUPORTE TV UNIVERSAL LCD/LED 10 A 71 SBRUB750
20191201,26444401,25545,"TELEVISOR SMART 40"" TC40FS600B PANASONIC     "
20191130,YYYJNG01,21653,SUPORTE TV UNIVERSAL LCD/LED 10 A 71 SBRUB750
20191130,YYYK6601,21653,SUPORTE TV UNIVERSAL LCD/LED 10 A 71 SBRUB750
20191130,YYYJ2301,21653,SUPORTE TV UNIVERSAL LCD/LED 10 A 71 SBRUB750
20191130,YYYJCZ01,21653,SUPORTE TV UNIVERSAL LCD/LED 10 A 71 SBRUB750
20191130,YYYILN01,25904,"TELEVISOR SMART 50"" UHD BT UN50RU7100 SAMSUNG"
20191130,YYYH4401,21653,SUPORTE TV UNIVERSAL LCD/LED 10 A 71 SBRUB750
20191130,000WJ801,21653,SUPORTE TV UNIVERSAL LCD/LED 10 A 71 SBRUB750
20191130,YYYK0M01,21653,SUPORTE TV UNIVERSAL LCD/LED 10 A 71 SBRUB750
20191130,YYYJ8J01,21653,SUPORTE TV UNIVERSAL LCD/LED 10 A 71 SBRUB750
20191130,99MAME01,21653,SUPORTE TV UNIVERSAL LCD/LED 10 A 71 SBRUB750
20191130,99MAME01,25355,"TELEVISOR SMART 43"" UN43J5290 SAMSUNG        "
20191130,34545301,25904,"TELEVISOR SMART 50"" UHD BT UN50RU7100 SAMSUNG"
20191130,34545301,25904,"TELEVISOR SMART 50"" UHD BT UN50RU7100 SAMSUNG"
20191130,YYYJRE01,21653,SUPORTE TV UNIVERSAL LCD/LED 10 A 71 SBRUB750
20191130,12583401,26008,SMARTPHONE SAMSUNG GAL A30  A305 64GB BRANCO 
20191130,40956101,25243,PEN DRIVE 16GB PD688 TWIST ROSA MULTILASER   
20191130,40956101,21653,SUPORTE TV UNIVERSAL LCD/LED 10 A 71 SBRUB750
20191130,9NWKVA01,25904,"TELEVISOR SMART 50"" UHD BT UN50RU7100 SAMSUNG"
20191130,91126001,21653,SUPORTE TV UNIVERSAL LCD/LED 10 A 71 SBRUB750
20191130,91126001,25545,"TELEVISOR SMART 40"" TC40FS600B PANASONIC     "
20191130,29002801,26460,CAIXA DE SOM AMPLIF.TROLLEY 8 POL SP329      
20191130,90447601,26325,"TELEVISOR SMART 43"" 43S5300 HD BLUET SEMP TCL"
20191130,99H96G01,21653,SUPORTE TV UNIVERSAL LCD/LED 10 A 71 SBRUB750
20191130,99I9OG01,25904,"TELEVISOR SMART 50"" UHD BT UN50RU7100 SAMSUNG"
20191130,21435801,21653,SUPORTE TV UNIVERSAL LCD/LED 10 A 71 SBRUB750
20191130,99M8FP01,21653,SUPORTE TV UNIVERSAL LCD/LED 10 A 71 SBRUB750
20191130,9O60RA01,21653,SUPORTE TV UNIVERSAL LCD/LED 10 A 71 SBRUB750
20191130,00246301,25904,"TELEVISOR SMART 50"" UHD BT UN50RU7100 SAMSUNG"
20191130,00246301,21653,SUPORTE TV UNIVERSAL LCD/LED 10 A 71 SBRUB750
20191130,999FMD01,26460,CAIXA DE SOM AMPLIF.TROLLEY 8 POL SP329      
20191130,999FV301,21653,SUPORTE TV UNIVERSAL LCD/LED 10 A 71 SBRUB750
20191130,92894801,21653,SUPORTE TV UNIVERSAL LCD/LED 10 A 71 SBRUB750
20191130,99NBHH01,21653,SUPORTE TV UNIVERSAL LCD/LED 10 A 71 SBRUB750
20191130,9O3VB901,26007,SMARTPHONE SAMSUNG GAL A30 A305 64GB AZUL    
20191130,99N6IE01,21653,SUPORTE TV UNIVERSAL LCD/LED 10 A 71 SBRUB750
20191130,99N6IE01,25354,"TELEVISOR SMART 32"" UN32J4290 SAMSUNG        "
20191130,9OB81U01,21653,SUPORTE TV UNIVERSAL LCD/LED 10 A 71 SBRUB750
20191130,00446501,21653,SUPORTE TV UNIVERSAL LCD/LED 10 A 71 SBRUB750
20191130,18087501,21653,SUPORTE TV UNIVERSAL LCD/LED 10 A 71 SBRUB750
20191130,10925401,21653,SUPORTE TV UNIVERSAL LCD/LED 10 A 71 SBRUB750
20191130,999SW601,21653,SUPORTE TV UNIVERSAL LCD/LED 10 A 71 SBRUB750
20191130,9OIV4M01,21653,SUPORTE TV UNIVERSAL LCD/LED 10 A 71 SBRUB750
20191130,9O4PAW01,21653,SUPORTE TV UNIVERSAL LCD/LED 10 A 71 SBRUB750
20191130,79725501,21653,SUPORTE TV UNIVERSAL LCD/LED 10 A 71 SBRUB750
20191130,32681601,21653,SUPORTE TV UNIVERSAL LCD/LED 10 A 71 SBRUB750
20191130,93212801,21653,SUPORTE TV UNIVERSAL LCD/LED 10 A 71 SBRUB750
20191130,9OMPEL01,21653,SUPORTE TV UNIVERSAL LCD/LED 10 A 71 SBRUB750
20191130,9OGMOF01,21653,SUPORTE TV UNIVERSAL LCD/LED 10 A 71 SBRUB750
20191130,9OGMOF01,25545,"TELEVISOR SMART 40"" TC40FS600B PANASONIC     "
20191130,90064101,21653,SUPORTE TV UNIVERSAL LCD/LED 10 A 71 SBRUB750
20191130,90064101,26325,"TELEVISOR SMART 43"" 43S5300 HD BLUET SEMP TCL"
20191130,21530501,25997,"TELEVISOR 40"" 40S6500FS HD LED SEMP TCL      "
20191130,99BBHZ01,25481,SMARTPHONE LG K9 TV LM-X210BMW DOURADO       
20191130,9OCVJS01,21653,SUPORTE TV UNIVERSAL LCD/LED 10 A 71 SBRUB750
20191130,9OCVJS01,26324,"TELEVISOR SMART 32"" 32S5300 HD BLUET SEMP TCL"
20191130,9O9UGY01,21653,SUPORTE TV UNIVERSAL LCD/LED 10 A 71 SBRUB750
20191130,9OEF7J01,25904,"TELEVISOR SMART 50"" UHD BT UN50RU7100 SAMSUNG"
20191130,9O1HBD01,26005,SMARTPHONE SAMSUNG GAL A20  A205 32GB VERM   
20191130,9O1HBD01,26004,SMARTPHONE SAMSUNG GAL A20  A205 32GB AZUL   
20191130,9O5P8X01,21653,SUPORTE TV UNIVERSAL LCD/LED 10 A 71 SBRUB750
20191130,9O54EH01,21653,SUPORTE TV UNIVERSAL LCD/LED 10 A 71 SBRUB750
20191130,9O97N701,21653,SUPORTE TV UNIVERSAL LCD/LED 10 A 71 SBRUB750
20191130,9OONYI01,25303,"TELEVISOR SMART 32"" TC32FS500B PANASONIC     "
20191130,9NZI8S01,25303,"TELEVISOR SMART 32"" TC32FS500B PANASONIC     "
20191130,9NZI8S01,21653,SUPORTE TV UNIVERSAL LCD/LED 10 A 71 SBRUB750
20191130,9NYTQW01,21653,SUPORTE TV UNIVERSAL LCD/LED 10 A 71 SBRUB750
20191130,9NZY4U01,25545,"TELEVISOR SMART 40"" TC40FS600B PANASONIC     "
20191130,9O2Z2V01,21653,SUPORTE TV UNIVERSAL LCD/LED 10 A 71 SBRUB750
20191130,9O2Z2V01,25997,"TELEVISOR 40"" 40S6500FS HD LED SEMP TCL      "
20191130,99M5L201,26008,SMARTPHONE SAMSUNG GAL A30  A305 64GB BRANCO 
20191130,9O2Z3K01,25545,"TELEVISOR SMART 40"" TC40FS600B PANASONIC     "
20191130,9O2Z3K01,21653,SUPORTE TV UNIVERSAL LCD/LED 10 A 71 SBRUB750
20191130,9O0PRB01,26432,AUTO RADIO AR-06 PRETO                       
20191130,99LR4B01,21653,SUPORTE TV UNIVERSAL LCD/LED 10 A 71 SBRUB750
20191130,99LR4B01,23904,"TELEVISOR SMART 49"" UN49J5200 SAMSUNG        "
20191130,99LTVU01,26243,SUPORTE UNIV. BEDIN BU-25                    
20191130,99KT5O01,21653,SUPORTE TV UNIVERSAL LCD/LED 10 A 71 SBRUB750
20191130,99PSDI01,26243,SUPORTE UNIV. BEDIN BU-25                    
20191130,99PSDI01,21653,SUPORTE TV UNIVERSAL LCD/LED 10 A 71 SBRUB750
20191130,49647801,24911,"TELEVISOR SMART 43"" S3900FS SEMP TCL         "
20191130,49647801,21653,SUPORTE TV UNIVERSAL LCD/LED 10 A 71 SBRUB750
20191130,99KDYR01,25545,"TELEVISOR SMART 40"" TC40FS600B PANASONIC     "
20191130,99KDYR01,21653,SUPORTE TV UNIVERSAL LCD/LED 10 A 71 SBRUB750
20191130,999UT401,21653,SUPORTE TV UNIVERSAL LCD/LED 10 A 71 SBRUB750
20191130,03487801,25355,"TELEVISOR SMART 43"" UN43J5290 SAMSUNG        "
20191130,03487801,21653,SUPORTE TV UNIVERSAL LCD/LED 10 A 71 SBRUB750
20191130,96222101,25904,"TELEVISOR SMART 50"" UHD BT UN50RU7100 SAMSUNG"
20191130,999RD301,21653,SUPORTE TV UNIVERSAL LCD/LED 10 A 71 SBRUB750
20191130,17040601,26460,CAIXA DE SOM AMPLIF.TROLLEY 8 POL SP329      
20191130,74597701,21653,SUPORTE TV UNIVERSAL LCD/LED 10 A 71 SBRUB750
20191130,96171501,22086,PEN DRIVE SONY R 16GB USMRGR                 
20191130,96171501,21653,SUPORTE TV UNIVERSAL LCD/LED 10 A 71 SBRUB750
20191130,44363501,21653,SUPORTE TV UNIVERSAL LCD/LED 10 A 71 SBRUB750
20191130,12289201,21653,SUPORTE TV UNIVERSAL LCD/LED 10 A 71 SBRUB750
20191130,99FQGV01,21653,SUPORTE TV UNIVERSAL LCD/LED 10 A 71 SBRUB750
20191130,51485601,21653,SUPORTE TV UNIVERSAL LCD/LED 10 A 71 SBRUB750
20191130,31573001,26178,"TELEVISOR SMART 49"" 49SK6200 HD LED 4K SEMP T"
20191130,11489901,26324,"TELEVISOR SMART 32"" 32S5300 HD BLUET SEMP TCL"
20191130,91056701,21653,SUPORTE TV UNIVERSAL LCD/LED 10 A 71 SBRUB750
20191130,15003701,25904,"TELEVISOR SMART 50"" UHD BT UN50RU7100 SAMSUNG"
20191130,78926501,21653,SUPORTE TV UNIVERSAL LCD/LED 10 A 71 SBRUB750
20191130,84016101,21653,SUPORTE TV UNIVERSAL LCD/LED 10 A 71 SBRUB750
20191130,84016101,25355,"TELEVISOR SMART 43"" UN43J5290 SAMSUNG        "
20191130,81789101,21653,SUPORTE TV UNIVERSAL LCD/LED 10 A 71 SBRUB750
20191130,01855401,21653,SUPORTE TV UNIVERSAL LCD/LED 10 A 71 SBRUB750
20191130,14451501,21653,SUPORTE TV UNIVERSAL LCD/LED 10 A 71 SBRUB750
20191130,9OQK2W01,25303,"TELEVISOR SMART 32"" TC32FS500B PANASONIC     "
20191130,99GTPG01,21653,SUPORTE TV UNIVERSAL LCD/LED 10 A 71 SBRUB750
20191130,999XE901,21653,SUPORTE TV UNIVERSAL LCD/LED 10 A 71 SBRUB750
20191130,999II801,21653,SUPORTE TV UNIVERSAL LCD/LED 10 A 71 SBRUB750
20191130,99A5SB01,21653,SUPORTE TV UNIVERSAL LCD/LED 10 A 71 SBRUB750
20191130,999B9C01,21653,SUPORTE TV UNIVERSAL LCD/LED 10 A 71 SBRUB750
20191130,03424001,25905,"TELEVISOR SMART 55"" UHD BT UN55RU7100 SAMSUNG"
20191130,03424001,21653,SUPORTE TV UNIVERSAL LCD/LED 10 A 71 SBRUB750
20191130,23828701,25303,"TELEVISOR SMART 32"" TC32FS500B PANASONIC     "
20191130,9OKEIW01,21653,SUPORTE TV UNIVERSAL LCD/LED 10 A 71 SBRUB750
20191130,9OKEIW01,25355,"TELEVISOR SMART 43"" UN43J5290 SAMSUNG        "
20191130,999MJR01,21653,SUPORTE TV UNIVERSAL LCD/LED 10 A 71 SBRUB750
20191130,15067001,25172,SMARTPHONE LG K9 TV LM-X210BMW PRETO         
20191130,9OJLRS01,21653,SUPORTE TV UNIVERSAL LCD/LED 10 A 71 SBRUB750
20191130,99EBGO01,26222,CELULAR INFINITY W201 PRETO                  
20191130,17153401,21653,SUPORTE TV UNIVERSAL LCD/LED 10 A 71 SBRUB750
20191130,17153401,15713,SUPORTE PRETO TV LCD 10 A 55 BR ART SBRP130  
20191130,999OSP01,21653,SUPORTE TV UNIVERSAL LCD/LED 10 A 71 SBRUB750
20191130,03392101,25904,"TELEVISOR SMART 50"" UHD BT UN50RU7100 SAMSUNG"
20191130,34408401,25904,"TELEVISOR SMART 50"" UHD BT UN50RU7100 SAMSUNG"
20191130,34408401,21653,SUPORTE TV UNIVERSAL LCD/LED 10 A 71 SBRUB750
20191130,99DP3901,26325,"TELEVISOR SMART 43"" 43S5300 HD BLUET SEMP TCL"
20191130,99DP3901,21653,SUPORTE TV UNIVERSAL LCD/LED 10 A 71 SBRUB750
20191130,99BY5201,25904,"TELEVISOR SMART 50"" UHD BT UN50RU7100 SAMSUNG"
20191130,9OA4ZI01,21653,SUPORTE TV UNIVERSAL LCD/LED 10 A 71 SBRUB750
20191130,9OA4ZI01,25997,"TELEVISOR 40"" 40S6500FS HD LED SEMP TCL      "
20191130,99BY5201,21653,SUPORTE TV UNIVERSAL LCD/LED 10 A 71 SBRUB750
20191130,24951801,21653,SUPORTE TV UNIVERSAL LCD/LED 10 A 71 SBRUB750
20191130,24951801,25998,"TELEVISOR 43"" 43S6500FS FULL HD SEMP TCL     "
20191130,97600401,21653,SUPORTE TV UNIVERSAL LCD/LED 10 A 71 SBRUB750
20191130,27355001,26178,"TELEVISOR SMART 49"" 49SK6200 HD LED 4K SEMP T"
20191130,74025201,21653,SUPORTE TV UNIVERSAL LCD/LED 10 A 71 SBRUB750
20191130,99FIGA01,21653,SUPORTE TV UNIVERSAL LCD/LED 10 A 71 SBRUB750
20191130,9O2EX401,21653,SUPORTE TV UNIVERSAL LCD/LED 10 A 71 SBRUB750
20191130,99DHF101,25904,"TELEVISOR SMART 50"" UHD BT UN50RU7100 SAMSUNG"
20191130,99DHF101,21653,SUPORTE TV UNIVERSAL LCD/LED 10 A 71 SBRUB750
20191130,99D1VF01,21653,SUPORTE TV UNIVERSAL LCD/LED 10 A 71 SBRUB750
20191130,99D1VF01,25904,"TELEVISOR SMART 50"" UHD BT UN50RU7100 SAMSUNG"
20191130,67949201,21653,SUPORTE TV UNIVERSAL LCD/LED 10 A 71 SBRUB750
20191130,99KRZ901,21653,SUPORTE TV UNIVERSAL LCD/LED 10 A 71 SBRUB750
20191130,9OO2DN01,25704,CAIXA AMPLIFICADA CM-14 MULT CONECT          
20191130,9OD78B01,25172,SMARTPHONE LG K9 TV LM-X210BMW PRETO         
20191130,38308301,25303,"TELEVISOR SMART 32"" TC32FS500B PANASONIC     "
20191130,9OAPO001,21653,SUPORTE TV UNIVERSAL LCD/LED 10 A 71 SBRUB750
20191130,9OAPO001,25997,"TELEVISOR 40"" 40S6500FS HD LED SEMP TCL      "
20191130,9OFYQ101,25545,"TELEVISOR SMART 40"" TC40FS600B PANASONIC     "
20191130,9OFYQ101,21653,SUPORTE TV UNIVERSAL LCD/LED 10 A 71 SBRUB750
20191130,9OEPD801,21653,SUPORTE TV UNIVERSAL LCD/LED 10 A 71 SBRUB750
20191130,90066101,26431,CAIXA DE SOM SK-05 VIBE PLUS SPEAKER BIVOLT  
20191130,9O0WUS01,25870,TABLET NB296 M7S LITE 8GB PRETO              
20191130,9O7K1Z01,25997,"TELEVISOR 40"" 40S6500FS HD LED SEMP TCL      "
20191130,9O6M2301,19729,PEN DRIVE 8GB PD587 TWIST PRETO              
20191130,9OB2NF01,21653,SUPORTE TV UNIVERSAL LCD/LED 10 A 71 SBRUB750
20191130,9OC8QC01,21653,SUPORTE TV UNIVERSAL LCD/LED 10 A 71 SBRUB750
20191130,9OC8QC01,26243,SUPORTE UNIV. BEDIN BU-25                    
20191130,9OB73I01,25904,"TELEVISOR SMART 50"" UHD BT UN50RU7100 SAMSUNG"
20191130,9O30K701,21653,SUPORTE TV UNIVERSAL LCD/LED 10 A 71 SBRUB750
20191130,9O72NW01,21653,SUPORTE TV UNIVERSAL LCD/LED 10 A 71 SBRUB750
20191130,99M2S001,21653,SUPORTE TV UNIVERSAL LCD/LED 10 A 71 SBRUB750
20191130,99PM8C01,21653,SUPORTE TV UNIVERSAL LCD/LED 10 A 71 SBRUB750
20191130,99HSIT01,21653,SUPORTE TV UNIVERSAL LCD/LED 10 A 71 SBRUB750
20191130,99IBC501,21653,SUPORTE TV UNIVERSAL LCD/LED 10 A 71 SBRUB750
20191130,99B9Z601,21653,SUPORTE TV UNIVERSAL LCD/LED 10 A 71 SBRUB750
20191130,999EF301,21653,SUPORTE TV UNIVERSAL LCD/LED 10 A 71 SBRUB750
20191130,99HIF401,25545,"TELEVISOR SMART 40"" TC40FS600B PANASONIC     "
20191130,99HIF401,21653,SUPORTE TV UNIVERSAL LCD/LED 10 A 71 SBRUB750
20191130,99FBXY01,25904,"TELEVISOR SMART 50"" UHD BT UN50RU7100 SAMSUNG"
20191130,07282801,24875,"TELEVISOR 32"" L1800 SEMP TCL                 "
20191130,99F27801,25303,"TELEVISOR SMART 32"" TC32FS500B PANASONIC     "
20191130,99F27801,25545,"TELEVISOR SMART 40"" TC40FS600B PANASONIC     "
20191130,99F27801,21653,SUPORTE TV UNIVERSAL LCD/LED 10 A 71 SBRUB750
20191130,999YN001,21653,SUPORTE TV UNIVERSAL LCD/LED 10 A 71 SBRUB750
20191130,43635501,25981,SMARTPHONE SAMSUNG GAL A10  A105 32GB PRETO  
20191130,99F7FI01,25355,"TELEVISOR SMART 43"" UN43J5290 SAMSUNG        "
20191130,33744101,25585,SMARTPHONE RIU EKO 4.0 DOURADO               
20191130,98633001,21653,SUPORTE TV UNIVERSAL LCD/LED 10 A 71 SBRUB750
20191130,98633001,25355,"TELEVISOR SMART 43"" UN43J5290 SAMSUNG        "
20191130,99DHMK01,21653,SUPORTE TV UNIVERSAL LCD/LED 10 A 71 SBRUB750
20191130,99DHMK01,25997,"TELEVISOR 40"" 40S6500FS HD LED SEMP TCL      "
20191130,39313701,21653,SUPORTE TV UNIVERSAL LCD/LED 10 A 71 SBRUB750
20191129,24422701,21653,SUPORTE TV UNIVERSAL LCD/LED 10 A 71 SBRUB750
20191129,24422701,25997,"TELEVISOR 40"" 40S6500FS HD LED SEMP TCL      "
20191129,98204201,21653,SUPORTE TV UNIVERSAL LCD/LED 10 A 71 SBRUB750
20191129,43659801,21653,SUPORTE TV UNIVERSAL LCD/LED 10 A 71 SBRUB750
20191129,92265201,21653,SUPORTE TV UNIVERSAL LCD/LED 10 A 71 SBRUB750
20191129,99A06501,21653,SUPORTE TV UNIVERSAL LCD/LED 10 A 71 SBRUB750
20191129,13476101,21653,SUPORTE TV UNIVERSAL LCD/LED 10 A 71 SBRUB750
20191129,13476101,25997,"TELEVISOR 40"" 40S6500FS HD LED SEMP TCL      "
20191129,65520201,26178,"TELEVISOR SMART 49"" 49SK6200 HD LED 4K SEMP T"
20191129,49948101,25354,"TELEVISOR SMART 32"" UN32J4290 SAMSUNG        "
20191129,49948101,21653,SUPORTE TV UNIVERSAL LCD/LED 10 A 71 SBRUB750
20191129,13701401,25545,"TELEVISOR SMART 40"" TC40FS600B PANASONIC     "
20191129,13701401,21653,SUPORTE TV UNIVERSAL LCD/LED 10 A 71 SBRUB750
20191129,20660301,25726,SMARTPHONE SAMSUNG GAL J2 CORE 16GB PRETO    
20191129,13764901,26243,SUPORTE UNIV. BEDIN BU-25                    
20191129,23353401,21653,SUPORTE TV UNIVERSAL LCD/LED 10 A 71 SBRUB750
20191129,34049301,21653,SUPORTE TV UNIVERSAL LCD/LED 10 A 71 SBRUB750
20191129,95979201,23802,BOOMBOX BX-19 BIVOLT UP DYNAMIC              
20191129,28118701,21653,SUPORTE TV UNIVERSAL LCD/LED 10 A 71 SBRUB750
20191129,28118701,26325,"TELEVISOR SMART 43"" 43S5300 HD BLUET SEMP TCL"
20191129,91697501,21653,SUPORTE TV UNIVERSAL LCD/LED 10 A 71 SBRUB750
20191129,87352601,21653,SUPORTE TV UNIVERSAL LCD/LED 10 A 71 SBRUB750
20191129,99HSIT01,25997,"TELEVISOR 40"" 40S6500FS HD LED SEMP TCL      "
20191129,99N4HV01,25545,"TELEVISOR SMART 40"" TC40FS600B PANASONIC     "
20191129,99N4HV01,21653,SUPORTE TV UNIVERSAL LCD/LED 10 A 71 SBRUB750
20191129,9O1P0801,21653,SUPORTE TV UNIVERSAL LCD/LED 10 A 71 SBRUB750
20191129,9O6GS401,25303,"TELEVISOR SMART 32"" TC32FS500B PANASONIC     "
20191129,9O321201,21653,SUPORTE TV UNIVERSAL LCD/LED 10 A 71 SBRUB750
20191129,9OA0XR01,25303,"TELEVISOR SMART 32"" TC32FS500B PANASONIC     "
20191129,9OA0XR01,21653,SUPORTE TV UNIVERSAL LCD/LED 10 A 71 SBRUB750
20191129,9OB3EY01,21653,SUPORTE TV UNIVERSAL LCD/LED 10 A 71 SBRUB750
20191129,01509501,21653,SUPORTE TV UNIVERSAL LCD/LED 10 A 71 SBRUB750
20191129,01509501,25355,"TELEVISOR SMART 43"" UN43J5290 SAMSUNG        "
20191129,99DOMH01,21653,SUPORTE TV UNIVERSAL LCD/LED 10 A 71 SBRUB750
20191129,YYYH8D01,25355,"TELEVISOR SMART 43"" UN43J5290 SAMSUNG        "
20191129,YYYH8D01,21653,SUPORTE TV UNIVERSAL LCD/LED 10 A 71 SBRUB750
20191129,999AF501,21653,SUPORTE TV UNIVERSAL LCD/LED 10 A 71 SBRUB750
20191129,9ONSFM01,25998,"TELEVISOR 43"" 43S6500FS FULL HD SEMP TCL     "
20191129,9ONSFM01,21653,SUPORTE TV UNIVERSAL LCD/LED 10 A 71 SBRUB750
20191129,9O28X801,21653,SUPORTE TV UNIVERSAL LCD/LED 10 A 71 SBRUB750
20191129,19149001,21653,SUPORTE TV UNIVERSAL LCD/LED 10 A 71 SBRUB750
20191129,97122101,26243,SUPORTE UNIV. BEDIN BU-25                    
20191129,00172901,25545,"TELEVISOR SMART 40"" TC40FS600B PANASONIC     "
20191129,9O3R4Q01,25545,"TELEVISOR SMART 40"" TC40FS600B PANASONIC     "
20191129,99L7EO01,21653,SUPORTE TV UNIVERSAL LCD/LED 10 A 71 SBRUB750
20191129,99L7EO01,24911,"TELEVISOR SMART 43"" S3900FS SEMP TCL         "
20191129,47848801,22752,CELULAR RIU FLIP 2.4 DB DOURADO              
20191129,63950301,25904,"TELEVISOR SMART 50"" UHD BT UN50RU7100 SAMSUNG"
20191129,99HKZZ01,21653,SUPORTE TV UNIVERSAL LCD/LED 10 A 71 SBRUB750
20191129,02210201,25545,"TELEVISOR SMART 40"" TC40FS600B PANASONIC     "
20191129,99KHKG01,25545,"TELEVISOR SMART 40"" TC40FS600B PANASONIC     "
20191129,99KHKG01,21653,SUPORTE TV UNIVERSAL LCD/LED 10 A 71 SBRUB750
20191129,9O6UCC01,25545,"TELEVISOR SMART 40"" TC40FS600B PANASONIC     "
20191129,9O6UCC01,20599,ROTEADOR RE160 300 MBPS NOVO (05)            
20191129,9O6UCC01,21653,SUPORTE TV UNIVERSAL LCD/LED 10 A 71 SBRUB750
20191129,9OA2V201,21653,SUPORTE TV UNIVERSAL LCD/LED 10 A 71 SBRUB750
20191129,999BQF01,21653,SUPORTE TV UNIVERSAL LCD/LED 10 A 71 SBRUB750
20191129,9OHPA001,25983,SMARTPHONE SAMSUNG GAL A10  A105 32GB VERMELH
20191129,9OHWZ601,21653,SUPORTE TV UNIVERSAL LCD/LED 10 A 71 SBRUB750
20191129,9OKQL401,25545,"TELEVISOR SMART 40"" TC40FS600B PANASONIC     "
20191129,14885801,25303,"TELEVISOR SMART 32"" TC32FS500B PANASONIC     "
20191129,14885801,26243,SUPORTE UNIV. BEDIN BU-25                    
20191129,9OLH4801,21653,SUPORTE TV UNIVERSAL LCD/LED 10 A 71 SBRUB750
20191129,99A5D701,21653,SUPORTE TV UNIVERSAL LCD/LED 10 A 71 SBRUB750
20191129,99A5D701,24716,RECEPTOR MIDIA BOX HDTV B3                   
20191129,03019601,25303,"TELEVISOR SMART 32"" TC32FS500B PANASONIC     "
20191129,03019601,21653,SUPORTE TV UNIVERSAL LCD/LED 10 A 71 SBRUB750
20191129,20782401,26528,SMARTPHONE LG K40S LMX430 BMW AZUL           
20191129,99CQS801,26345,"TELEVISOR SMART 55"" P6US ULTRA HD 4K HDR SEMP"
20191129,9O0C2801,21653,SUPORTE TV UNIVERSAL LCD/LED 10 A 71 SBRUB750
20191129,9O0C2801,25303,"TELEVISOR SMART 32"" TC32FS500B PANASONIC     "
20191129,99LGL201,26432,AUTO RADIO AR-06 PRETO                       
20191129,9O3RB701,21653,SUPORTE TV UNIVERSAL LCD/LED 10 A 71 SBRUB750
20191129,9OPYC801,26325,"TELEVISOR SMART 43"" 43S5300 HD BLUET SEMP TCL"
20191129,9OQ8GN01,21653,SUPORTE TV UNIVERSAL LCD/LED 10 A 71 SBRUB750
20191129,9OQ8GN01,25545,"TELEVISOR SMART 40"" TC40FS600B PANASONIC     "
20191129,9OQV3R01,23802,BOOMBOX BX-19 BIVOLT UP DYNAMIC              
20191129,9O1OYC01,26460,CAIXA DE SOM AMPLIF.TROLLEY 8 POL SP329      
20191129,90538701,21653,SUPORTE TV UNIVERSAL LCD/LED 10 A 71 SBRUB750
20191129,90538701,25545,"TELEVISOR SMART 40"" TC40FS600B PANASONIC     "
20191129,12993101,23376,"TELEVISOR SMART 48"" KDL-48W655D SONY         "
20191129,18797601,26006,SMARTPHONE SAMSUNG GAL A30 A305 64GB PRETO   
20191129,93494101,25545,"TELEVISOR SMART 40"" TC40FS600B PANASONIC     "
20191129,99AZCH01,25904,"TELEVISOR SMART 50"" UHD BT UN50RU7100 SAMSUNG"
20191129,99AZCH01,21653,SUPORTE TV UNIVERSAL LCD/LED 10 A 71 SBRUB750
20191129,09680501,21653,SUPORTE TV UNIVERSAL LCD/LED 10 A 71 SBRUB750
20191129,88712101,21653,SUPORTE TV UNIVERSAL LCD/LED 10 A 71 SBRUB750
20191129,88712101,26325,"TELEVISOR SMART 43"" 43S5300 HD BLUET SEMP TCL"
20191129,96707101,21653,SUPORTE TV UNIVERSAL LCD/LED 10 A 71 SBRUB750
20191129,81789101,25904,"TELEVISOR SMART 50"" UHD BT UN50RU7100 SAMSUNG"
20191129,18090001,21653,SUPORTE TV UNIVERSAL LCD/LED 10 A 71 SBRUB750
20191129,79155301,26004,SMARTPHONE SAMSUNG GAL A20  A205 32GB AZUL   
20191129,79155301,26007,SMARTPHONE SAMSUNG GAL A30 A305 64GB AZUL    
20191129,99ELFD01,21653,SUPORTE TV UNIVERSAL LCD/LED 10 A 71 SBRUB750
20191129,40672301,21653,SUPORTE TV UNIVERSAL LCD/LED 10 A 71 SBRUB750
20191129,40672301,25172,SMARTPHONE LG K9 TV LM-X210BMW PRETO         
20191129,40672301,23802,BOOMBOX BX-19 BIVOLT UP DYNAMIC              
20191129,40672301,23802,BOOMBOX BX-19 BIVOLT UP DYNAMIC              
20191129,76516401,21653,SUPORTE TV UNIVERSAL LCD/LED 10 A 71 SBRUB750
20191129,91845501,21653,SUPORTE TV UNIVERSAL LCD/LED 10 A 71 SBRUB750
20191129,9OJO4701,21653,SUPORTE TV UNIVERSAL LCD/LED 10 A 71 SBRUB750
20191129,9OJO4701,25997,"TELEVISOR 40"" 40S6500FS HD LED SEMP TCL      "
20191129,12289201,25904,"TELEVISOR SMART 50"" UHD BT UN50RU7100 SAMSUNG"
20191129,43307301,21653,SUPORTE TV UNIVERSAL LCD/LED 10 A 71 SBRUB750
20191129,43307301,26178,"TELEVISOR SMART 49"" 49SK6200 HD LED 4K SEMP T"
20191129,94648101,21653,SUPORTE TV UNIVERSAL LCD/LED 10 A 71 SBRUB750
20191129,94648101,21653,SUPORTE TV UNIVERSAL LCD/LED 10 A 71 SBRUB750
20191129,99FQGV01,25904,"TELEVISOR SMART 50"" UHD BT UN50RU7100 SAMSUNG"
20191129,26438201,25905,"TELEVISOR SMART 55"" UHD BT UN55RU7100 SAMSUNG"
20191129,9OMESP01,25545,"TELEVISOR SMART 40"" TC40FS600B PANASONIC     "
20191129,9OMESP01,21653,SUPORTE TV UNIVERSAL LCD/LED 10 A 71 SBRUB750
20191129,00495701,26243,SUPORTE UNIV. BEDIN BU-25                    
20191129,99BUMB01,25252,"TELEVISOR SMART 49"" S4900FS FULL HD SEMP TCL "
20191129,99BUMB01,21653,SUPORTE TV UNIVERSAL LCD/LED 10 A 71 SBRUB750
20191129,999C3101,21653,SUPORTE TV UNIVERSAL LCD/LED 10 A 71 SBRUB750
20191129,76097201,21653,SUPORTE TV UNIVERSAL LCD/LED 10 A 71 SBRUB750
20191129,9OKQOQ01,21653,SUPORTE TV UNIVERSAL LCD/LED 10 A 71 SBRUB750
20191129,99DI5B01,23802,BOOMBOX BX-19 BIVOLT UP DYNAMIC              
20191129,99DI5B01,25173,SMARTPHONE LG K9 TV LM-X210BMW INDIGO        
20191129,01050701,25545,"TELEVISOR SMART 40"" TC40FS600B PANASONIC     "
20191129,01050701,21653,SUPORTE TV UNIVERSAL LCD/LED 10 A 71 SBRUB750
20191129,58491801,21653,SUPORTE TV UNIVERSAL LCD/LED 10 A 71 SBRUB750
20191129,9OQ6DP01,26007,SMARTPHONE SAMSUNG GAL A30 A305 64GB AZUL    
20191129,9OQ6DP01,25904,"TELEVISOR SMART 50"" UHD BT UN50RU7100 SAMSUNG"
20191129,17483001,25983,SMARTPHONE SAMSUNG GAL A10  A105 32GB VERMELH
20191129,48189501,25172,SMARTPHONE LG K9 TV LM-X210BMW PRETO         
20191129,99J2JP01,21653,SUPORTE TV UNIVERSAL LCD/LED 10 A 71 SBRUB750
20191129,99JVKT01,21653,SUPORTE TV UNIVERSAL LCD/LED 10 A 71 SBRUB750
20191129,99PT0701,24632,CAIXA AMPLIFICADA CM-07 MONDIAL              
20191129,9NY89A01,14537,PEN DRIVE 16GB PD588 TWIST PRETO             
20191129,9NZWIF01,21653,SUPORTE TV UNIVERSAL LCD/LED 10 A 71 SBRUB750
20191129,9O3SRK01,21653,SUPORTE TV UNIVERSAL LCD/LED 10 A 71 SBRUB750
20191129,9O3TKN01,26325,"TELEVISOR SMART 43"" 43S5300 HD BLUET SEMP TCL"
20191129,9O4TQC01,21653,SUPORTE TV UNIVERSAL LCD/LED 10 A 71 SBRUB750
20191129,9OC61S01,21653,SUPORTE TV UNIVERSAL LCD/LED 10 A 71 SBRUB750
20191129,9OC61S01,25355,"TELEVISOR SMART 43"" UN43J5290 SAMSUNG        "
20191129,9O7X6H01,25545,"TELEVISOR SMART 40"" TC40FS600B PANASONIC     "
20191129,9O7USL01,25545,"TELEVISOR SMART 40"" TC40FS600B PANASONIC     "
20191129,9O6XUS01,21653,SUPORTE TV UNIVERSAL LCD/LED 10 A 71 SBRUB750
20191129,9OGAGZ01,21653,SUPORTE TV UNIVERSAL LCD/LED 10 A 71 SBRUB750
20191129,9OGAGZ01,26325,"TELEVISOR SMART 43"" 43S5300 HD BLUET SEMP TCL"
20191129,9OM7FM01,25997,"TELEVISOR 40"" 40S6500FS HD LED SEMP TCL      "
20191129,07368301,25545,"TELEVISOR SMART 40"" TC40FS600B PANASONIC     "
20191129,06146701,25904,"TELEVISOR SMART 50"" UHD BT UN50RU7100 SAMSUNG"
20191129,24198401,26003,SMARTPHONE SAMSUNG GAL A20  A205 32GB PRETO  
20191129,99F71M01,26243,SUPORTE UNIV. BEDIN BU-25                    
20191129,03035601,25354,"TELEVISOR SMART 32"" UN32J4290 SAMSUNG        "
20191129,03035601,21653,SUPORTE TV UNIVERSAL LCD/LED 10 A 71 SBRUB750
20191129,40914901,21653,SUPORTE TV UNIVERSAL LCD/LED 10 A 71 SBRUB750
20191129,99DDV201,21653,SUPORTE TV UNIVERSAL LCD/LED 10 A 71 SBRUB750
20191129,99DDV201,26325,"TELEVISOR SMART 43"" 43S5300 HD BLUET SEMP TCL"
20191129,9OR11101,21653,SUPORTE TV UNIVERSAL LCD/LED 10 A 71 SBRUB750
20191129,99LM4401,21653,SUPORTE TV UNIVERSAL LCD/LED 10 A 71 SBRUB750
20191129,73400801,25904,"TELEVISOR SMART 50"" UHD BT UN50RU7100 SAMSUNG"
20191129,99EDWG01,26178,"TELEVISOR SMART 49"" 49SK6200 HD LED 4K SEMP T"
20191129,75438801,26243,SUPORTE UNIV. BEDIN BU-25                    
20191129,75438801,21653,SUPORTE TV UNIVERSAL LCD/LED 10 A 71 SBRUB750
20191129,58283201,21653,SUPORTE TV UNIVERSAL LCD/LED 10 A 71 SBRUB750
20191129,58283201,21653,SUPORTE TV UNIVERSAL LCD/LED 10 A 71 SBRUB750
20191129,9OEYEX01,25997,"TELEVISOR 40"" 40S6500FS HD LED SEMP TCL      "
20191129,9OEYEX01,21653,SUPORTE TV UNIVERSAL LCD/LED 10 A 71 SBRUB750
20191129,9OEYEX01,25996,"TELEVISOR 32"" 32S6500S HD LED SEMP TCL       "
20191129,9O4C3M01,21653,SUPORTE TV UNIVERSAL LCD/LED 10 A 71 SBRUB750
20191129,82946301,25303,"TELEVISOR SMART 32"" TC32FS500B PANASONIC     "
20191129,99C10701,26484,SMARTPHONE SAMSUNG GAL A50 A505 128GB PRETO  
20191129,9OKQNY01,25904,"TELEVISOR SMART 50"" UHD BT UN50RU7100 SAMSUNG"
20191129,99EN5Y01,26243,SUPORTE UNIV. BEDIN BU-25                    
20191129,17014201,21653,SUPORTE TV UNIVERSAL LCD/LED 10 A 71 SBRUB750
20191129,96113001,26460,CAIXA DE SOM AMPLIF.TROLLEY 8 POL SP329      
20191129,25337801,21653,SUPORTE TV UNIVERSAL LCD/LED 10 A 71 SBRUB750
20191129,16535401,26243,SUPORTE UNIV. BEDIN BU-25                    
20191129,66408401,25303,"TELEVISOR SMART 32"" TC32FS500B PANASONIC     "
20191129,66408401,21653,SUPORTE TV UNIVERSAL LCD/LED 10 A 71 SBRUB750
20191129,9O8IDJ01,21653,SUPORTE TV UNIVERSAL LCD/LED 10 A 71 SBRUB750
20191129,99DORY01,21603,DVD D-14 GAME STAR II MONDIAL                
20191129,99DORY01,25354,"TELEVISOR SMART 32"" UN32J4290 SAMSUNG        "
20191129,99DORY01,21653,SUPORTE TV UNIVERSAL LCD/LED 10 A 71 SBRUB750
20191129,90668601,25303,"TELEVISOR SMART 32"" TC32FS500B PANASONIC     "
20191129,36215201,26344,"TELEVISOR SMART 50"" P6US ULTRA HD 4K HDR SEMP"
20191129,92702501,21653,SUPORTE TV UNIVERSAL LCD/LED 10 A 71 SBRUB750
20191129,9OFXFP01,26325,"TELEVISOR SMART 43"" 43S5300 HD BLUET SEMP TCL"
20191129,9OFXFP01,21653,SUPORTE TV UNIVERSAL LCD/LED 10 A 71 SBRUB750
20191129,99C2OH01,21653,SUPORTE TV UNIVERSAL LCD/LED 10 A 71 SBRUB750
20191129,95146601,21653,SUPORTE TV UNIVERSAL LCD/LED 10 A 71 SBRUB750
20191129,9NZJD701,21653,SUPORTE TV UNIVERSAL LCD/LED 10 A 71 SBRUB750
20191129,96343801,21653,SUPORTE TV UNIVERSAL LCD/LED 10 A 71 SBRUB750
20191129,96343801,26324,"TELEVISOR SMART 32"" 32S5300 HD BLUET SEMP TCL"
20191129,99LLGT01,21653,SUPORTE TV UNIVERSAL LCD/LED 10 A 71 SBRUB750
20191129,99LLGT01,26324,"TELEVISOR SMART 32"" 32S5300 HD BLUET SEMP TCL"
20191129,99HK4Q01,21653,SUPORTE TV UNIVERSAL LCD/LED 10 A 71 SBRUB750
20191129,99D0O701,21653,SUPORTE TV UNIVERSAL LCD/LED 10 A 71 SBRUB750
20191129,99D0O701,24911,"TELEVISOR SMART 43"" S3900FS SEMP TCL         "
20191129,9OE2PK01,25904,"TELEVISOR SMART 50"" UHD BT UN50RU7100 SAMSUNG"
20191129,9OE2PK01,21653,SUPORTE TV UNIVERSAL LCD/LED 10 A 71 SBRUB750
20191129,47724601,26460,CAIXA DE SOM AMPLIF.TROLLEY 8 POL SP329      
20191129,9OBZ9A01,21653,SUPORTE TV UNIVERSAL LCD/LED 10 A 71 SBRUB750
20191129,99IUE801,21653,SUPORTE TV UNIVERSAL LCD/LED 10 A 71 SBRUB750
20191129,9OAFBX01,25252,"TELEVISOR SMART 49"" S4900FS FULL HD SEMP TCL "
20191129,9OAFBX01,21653,SUPORTE TV UNIVERSAL LCD/LED 10 A 71 SBRUB750
20191129,99FUDC01,26325,"TELEVISOR SMART 43"" 43S5300 HD BLUET SEMP TCL"
20191129,83746001,26325,"TELEVISOR SMART 43"" 43S5300 HD BLUET SEMP TCL"
20191129,99JZND01,21653,SUPORTE TV UNIVERSAL LCD/LED 10 A 71 SBRUB750
20191129,58980101,21653,SUPORTE TV UNIVERSAL LCD/LED 10 A 71 SBRUB750
20191129,9OR9QY01,26324,"TELEVISOR SMART 32"" 32S5300 HD BLUET SEMP TCL"
20191129,06716901,26460,CAIXA DE SOM AMPLIF.TROLLEY 8 POL SP329      
20191129,9OI12201,23802,BOOMBOX BX-19 BIVOLT UP DYNAMIC              
20191129,11410001,25904,"TELEVISOR SMART 50"" UHD BT UN50RU7100 SAMSUNG"
20191129,YYYHX101,21653,SUPORTE TV UNIVERSAL LCD/LED 10 A 71 SBRUB750
20191129,16734301,25676,SMARTPHONE MOTOROLA MOTO G7 PLAY XT1952-5 DR 
20191129,YYYF4U01,25904,"TELEVISOR SMART 50"" UHD BT UN50RU7100 SAMSUNG"
20191129,YYYF4U01,21653,SUPORTE TV UNIVERSAL LCD/LED 10 A 71 SBRUB750
20191129,9O16S001,21653,SUPORTE TV UNIVERSAL LCD/LED 10 A 71 SBRUB750
20191129,YYYGOZ01,25904,"TELEVISOR SMART 50"" UHD BT UN50RU7100 SAMSUNG"
20191129,YYYGOZ01,21653,SUPORTE TV UNIVERSAL LCD/LED 10 A 71 SBRUB750
20191129,YYYH4X01,21653,SUPORTE TV UNIVERSAL LCD/LED 10 A 71 SBRUB750
20191129,YYYH4X01,25545,"TELEVISOR SMART 40"" TC40FS600B PANASONIC     "
20191129,YYYF1W01,25545,"TELEVISOR SMART 40"" TC40FS600B PANASONIC     "
20191129,YYYF1W01,21653,SUPORTE TV UNIVERSAL LCD/LED 10 A 71 SBRUB750
20191129,000RGJ01,21653,SUPORTE TV UNIVERSAL LCD/LED 10 A 71 SBRUB750
20191129,000RGJ01,25545,"TELEVISOR SMART 40"" TC40FS600B PANASONIC     "
20191129,YYYBWD01,25904,"TELEVISOR SMART 50"" UHD BT UN50RU7100 SAMSUNG"
20191129,YYYFPK01,25904,"TELEVISOR SMART 50"" UHD BT UN50RU7100 SAMSUNG"
20191129,YYYFPK01,21653,SUPORTE TV UNIVERSAL LCD/LED 10 A 71 SBRUB750
20191129,YYYF3C01,26325,"TELEVISOR SMART 43"" 43S5300 HD BLUET SEMP TCL"
20191129,YYYF3C01,21653,SUPORTE TV UNIVERSAL LCD/LED 10 A 71 SBRUB750
20191129,9NY55V01,21653,SUPORTE TV UNIVERSAL LCD/LED 10 A 71 SBRUB750
20191128,YYYCWS01,21653,SUPORTE TV UNIVERSAL LCD/LED 10 A 71 SBRUB750
20191128,YYYDV201,21653,SUPORTE TV UNIVERSAL LCD/LED 10 A 71 SBRUB750
20191128,YYYETX01,25904,"TELEVISOR SMART 50"" UHD BT UN50RU7100 SAMSUNG"
20191128,YYYEC301,26178,"TELEVISOR SMART 49"" 49SK6200 HD LED 4K SEMP T"
20191128,YYYEC301,21653,SUPORTE TV UNIVERSAL LCD/LED 10 A 71 SBRUB750
20191128,9OHHVL01,21653,SUPORTE TV UNIVERSAL LCD/LED 10 A 71 SBRUB750
20191128,YYYD2001,21653,SUPORTE TV UNIVERSAL LCD/LED 10 A 71 SBRUB750
20191128,9OI12201,21653,SUPORTE TV UNIVERSAL LCD/LED 10 A 71 SBRUB750
20191128,9NY5QY01,25676,SMARTPHONE MOTOROLA MOTO G7 PLAY XT1952-5 DR 
20191128,999HK701,21653,SUPORTE TV UNIVERSAL LCD/LED 10 A 71 SBRUB750
20191128,62760801,21653,SUPORTE TV UNIVERSAL LCD/LED 10 A 71 SBRUB750
20191128,16746601,25904,"TELEVISOR SMART 50"" UHD BT UN50RU7100 SAMSUNG"
20191128,9OLL7901,21647,DVD D-15 KARAOKE MONDIAL                     
20191128,9OQZVO01,21653,SUPORTE TV UNIVERSAL LCD/LED 10 A 71 SBRUB750
20191128,34614301,25439,SMARTPHONE SAMSUNG GALAXY J810M  64GB PRETO  
20191128,99D28H01,21653,SUPORTE TV UNIVERSAL LCD/LED 10 A 71 SBRUB750
20191128,29845601,21653,SUPORTE TV UNIVERSAL LCD/LED 10 A 71 SBRUB750
20191128,9NXFGE01,25997,"TELEVISOR 40"" 40S6500FS HD LED SEMP TCL      "
20191128,9NXFGE01,21653,SUPORTE TV UNIVERSAL LCD/LED 10 A 71 SBRUB750
20191128,99MJPH01,21653,SUPORTE TV UNIVERSAL LCD/LED 10 A 71 SBRUB750
20191128,75438801,26324,"TELEVISOR SMART 32"" 32S5300 HD BLUET SEMP TCL"
20191128,99E5K201,21653,SUPORTE TV UNIVERSAL LCD/LED 10 A 71 SBRUB750
20191128,99F71M01,21653,SUPORTE TV UNIVERSAL LCD/LED 10 A 71 SBRUB750
20191128,9O9BJ801,23017,AUTO RADIO DVH 8880 AV BT                    
20191128,9O7UGH01,21653,SUPORTE TV UNIVERSAL LCD/LED 10 A 71 SBRUB750
20191128,9O7UGH01,26325,"TELEVISOR SMART 43"" 43S5300 HD BLUET SEMP TCL"
20191128,9OAW1401,21653,SUPORTE TV UNIVERSAL LCD/LED 10 A 71 SBRUB750
20191128,9OAW1401,26324,"TELEVISOR SMART 32"" 32S5300 HD BLUET SEMP TCL"
20191128,9OA0SJ01,21653,SUPORTE TV UNIVERSAL LCD/LED 10 A 71 SBRUB750
20191128,9OA0SJ01,25737,"TELEVISOR SMART 32"" PTV32 G50SN LED PHILCO   "
20191128,9OITOZ01,21653,SUPORTE TV UNIVERSAL LCD/LED 10 A 71 SBRUB750
20191128,9OM46I01,21653,SUPORTE TV UNIVERSAL LCD/LED 10 A 71 SBRUB750
20191128,9ODNZS01,25545,"TELEVISOR SMART 40"" TC40FS600B PANASONIC     "
20191128,9ODNZS01,21653,SUPORTE TV UNIVERSAL LCD/LED 10 A 71 SBRUB750
20191128,9O096C01,26324,"TELEVISOR SMART 32"" 32S5300 HD BLUET SEMP TCL"
20191128,9O1AG601,21653,SUPORTE TV UNIVERSAL LCD/LED 10 A 71 SBRUB750
20191128,9O1AG601,26178,"TELEVISOR SMART 49"" 49SK6200 HD LED 4K SEMP T"
20191128,99J8Y201,23802,BOOMBOX BX-19 BIVOLT UP DYNAMIC              
20191128,99LTVU01,26243,SUPORTE UNIV. BEDIN BU-25                    
20191128,99B29P01,21653,SUPORTE TV UNIVERSAL LCD/LED 10 A 71 SBRUB750
20191128,999KPN01,21653,SUPORTE TV UNIVERSAL LCD/LED 10 A 71 SBRUB750
20191128,10651301,25997,"TELEVISOR 40"" 40S6500FS HD LED SEMP TCL      "
20191128,10651301,21653,SUPORTE TV UNIVERSAL LCD/LED 10 A 71 SBRUB750
20191128,29910401,23802,BOOMBOX BX-19 BIVOLT UP DYNAMIC              
20191128,15163101,26222,CELULAR INFINITY W201 PRETO                  
20191128,92980501,23802,BOOMBOX BX-19 BIVOLT UP DYNAMIC              
20191128,03839601,21653,SUPORTE TV UNIVERSAL LCD/LED 10 A 71 SBRUB750
20191128,32794701,21653,SUPORTE TV UNIVERSAL LCD/LED 10 A 71 SBRUB750
20191128,99D1MG01,21653,SUPORTE TV UNIVERSAL LCD/LED 10 A 71 SBRUB750
20191128,50978601,21653,SUPORTE TV UNIVERSAL LCD/LED 10 A 71 SBRUB750
20191128,50978601,25718,"TELEVISOR SMART 50"" 50P65US ULTRA HD 4K      "
20191128,9O68ZA01,21653,SUPORTE TV UNIVERSAL LCD/LED 10 A 71 SBRUB750
20191128,99EYB001,21653,SUPORTE TV UNIVERSAL LCD/LED 10 A 71 SBRUB750
20191128,82091501,25703,CAIXA AMPLIFICADA CM-13 BIVOLT BLUETOOTH     
20191128,32794701,25545,"TELEVISOR SMART 40"" TC40FS600B PANASONIC     "
20191128,9OQTSR01,25730,SMARTPHONE SAMSUNG GAL J4 CORE 16GB AZUL     
20191128,97654201,21653,SUPORTE TV UNIVERSAL LCD/LED 10 A 71 SBRUB750
20191128,99HT4L01,26460,CAIXA DE SOM AMPLIF.TROLLEY 8 POL SP329      
20191128,99KP0W01,21653,SUPORTE TV UNIVERSAL LCD/LED 10 A 71 SBRUB750
20191128,46131701,25675,SMARTPHONE MOTOROLA MOTO G7 PLAY XT1952-5 IND
20191128,91286201,25252,"TELEVISOR SMART 49"" S4900FS FULL HD SEMP TCL "
20191128,24675401,26325,"TELEVISOR SMART 43"" 43S5300 HD BLUET SEMP TCL"
20191128,24675401,21653,SUPORTE TV UNIVERSAL LCD/LED 10 A 71 SBRUB750
20191128,24675401,25545,"TELEVISOR SMART 40"" TC40FS600B PANASONIC     "
20191128,99CJLC01,21821,PEN DRIVE NANO 16GB PD054 PRETO              
20191128,99CQQM01,21653,SUPORTE TV UNIVERSAL LCD/LED 10 A 71 SBRUB750
20191128,99PVT201,25191,SMARTPHONE SAMSUNG GAL J6 32GB PRETO         
20191128,99CJLC01,25167,RADIO AUTOMOTIVO P3321 BLUETOOTH MULTILASER  
20191128,12521401,26178,"TELEVISOR SMART 49"" 49SK6200 HD LED 4K SEMP T"
20191128,12521401,21653,SUPORTE TV UNIVERSAL LCD/LED 10 A 71 SBRUB750
20191128,9OK68701,21653,SUPORTE TV UNIVERSAL LCD/LED 10 A 71 SBRUB750
20191128,9OJIJK01,21653,SUPORTE TV UNIVERSAL LCD/LED 10 A 71 SBRUB750
20191128,47476601,24911,"TELEVISOR SMART 43"" S3900FS SEMP TCL         "
20191128,47476601,21653,SUPORTE TV UNIVERSAL LCD/LED 10 A 71 SBRUB750
20191128,67177701,21653,SUPORTE TV UNIVERSAL LCD/LED 10 A 71 SBRUB750
20191128,9ODI3X01,21653,SUPORTE TV UNIVERSAL LCD/LED 10 A 71 SBRUB750
20191128,90293701,25904,"TELEVISOR SMART 50"" UHD BT UN50RU7100 SAMSUNG"
20191128,90293701,21653,SUPORTE TV UNIVERSAL LCD/LED 10 A 71 SBRUB750
20191128,9O3YDB01,25997,"TELEVISOR 40"" 40S6500FS HD LED SEMP TCL      "
20191128,9O3YDB01,21653,SUPORTE TV UNIVERSAL LCD/LED 10 A 71 SBRUB750
20191128,9O7IV801,21653,SUPORTE TV UNIVERSAL LCD/LED 10 A 71 SBRUB750
20191128,9O7IV801,25303,"TELEVISOR SMART 32"" TC32FS500B PANASONIC     "
20191128,9ODM8P01,25545,"TELEVISOR SMART 40"" TC40FS600B PANASONIC     "
20191128,9ODM8P01,21653,SUPORTE TV UNIVERSAL LCD/LED 10 A 71 SBRUB750
20191128,99L90G01,21653,SUPORTE TV UNIVERSAL LCD/LED 10 A 71 SBRUB750
20191128,99L90G01,25303,"TELEVISOR SMART 32"" TC32FS500B PANASONIC     "
20191128,99PM6N01,21653,SUPORTE TV UNIVERSAL LCD/LED 10 A 71 SBRUB750
20191128,91767501,21653,SUPORTE TV UNIVERSAL LCD/LED 10 A 71 SBRUB750
20191128,91767501,25545,"TELEVISOR SMART 40"" TC40FS600B PANASONIC     "
20191128,27776101,21653,SUPORTE TV UNIVERSAL LCD/LED 10 A 71 SBRUB750
20191128,53366701,25997,"TELEVISOR 40"" 40S6500FS HD LED SEMP TCL      "
20191128,84417401,21653,SUPORTE TV UNIVERSAL LCD/LED 10 A 71 SBRUB750
20191128,06789601,26324,"TELEVISOR SMART 32"" 32S5300 HD BLUET SEMP TCL"
20191128,06789601,21653,SUPORTE TV UNIVERSAL LCD/LED 10 A 71 SBRUB750
20191128,09382001,26243,SUPORTE UNIV. BEDIN BU-25                    
20191127,YYYCTF01,21653,SUPORTE TV UNIVERSAL LCD/LED 10 A 71 SBRUB750
20191127,YYYCWS01,25252,"TELEVISOR SMART 49"" S4900FS FULL HD SEMP TCL "
20191127,000RKJ01,21653,SUPORTE TV UNIVERSAL LCD/LED 10 A 71 SBRUB750
20191127,YYYD3E01,21653,SUPORTE TV UNIVERSAL LCD/LED 10 A 71 SBRUB750
20191127,YYYD2001,25997,"TELEVISOR 40"" 40S6500FS HD LED SEMP TCL      "
20191127,99JZYJ01,25997,"TELEVISOR 40"" 40S6500FS HD LED SEMP TCL      "
20191127,99JZYJ01,23802,BOOMBOX BX-19 BIVOLT UP DYNAMIC              
20191127,99JZYJ01,21653,SUPORTE TV UNIVERSAL LCD/LED 10 A 71 SBRUB750
20191127,99FUDC01,26243,SUPORTE UNIV. BEDIN BU-25                    
20191127,9OPQJM01,21653,SUPORTE TV UNIVERSAL LCD/LED 10 A 71 SBRUB750
20191127,9OPQJM01,26324,"TELEVISOR SMART 32"" 32S5300 HD BLUET SEMP TCL"
20191127,91713101,26324,"TELEVISOR SMART 32"" 32S5300 HD BLUET SEMP TCL"
20191127,91713101,21653,SUPORTE TV UNIVERSAL LCD/LED 10 A 71 SBRUB750
20191127,22200801,21653,SUPORTE TV UNIVERSAL LCD/LED 10 A 71 SBRUB750
20191127,999IPF01,23802,BOOMBOX BX-19 BIVOLT UP DYNAMIC              
20191127,99IFGN01,26243,SUPORTE UNIV. BEDIN BU-25                    
20191127,99APBJ01,25997,"TELEVISOR 40"" 40S6500FS HD LED SEMP TCL      "
20191127,99APBJ01,21653,SUPORTE TV UNIVERSAL LCD/LED 10 A 71 SBRUB750
20191127,9O9OT101,21653,SUPORTE TV UNIVERSAL LCD/LED 10 A 71 SBRUB750
20191127,9O9OT101,25545,"TELEVISOR SMART 40"" TC40FS600B PANASONIC     "
20191127,9NZLAU01,25355,"TELEVISOR SMART 43"" UN43J5290 SAMSUNG        "
20191127,9NZLAU01,21653,SUPORTE TV UNIVERSAL LCD/LED 10 A 71 SBRUB750
20191127,99F9Q701,21653,SUPORTE TV UNIVERSAL LCD/LED 10 A 71 SBRUB750
20191127,9NYFAN01,21653,SUPORTE TV UNIVERSAL LCD/LED 10 A 71 SBRUB750
20191127,9NYFAN01,25997,"TELEVISOR 40"" 40S6500FS HD LED SEMP TCL      "
20191127,9OCHAO01,21653,SUPORTE TV UNIVERSAL LCD/LED 10 A 71 SBRUB750
20191127,9OJ8ZS01,20470,RADIO HOME THEATER HT-F5505K ZD SAMSUNG      
20191127,99F8ZC01,21653,SUPORTE TV UNIVERSAL LCD/LED 10 A 71 SBRUB750
20191127,67364901,25303,"TELEVISOR SMART 32"" TC32FS500B PANASONIC     "
20191127,67364901,21653,SUPORTE TV UNIVERSAL LCD/LED 10 A 71 SBRUB750
20191127,99KJ8101,21653,SUPORTE TV UNIVERSAL LCD/LED 10 A 71 SBRUB750
20191127,9OBB1X01,21653,SUPORTE TV UNIVERSAL LCD/LED 10 A 71 SBRUB750
20191127,9OBB1X01,26324,"TELEVISOR SMART 32"" 32S5300 HD BLUET SEMP TCL"
20191127,9NZR4B01,21653,SUPORTE TV UNIVERSAL LCD/LED 10 A 71 SBRUB750
20191127,9O5GH301,21653,SUPORTE TV UNIVERSAL LCD/LED 10 A 71 SBRUB750
20191127,99JXJC01,21653,SUPORTE TV UNIVERSAL LCD/LED 10 A 71 SBRUB750
20191127,99JXJC01,25545,"TELEVISOR SMART 40"" TC40FS600B PANASONIC     "
20191127,99K1W501,20599,ROTEADOR RE160 300 MBPS NOVO (05)            
20191127,99K1W501,21653,SUPORTE TV UNIVERSAL LCD/LED 10 A 71 SBRUB750
20191127,99K1W501,26324,"TELEVISOR SMART 32"" 32S5300 HD BLUET SEMP TCL"
20191127,9OO9OJ01,21653,SUPORTE TV UNIVERSAL LCD/LED 10 A 71 SBRUB750
20191127,00495701,26324,"TELEVISOR SMART 32"" 32S5300 HD BLUET SEMP TCL"
20191127,00495701,21653,SUPORTE TV UNIVERSAL LCD/LED 10 A 71 SBRUB750
20191127,61184401,21653,SUPORTE TV UNIVERSAL LCD/LED 10 A 71 SBRUB750
20191127,90633201,21653,SUPORTE TV UNIVERSAL LCD/LED 10 A 71 SBRUB750
20191127,43841301,25545,"TELEVISOR SMART 40"" TC40FS600B PANASONIC     "
20191127,99F8EE01,26222,CELULAR INFINITY W201 PRETO                  
20191127,01629601,21653,SUPORTE TV UNIVERSAL LCD/LED 10 A 71 SBRUB750
20191127,99D0NT01,25173,SMARTPHONE LG K9 TV LM-X210BMW INDIGO        
20191127,99D0NT01,25172,SMARTPHONE LG K9 TV LM-X210BMW PRETO         
20191127,15920001,21653,SUPORTE TV UNIVERSAL LCD/LED 10 A 71 SBRUB750
20191127,9OOU8201,21653,SUPORTE TV UNIVERSAL LCD/LED 10 A 71 SBRUB750
20191127,50134301,21653,SUPORTE TV UNIVERSAL LCD/LED 10 A 71 SBRUB750
20191127,99GFYM01,25173,SMARTPHONE LG K9 TV LM-X210BMW INDIGO        
20191127,9OHKE301,25173,SMARTPHONE LG K9 TV LM-X210BMW INDIGO        
20191127,9OII2801,25481,SMARTPHONE LG K9 TV LM-X210BMW DOURADO       
20191127,9OK68701,25545,"TELEVISOR SMART 40"" TC40FS600B PANASONIC     "
20191127,99GRMC01,21653,SUPORTE TV UNIVERSAL LCD/LED 10 A 71 SBRUB750
20191127,16938001,21653,SUPORTE TV UNIVERSAL LCD/LED 10 A 71 SBRUB750
20191127,99FALH01,26243,SUPORTE UNIV. BEDIN BU-25                    
20191127,9OG8B201,25545,"TELEVISOR SMART 40"" TC40FS600B PANASONIC     "
20191127,9OG8B201,21653,SUPORTE TV UNIVERSAL LCD/LED 10 A 71 SBRUB750
20191127,19701401,26243,SUPORTE UNIV. BEDIN BU-25                    
20191127,19701401,25303,"TELEVISOR SMART 32"" TC32FS500B PANASONIC     "
20191127,35066401,21653,SUPORTE TV UNIVERSAL LCD/LED 10 A 71 SBRUB750
20191127,18675801,26243,SUPORTE UNIV. BEDIN BU-25                    
20191127,9OEUTE01,25997,"TELEVISOR 40"" 40S6500FS HD LED SEMP TCL      "
20191127,90066101,25997,"TELEVISOR 40"" 40S6500FS HD LED SEMP TCL      "
20191127,90066101,21653,SUPORTE TV UNIVERSAL LCD/LED 10 A 71 SBRUB750
20191127,99LPLP01,25545,"TELEVISOR SMART 40"" TC40FS600B PANASONIC     "
20191127,99LPLP01,21653,SUPORTE TV UNIVERSAL LCD/LED 10 A 71 SBRUB750
20191127,9OAEPO01,26005,SMARTPHONE SAMSUNG GAL A20  A205 32GB VERM   
20191127,99NERZ01,26324,"TELEVISOR SMART 32"" 32S5300 HD BLUET SEMP TCL"
20191127,99NERZ01,21653,SUPORTE TV UNIVERSAL LCD/LED 10 A 71 SBRUB750
20191127,51925801,25545,"TELEVISOR SMART 40"" TC40FS600B PANASONIC     "
20191127,90909601,21653,SUPORTE TV UNIVERSAL LCD/LED 10 A 71 SBRUB750
20191127,75898001,25545,"TELEVISOR SMART 40"" TC40FS600B PANASONIC     "
20191127,75898001,21653,SUPORTE TV UNIVERSAL LCD/LED 10 A 71 SBRUB750
20191127,99FC5901,21653,SUPORTE TV UNIVERSAL LCD/LED 10 A 71 SBRUB750
20191127,60187801,26324,"TELEVISOR SMART 32"" 32S5300 HD BLUET SEMP TCL"
20191127,60187801,21653,SUPORTE TV UNIVERSAL LCD/LED 10 A 71 SBRUB750
20191127,67618601,21653,SUPORTE TV UNIVERSAL LCD/LED 10 A 71 SBRUB750
20191127,99CUHW01,21653,SUPORTE TV UNIVERSAL LCD/LED 10 A 71 SBRUB750
20191127,99CUHW01,26178,"TELEVISOR SMART 49"" 49SK6200 HD LED 4K SEMP T"
20191127,72847501,21653,SUPORTE TV UNIVERSAL LCD/LED 10 A 71 SBRUB750
20191126,72847501,26344,"TELEVISOR SMART 50"" P6US ULTRA HD 4K HDR SEMP"
20191126,03964501,21653,SUPORTE TV UNIVERSAL LCD/LED 10 A 71 SBRUB750
20191126,77550901,21653,SUPORTE TV UNIVERSAL LCD/LED 10 A 71 SBRUB750
20191126,06483801,21653,SUPORTE TV UNIVERSAL LCD/LED 10 A 71 SBRUB750
20191126,999OJE01,21653,SUPORTE TV UNIVERSAL LCD/LED 10 A 71 SBRUB750
20191126,99ITHB01,21653,SUPORTE TV UNIVERSAL LCD/LED 10 A 71 SBRUB750
20191126,9NY00401,21653,SUPORTE TV UNIVERSAL LCD/LED 10 A 71 SBRUB750
20191126,9O1UKU01,25728,SMARTPHONE SAMSUNG GAL J4 CORE 16GB PRETO    
20191126,18802701,25904,"TELEVISOR SMART 50"" UHD BT UN50RU7100 SAMSUNG"
20191126,18802701,21653,SUPORTE TV UNIVERSAL LCD/LED 10 A 71 SBRUB750
20191126,99DU1R01,25729,SMARTPHONE SAMSUNG GAL J4 CORE 16GB COBRE    
20191126,51857701,21653,SUPORTE TV UNIVERSAL LCD/LED 10 A 71 SBRUB750
20191126,37957501,26324,"TELEVISOR SMART 32"" 32S5300 HD BLUET SEMP TCL"
20191126,37957501,21653,SUPORTE TV UNIVERSAL LCD/LED 10 A 71 SBRUB750
20191126,09586901,21653,SUPORTE TV UNIVERSAL LCD/LED 10 A 71 SBRUB750
20191126,9OMDKN01,21653,SUPORTE TV UNIVERSAL LCD/LED 10 A 71 SBRUB750
20191126,9OLOWC01,21653,SUPORTE TV UNIVERSAL LCD/LED 10 A 71 SBRUB750
20191126,24397201,21653,SUPORTE TV UNIVERSAL LCD/LED 10 A 71 SBRUB750
20191126,03300101,21653,SUPORTE TV UNIVERSAL LCD/LED 10 A 71 SBRUB750
20191126,99CZDP01,21653,SUPORTE TV UNIVERSAL LCD/LED 10 A 71 SBRUB750
20191126,99CZDP01,26243,SUPORTE UNIV. BEDIN BU-25                    
20191126,22197901,25481,SMARTPHONE LG K9 TV LM-X210BMW DOURADO       
20191126,22197901,25545,"TELEVISOR SMART 40"" TC40FS600B PANASONIC     "
20191126,22197901,21653,SUPORTE TV UNIVERSAL LCD/LED 10 A 71 SBRUB750
20191126,99D7V901,25481,SMARTPHONE LG K9 TV LM-X210BMW DOURADO       
20191126,83383101,21653,SUPORTE TV UNIVERSAL LCD/LED 10 A 71 SBRUB750
20191126,70518101,25545,"TELEVISOR SMART 40"" TC40FS600B PANASONIC     "
20191126,99ELE501,26243,SUPORTE UNIV. BEDIN BU-25                    
20191126,25309901,21653,SUPORTE TV UNIVERSAL LCD/LED 10 A 71 SBRUB750
20191126,39206901,21653,SUPORTE TV UNIVERSAL LCD/LED 10 A 71 SBRUB750
20191126,07071901,21653,SUPORTE TV UNIVERSAL LCD/LED 10 A 71 SBRUB750
20191126,999BX701,26243,SUPORTE UNIV. BEDIN BU-25                    
20191126,999BX701,21653,SUPORTE TV UNIVERSAL LCD/LED 10 A 71 SBRUB750
20191126,999C3101,21653,SUPORTE TV UNIVERSAL LCD/LED 10 A 71 SBRUB750
20191126,59902301,26222,CELULAR INFINITY W201 PRETO                  
20191126,75360901,21653,SUPORTE TV UNIVERSAL LCD/LED 10 A 71 SBRUB750
20191126,99IMXB01,21653,SUPORTE TV UNIVERSAL LCD/LED 10 A 71 SBRUB750
20191126,99IMXB01,25355,"TELEVISOR SMART 43"" UN43J5290 SAMSUNG        "
20191126,99JBZH01,21653,SUPORTE TV UNIVERSAL LCD/LED 10 A 71 SBRUB750
20191126,99LAZZ01,21653,SUPORTE TV UNIVERSAL LCD/LED 10 A 71 SBRUB750
20191126,9O4W7Z01,25545,"TELEVISOR SMART 40"" TC40FS600B PANASONIC     "
20191126,9O4W7Z01,21653,SUPORTE TV UNIVERSAL LCD/LED 10 A 71 SBRUB750
20191126,9O5GH301,25354,"TELEVISOR SMART 32"" UN32J4290 SAMSUNG        "
20191126,9OM46I01,25303,"TELEVISOR SMART 32"" TC32FS500B PANASONIC     "
20191126,9O6MQE01,21653,SUPORTE TV UNIVERSAL LCD/LED 10 A 71 SBRUB750
20191126,03349901,21653,SUPORTE TV UNIVERSAL LCD/LED 10 A 71 SBRUB750
20191126,03349901,26243,SUPORTE UNIV. BEDIN BU-25                    
20191126,03349901,20599,ROTEADOR RE160 300 MBPS NOVO (05)            
20191126,99D19T01,25983,SMARTPHONE SAMSUNG GAL A10  A105 32GB VERMELH
20191126,99D19T01,25191,SMARTPHONE SAMSUNG GAL J6 32GB PRETO         
20191126,9O4C3M01,25543,"TELEVISOR SMART 49"" TC49FS630B PANASONIC     "
20191126,99A06301,25303,"TELEVISOR SMART 32"" TC32FS500B PANASONIC     "
20191126,99A06301,21653,SUPORTE TV UNIVERSAL LCD/LED 10 A 71 SBRUB750
20191126,02382901,21653,SUPORTE TV UNIVERSAL LCD/LED 10 A 71 SBRUB750
20191126,68992701,21653,SUPORTE TV UNIVERSAL LCD/LED 10 A 71 SBRUB750
20191126,9O6N3S01,24526,BOX LINE OCM 3910 ONEAL                      
20191126,34698101,21653,SUPORTE TV UNIVERSAL LCD/LED 10 A 71 SBRUB750
20191126,9O8MXD01,26222,CELULAR INFINITY W201 PRETO                  
20191126,38082001,21653,SUPORTE TV UNIVERSAL LCD/LED 10 A 71 SBRUB750
20191126,00089901,21653,SUPORTE TV UNIVERSAL LCD/LED 10 A 71 SBRUB750
20191126,91575901,21653,SUPORTE TV UNIVERSAL LCD/LED 10 A 71 SBRUB750
20191126,18361201,25545,"TELEVISOR SMART 40"" TC40FS600B PANASONIC     "
20191126,18361201,21653,SUPORTE TV UNIVERSAL LCD/LED 10 A 71 SBRUB750
20191126,01768701,26324,"TELEVISOR SMART 32"" 32S5300 HD BLUET SEMP TCL"
20191126,999HK701,25905,"TELEVISOR SMART 55"" UHD BT UN55RU7100 SAMSUNG"
20191126,9ODXZO01,21653,SUPORTE TV UNIVERSAL LCD/LED 10 A 71 SBRUB750
20191126,YYYBJ701,21653,SUPORTE TV UNIVERSAL LCD/LED 10 A 71 SBRUB750
20191126,YYYBJ701,26345,"TELEVISOR SMART 55"" P6US ULTRA HD 4K HDR SEMP"
20191126,YYYBLJ01,21653,SUPORTE TV UNIVERSAL LCD/LED 10 A 71 SBRUB750
20191126,9OEOC301,23802,BOOMBOX BX-19 BIVOLT UP DYNAMIC              
20191125,YYY9TR01,21653,SUPORTE TV UNIVERSAL LCD/LED 10 A 71 SBRUB750
20191125,YYYA4V01,21653,SUPORTE TV UNIVERSAL LCD/LED 10 A 71 SBRUB750
20191125,YYYAJR01,21653,SUPORTE TV UNIVERSAL LCD/LED 10 A 71 SBRUB750
20191125,YYYAJR01,25997,"TELEVISOR 40"" 40S6500FS HD LED SEMP TCL      "
20191125,YYYA8501,21653,SUPORTE TV UNIVERSAL LCD/LED 10 A 71 SBRUB750
20191125,YYYAAH01,26324,"TELEVISOR SMART 32"" 32S5300 HD BLUET SEMP TCL"
20191125,YYYA9J01,21653,SUPORTE TV UNIVERSAL LCD/LED 10 A 71 SBRUB750
20191125,000ZBF01,21653,SUPORTE TV UNIVERSAL LCD/LED 10 A 71 SBRUB750
20191125,YYYABI01,21653,SUPORTE TV UNIVERSAL LCD/LED 10 A 71 SBRUB750
20191125,000ZFA01,21653,SUPORTE TV UNIVERSAL LCD/LED 10 A 71 SBRUB750
20191125,YYY9ZM01,21653,SUPORTE TV UNIVERSAL LCD/LED 10 A 71 SBRUB750
20191125,YYY9ZM01,25995,"TELEVISOR 24"" S1300 L1850 HD LED SEMP TCL    "
20191125,YYY9QT01,21653,SUPORTE TV UNIVERSAL LCD/LED 10 A 71 SBRUB750
20191125,YYY9QT01,23802,BOOMBOX BX-19 BIVOLT UP DYNAMIC              
20191125,99MNPE01,21653,SUPORTE TV UNIVERSAL LCD/LED 10 A 71 SBRUB750
20191125,99LGGV01,21653,SUPORTE TV UNIVERSAL LCD/LED 10 A 71 SBRUB750
20191125,99J4NT01,21653,SUPORTE TV UNIVERSAL LCD/LED 10 A 71 SBRUB750
20191125,9O16EU01,21653,SUPORTE TV UNIVERSAL LCD/LED 10 A 71 SBRUB750
20191125,9O16EU01,25997,"TELEVISOR 40"" 40S6500FS HD LED SEMP TCL      "
20191125,00279001,25905,"TELEVISOR SMART 55"" UHD BT UN55RU7100 SAMSUNG"
20191125,9OBCQZ01,21653,SUPORTE TV UNIVERSAL LCD/LED 10 A 71 SBRUB750
20191125,99KQJ701,21653,SUPORTE TV UNIVERSAL LCD/LED 10 A 71 SBRUB750
20191125,65817501,21653,SUPORTE TV UNIVERSAL LCD/LED 10 A 71 SBRUB750
20191125,9O0HFL01,25303,"TELEVISOR SMART 32"" TC32FS500B PANASONIC     "
20191125,9NZMEJ01,21653,SUPORTE TV UNIVERSAL LCD/LED 10 A 71 SBRUB750
20191125,9O8C1D01,21653,SUPORTE TV UNIVERSAL LCD/LED 10 A 71 SBRUB750
20191125,90585701,24911,"TELEVISOR SMART 43"" S3900FS SEMP TCL         "
20191125,90585701,21653,SUPORTE TV UNIVERSAL LCD/LED 10 A 71 SBRUB750
20191125,9OMHZB01,21653,SUPORTE TV UNIVERSAL LCD/LED 10 A 71 SBRUB750
20191125,88433401,25303,"TELEVISOR SMART 32"" TC32FS500B PANASONIC     "
20191125,99M3QG01,21653,SUPORTE TV UNIVERSAL LCD/LED 10 A 71 SBRUB750
20191125,999GX801,21653,SUPORTE TV UNIVERSAL LCD/LED 10 A 71 SBRUB750
20191125,50042601,21653,SUPORTE TV UNIVERSAL LCD/LED 10 A 71 SBRUB750
20191125,88433401,21653,SUPORTE TV UNIVERSAL LCD/LED 10 A 71 SBRUB750
20191125,19818801,26243,SUPORTE UNIV. BEDIN BU-25                    
20191125,77936601,21653,SUPORTE TV UNIVERSAL LCD/LED 10 A 71 SBRUB750
20191125,99DR8801,21653,SUPORTE TV UNIVERSAL LCD/LED 10 A 71 SBRUB750
20191125,99BH8T01,21653,SUPORTE TV UNIVERSAL LCD/LED 10 A 71 SBRUB750
20191125,99BH8T01,21653,SUPORTE TV UNIVERSAL LCD/LED 10 A 71 SBRUB750
20191125,9O42C001,20966,PEN DRIVE 32GB PD589 TWIST PRETO             
20191125,99EYB001,25303,"TELEVISOR SMART 32"" TC32FS500B PANASONIC     "
20191125,999II801,25545,"TELEVISOR SMART 40"" TC40FS600B PANASONIC     "
20191125,14075501,26344,"TELEVISOR SMART 50"" P6US ULTRA HD 4K HDR SEMP"
20191125,14075501,21653,SUPORTE TV UNIVERSAL LCD/LED 10 A 71 SBRUB750
20191125,99KV1M01,21653,SUPORTE TV UNIVERSAL LCD/LED 10 A 71 SBRUB750
20191125,9O5ZY501,21653,SUPORTE TV UNIVERSAL LCD/LED 10 A 71 SBRUB750
20191125,99M3ML01,26324,"TELEVISOR SMART 32"" 32S5300 HD BLUET SEMP TCL"
20191125,99M3ML01,21653,SUPORTE TV UNIVERSAL LCD/LED 10 A 71 SBRUB750
20191125,9OKZ3401,21653,SUPORTE TV UNIVERSAL LCD/LED 10 A 71 SBRUB750
20191125,24209301,21653,SUPORTE TV UNIVERSAL LCD/LED 10 A 71 SBRUB750
20191125,99MZOY01,26324,"TELEVISOR SMART 32"" 32S5300 HD BLUET SEMP TCL"
20191125,99MZOY01,21653,SUPORTE TV UNIVERSAL LCD/LED 10 A 71 SBRUB750
20191125,93911701,21653,SUPORTE TV UNIVERSAL LCD/LED 10 A 71 SBRUB750
20191125,78042201,26324,"TELEVISOR SMART 32"" 32S5300 HD BLUET SEMP TCL"
20191125,78042201,21653,SUPORTE TV UNIVERSAL LCD/LED 10 A 71 SBRUB750
20191125,9OOGNU01,25303,"TELEVISOR SMART 32"" TC32FS500B PANASONIC     "
20191125,9OOGNU01,21653,SUPORTE TV UNIVERSAL LCD/LED 10 A 71 SBRUB750
20191125,9OCNXI01,21653,SUPORTE TV UNIVERSAL LCD/LED 10 A 71 SBRUB750
20191125,9OANXU01,25545,"TELEVISOR SMART 40"" TC40FS600B PANASONIC     "
20191125,9OANXU01,21653,SUPORTE TV UNIVERSAL LCD/LED 10 A 71 SBRUB750
20191125,9O2EX401,26325,"TELEVISOR SMART 43"" 43S5300 HD BLUET SEMP TCL"
20191125,9NZF0F01,21653,SUPORTE TV UNIVERSAL LCD/LED 10 A 71 SBRUB750
20191125,9OC5EZ01,25997,"TELEVISOR 40"" 40S6500FS HD LED SEMP TCL      "
20191125,9OC5EZ01,21653,SUPORTE TV UNIVERSAL LCD/LED 10 A 71 SBRUB750
20191125,9OEDDR01,26324,"TELEVISOR SMART 32"" 32S5300 HD BLUET SEMP TCL"
20191125,9NZPBF01,25303,"TELEVISOR SMART 32"" TC32FS500B PANASONIC     "
20191125,90909601,25481,SMARTPHONE LG K9 TV LM-X210BMW DOURADO       
20191125,9OH1DT01,26344,"TELEVISOR SMART 50"" P6US ULTRA HD 4K HDR SEMP"
20191125,11863601,25997,"TELEVISOR 40"" 40S6500FS HD LED SEMP TCL      "
20191125,11863601,21653,SUPORTE TV UNIVERSAL LCD/LED 10 A 71 SBRUB750
20191124,72573701,21653,SUPORTE TV UNIVERSAL LCD/LED 10 A 71 SBRUB750
20191124,72573701,26344,"TELEVISOR SMART 50"" P6US ULTRA HD 4K HDR SEMP"
20191124,83100201,21653,SUPORTE TV UNIVERSAL LCD/LED 10 A 71 SBRUB750
20191124,99FVEE01,21653,SUPORTE TV UNIVERSAL LCD/LED 10 A 71 SBRUB750
20191124,99FVEE01,25997,"TELEVISOR 40"" 40S6500FS HD LED SEMP TCL      "
20191123,000ZBF01,26344,"TELEVISOR SMART 50"" P6US ULTRA HD 4K HDR SEMP"
20191123,000ZIC01,21653,SUPORTE TV UNIVERSAL LCD/LED 10 A 71 SBRUB750
20191123,000ZKY01,21653,SUPORTE TV UNIVERSAL LCD/LED 10 A 71 SBRUB750
20191123,000ZO101,25303,"TELEVISOR SMART 32"" TC32FS500B PANASONIC     "
20191123,000ZO101,21653,SUPORTE TV UNIVERSAL LCD/LED 10 A 71 SBRUB750
20191123,95181601,21653,SUPORTE TV UNIVERSAL LCD/LED 10 A 71 SBRUB750
20191123,000ZH501,21653,SUPORTE TV UNIVERSAL LCD/LED 10 A 71 SBRUB750
20191123,42860701,25983,SMARTPHONE SAMSUNG GAL A10  A105 32GB VERMELH
20191123,42860701,25933,TABLET NB304 M7 3G PLUS QUAD CORE PRETO      
20191123,99J1UE01,21653,SUPORTE TV UNIVERSAL LCD/LED 10 A 71 SBRUB750
20191123,9OFFUW01,25109,MINI SYSTEM MHC-M80D SONY                    
20191123,24343801,26003,SMARTPHONE SAMSUNG GAL A20  A205 32GB PRETO  
20191123,999FFY01,21653,SUPORTE TV UNIVERSAL LCD/LED 10 A 71 SBRUB750
20191123,9O77C201,21653,SUPORTE TV UNIVERSAL LCD/LED 10 A 71 SBRUB750
20191123,9O77C201,25355,"TELEVISOR SMART 43"" UN43J5290 SAMSUNG        "
20191123,99NE6Z01,21653,SUPORTE TV UNIVERSAL LCD/LED 10 A 71 SBRUB750
20191123,99NE6Z01,25303,"TELEVISOR SMART 32"" TC32FS500B PANASONIC     "
20191123,9ONFX001,21653,SUPORTE TV UNIVERSAL LCD/LED 10 A 71 SBRUB750
20191123,99C5AW01,21653,SUPORTE TV UNIVERSAL LCD/LED 10 A 71 SBRUB750
20191123,00089901,25904,"TELEVISOR SMART 50"" UHD BT UN50RU7100 SAMSUNG"
20191123,29845601,25727,SMARTPHONE SAMSUNG GAL J2 CORE 16GB PRATA    
20191123,99IOZV01,25997,"TELEVISOR 40"" 40S6500FS HD LED SEMP TCL      "
20191123,41881101,21653,SUPORTE TV UNIVERSAL LCD/LED 10 A 71 SBRUB750
20191123,99HHL901,25303,"TELEVISOR SMART 32"" TC32FS500B PANASONIC     "
20191123,99HHL901,21653,SUPORTE TV UNIVERSAL LCD/LED 10 A 71 SBRUB750
20191123,9OMBX801,21653,SUPORTE TV UNIVERSAL LCD/LED 10 A 71 SBRUB750
20191123,9NXFBV01,21653,SUPORTE TV UNIVERSAL LCD/LED 10 A 71 SBRUB750
20191123,9OMUB401,21653,SUPORTE TV UNIVERSAL LCD/LED 10 A 71 SBRUB750
20191123,99D9U901,23802,BOOMBOX BX-19 BIVOLT UP DYNAMIC              
20191123,9ORCAR01,24632,CAIXA AMPLIFICADA CM-07 MONDIAL              
20191123,9OPAKD01,25983,SMARTPHONE SAMSUNG GAL A10  A105 32GB VERMELH
20191123,9NXCR501,21653,SUPORTE TV UNIVERSAL LCD/LED 10 A 71 SBRUB750
20191123,9NXCR501,21647,DVD D-15 KARAOKE MONDIAL                     
20191123,9NXCR501,25303,"TELEVISOR SMART 32"" TC32FS500B PANASONIC     "
20191123,9O1OAZ01,25997,"TELEVISOR 40"" 40S6500FS HD LED SEMP TCL      "
20191123,9O1OAZ01,21653,SUPORTE TV UNIVERSAL LCD/LED 10 A 71 SBRUB750
20191123,9O4KQ001,21653,SUPORTE TV UNIVERSAL LCD/LED 10 A 71 SBRUB750
20191123,9O8APW01,21653,SUPORTE TV UNIVERSAL LCD/LED 10 A 71 SBRUB750
20191123,9O8APW01,25303,"TELEVISOR SMART 32"" TC32FS500B PANASONIC     "
20191123,99MBU601,26243,SUPORTE UNIV. BEDIN BU-25                    
20191123,95830101,21653,SUPORTE TV UNIVERSAL LCD/LED 10 A 71 SBRUB750
20191123,94388701,23802,BOOMBOX BX-19 BIVOLT UP DYNAMIC              
20191123,47105101,21653,SUPORTE TV UNIVERSAL LCD/LED 10 A 71 SBRUB750
20191123,18811801,25211,TABLET NB276 M7S 3G PLUS 8GB DOURADO         
20191123,40199701,21653,SUPORTE TV UNIVERSAL LCD/LED 10 A 71 SBRUB750
20191123,33194501,25303,"TELEVISOR SMART 32"" TC32FS500B PANASONIC     "
20191123,61213801,26325,"TELEVISOR SMART 43"" 43S5300 HD BLUET SEMP TCL"
20191123,99D8Z901,21653,SUPORTE TV UNIVERSAL LCD/LED 10 A 71 SBRUB750
20191123,99HZMK01,26004,SMARTPHONE SAMSUNG GAL A20  A205 32GB AZUL   
20191123,9OB0UA01,21653,SUPORTE TV UNIVERSAL LCD/LED 10 A 71 SBRUB750
20191123,9OB0UA01,26344,"TELEVISOR SMART 50"" P6US ULTRA HD 4K HDR SEMP"
20191123,64446101,21653,SUPORTE TV UNIVERSAL LCD/LED 10 A 71 SBRUB750
20191123,9O2VP601,21653,SUPORTE TV UNIVERSAL LCD/LED 10 A 71 SBRUB750
20191123,99BJ7R01,21653,SUPORTE TV UNIVERSAL LCD/LED 10 A 71 SBRUB750
20191123,9OIIXV01,21653,SUPORTE TV UNIVERSAL LCD/LED 10 A 71 SBRUB750
20191123,9OIIXV01,25303,"TELEVISOR SMART 32"" TC32FS500B PANASONIC     "
20191123,99J7FF01,21653,SUPORTE TV UNIVERSAL LCD/LED 10 A 71 SBRUB750
20191123,9OM2MJ01,21653,SUPORTE TV UNIVERSAL LCD/LED 10 A 71 SBRUB750
20191123,9OM2MJ01,25904,"TELEVISOR SMART 50"" UHD BT UN50RU7100 SAMSUNG"
20191123,999P1H01,21653,SUPORTE TV UNIVERSAL LCD/LED 10 A 71 SBRUB750
20191123,81628301,21653,SUPORTE TV UNIVERSAL LCD/LED 10 A 71 SBRUB750
20191123,81628301,25997,"TELEVISOR 40"" 40S6500FS HD LED SEMP TCL      "
20191123,97976201,21653,SUPORTE TV UNIVERSAL LCD/LED 10 A 71 SBRUB750
20191123,97976201,25354,"TELEVISOR SMART 32"" UN32J4290 SAMSUNG        "
20191123,9O2SGO01,21653,SUPORTE TV UNIVERSAL LCD/LED 10 A 71 SBRUB750
20191123,9OA6XS01,21653,SUPORTE TV UNIVERSAL LCD/LED 10 A 71 SBRUB750
20191123,99JVID01,21653,SUPORTE TV UNIVERSAL LCD/LED 10 A 71 SBRUB750
20191123,72744601,21653,SUPORTE TV UNIVERSAL LCD/LED 10 A 71 SBRUB750
20191123,99BL3701,21653,SUPORTE TV UNIVERSAL LCD/LED 10 A 71 SBRUB750
20191123,60401401,21653,SUPORTE TV UNIVERSAL LCD/LED 10 A 71 SBRUB750
20191123,60401401,26345,"TELEVISOR SMART 55"" P6US ULTRA HD 4K HDR SEMP"
20191123,81474601,21653,SUPORTE TV UNIVERSAL LCD/LED 10 A 71 SBRUB750
20191123,81474601,26345,"TELEVISOR SMART 55"" P6US ULTRA HD 4K HDR SEMP"
20191123,73880001,26344,"TELEVISOR SMART 50"" P6US ULTRA HD 4K HDR SEMP"
20191123,73880001,21653,SUPORTE TV UNIVERSAL LCD/LED 10 A 71 SBRUB750
20191123,73880001,26344,"TELEVISOR SMART 50"" P6US ULTRA HD 4K HDR SEMP"
20191123,99AB2701,21653,SUPORTE TV UNIVERSAL LCD/LED 10 A 71 SBRUB750
20191122,54959101,21653,SUPORTE TV UNIVERSAL LCD/LED 10 A 71 SBRUB750
20191122,9OH83001,21653,SUPORTE TV UNIVERSAL LCD/LED 10 A 71 SBRUB750
20191122,19640101,25303,"TELEVISOR SMART 32"" TC32FS500B PANASONIC     "
20191122,87292601,24632,CAIXA AMPLIFICADA CM-07 MONDIAL              
20191122,18784101,21653,SUPORTE TV UNIVERSAL LCD/LED 10 A 71 SBRUB750
20191122,47101901,26243,SUPORTE UNIV. BEDIN BU-25                    
20191122,47101901,21653,SUPORTE TV UNIVERSAL LCD/LED 10 A 71 SBRUB750
20191122,37949401,21653,SUPORTE TV UNIVERSAL LCD/LED 10 A 71 SBRUB750
20191122,9O7S9I01,26053,TABLET NB274 M7S PLUS 8GB AZUL               
20191122,9O7S9I01,25982,SMARTPHONE SAMSUNG GAL A10  A105 32GB AZUL   
20191122,97089401,21653,SUPORTE TV UNIVERSAL LCD/LED 10 A 71 SBRUB750
20191122,99902301,25303,"TELEVISOR SMART 32"" TC32FS500B PANASONIC     "
20191122,99MEYR01,25997,"TELEVISOR 40"" 40S6500FS HD LED SEMP TCL      "
20191122,99MEYR01,21653,SUPORTE TV UNIVERSAL LCD/LED 10 A 71 SBRUB750
20191122,9O163L01,21653,SUPORTE TV UNIVERSAL LCD/LED 10 A 71 SBRUB750
20191122,9ONN3A01,25997,"TELEVISOR 40"" 40S6500FS HD LED SEMP TCL      "
20191122,9ONN3A01,21653,SUPORTE TV UNIVERSAL LCD/LED 10 A 71 SBRUB750
20191122,9O8YDI01,21653,SUPORTE TV UNIVERSAL LCD/LED 10 A 71 SBRUB750
20191122,9OCP7E01,21653,SUPORTE TV UNIVERSAL LCD/LED 10 A 71 SBRUB750
20191122,99HF4101,21653,SUPORTE TV UNIVERSAL LCD/LED 10 A 71 SBRUB750
20191122,99BOBP01,21653,SUPORTE TV UNIVERSAL LCD/LED 10 A 71 SBRUB750
20191122,99BOBP01,24911,"TELEVISOR SMART 43"" S3900FS SEMP TCL         "
20191122,99E8ZS01,21653,SUPORTE TV UNIVERSAL LCD/LED 10 A 71 SBRUB750
20191122,99E8ZS01,25303,"TELEVISOR SMART 32"" TC32FS500B PANASONIC     "
20191122,9O6FSJ01,21653,SUPORTE TV UNIVERSAL LCD/LED 10 A 71 SBRUB750
20191122,99B8PI01,21653,SUPORTE TV UNIVERSAL LCD/LED 10 A 71 SBRUB750
20191122,18483901,21653,SUPORTE TV UNIVERSAL LCD/LED 10 A 71 SBRUB750
20191122,18483901,25303,"TELEVISOR SMART 32"" TC32FS500B PANASONIC     "
20191122,99ERD401,26243,SUPORTE UNIV. BEDIN BU-25                    
20191122,9O0C0I01,21653,SUPORTE TV UNIVERSAL LCD/LED 10 A 71 SBRUB750
20191122,9OJ8IS01,21653,SUPORTE TV UNIVERSAL LCD/LED 10 A 71 SBRUB750
20191122,90723801,25726,SMARTPHONE SAMSUNG GAL J2 CORE 16GB PRETO    
20191122,17027701,26243,SUPORTE UNIV. BEDIN BU-25                    
20191122,9OPHTM01,21653,SUPORTE TV UNIVERSAL LCD/LED 10 A 71 SBRUB750
20191122,66941901,21653,SUPORTE TV UNIVERSAL LCD/LED 10 A 71 SBRUB750
20191122,93604001,26243,SUPORTE UNIV. BEDIN BU-25                    
20191122,9OPT1X01,21653,SUPORTE TV UNIVERSAL LCD/LED 10 A 71 SBRUB750
20191122,19047801,25729,SMARTPHONE SAMSUNG GAL J4 CORE 16GB COBRE    
20191122,65186501,21653,SUPORTE TV UNIVERSAL LCD/LED 10 A 71 SBRUB750
20191122,99C1X701,21653,SUPORTE TV UNIVERSAL LCD/LED 10 A 71 SBRUB750
20191122,99DYK601,23781,RADIO CJ65 ABRALLK LG                        
20191122,95955701,21653,SUPORTE TV UNIVERSAL LCD/LED 10 A 71 SBRUB750
20191122,18857601,21653,SUPORTE TV UNIVERSAL LCD/LED 10 A 71 SBRUB750
20191122,67414801,21653,SUPORTE TV UNIVERSAL LCD/LED 10 A 71 SBRUB750
20191122,67385901,21653,SUPORTE TV UNIVERSAL LCD/LED 10 A 71 SBRUB750
20191122,99AP3901,21653,SUPORTE TV UNIVERSAL LCD/LED 10 A 71 SBRUB750
20191122,99GEUG01,21653,SUPORTE TV UNIVERSAL LCD/LED 10 A 71 SBRUB750
20191122,16419101,21653,SUPORTE TV UNIVERSAL LCD/LED 10 A 71 SBRUB750
20191122,999J9I01,21653,SUPORTE TV UNIVERSAL LCD/LED 10 A 71 SBRUB750
20191122,99H26101,21653,SUPORTE TV UNIVERSAL LCD/LED 10 A 71 SBRUB750
20191122,9OO9OJ01,25998,"TELEVISOR 43"" 43S6500FS FULL HD SEMP TCL     "
20191122,99LBF401,21653,SUPORTE TV UNIVERSAL LCD/LED 10 A 71 SBRUB750
20191122,99L4NF01,21653,SUPORTE TV UNIVERSAL LCD/LED 10 A 71 SBRUB750
20191122,99L4NF01,25996,"TELEVISOR 32"" 32S6500S HD LED SEMP TCL       "
20191122,99L0O701,26005,SMARTPHONE SAMSUNG GAL A20  A205 32GB VERM   
20191122,99MYUZ01,25303,"TELEVISOR SMART 32"" TC32FS500B PANASONIC     "
20191122,99MYUZ01,26243,SUPORTE UNIV. BEDIN BU-25                    
20191122,9NY75P01,25303,"TELEVISOR SMART 32"" TC32FS500B PANASONIC     "
20191122,9NY75P01,21653,SUPORTE TV UNIVERSAL LCD/LED 10 A 71 SBRUB750
20191122,9NY75P01,26483,SMARTPHONE SAMSUNG GAL A50 A505 128GB AZUL   
20191122,9O0CNY01,21653,SUPORTE TV UNIVERSAL LCD/LED 10 A 71 SBRUB750
20191122,9O4M2S01,26243,SUPORTE UNIV. BEDIN BU-25                    
20191122,9OBB1X01,22752,CELULAR RIU FLIP 2.4 DB DOURADO              
20191122,9OEF7J01,21653,SUPORTE TV UNIVERSAL LCD/LED 10 A 71 SBRUB750
20191122,9OEF7J01,25355,"TELEVISOR SMART 43"" UN43J5290 SAMSUNG        "
20191122,15009301,21653,SUPORTE TV UNIVERSAL LCD/LED 10 A 71 SBRUB750
20191122,15009301,26344,"TELEVISOR SMART 50"" P6US ULTRA HD 4K HDR SEMP"
20191122,99A1YQ01,21653,SUPORTE TV UNIVERSAL LCD/LED 10 A 71 SBRUB750
20191122,9OCWIT01,21653,SUPORTE TV UNIVERSAL LCD/LED 10 A 71 SBRUB750
20191122,55033101,21653,SUPORTE TV UNIVERSAL LCD/LED 10 A 71 SBRUB750
20191122,99KJ8101,25904,"TELEVISOR SMART 50"" UHD BT UN50RU7100 SAMSUNG"
20191122,55033101,26344,"TELEVISOR SMART 50"" P6US ULTRA HD 4K HDR SEMP"
20191122,99EO9Q01,26008,SMARTPHONE SAMSUNG GAL A30  A305 64GB BRANCO 
20191122,9NY1KU01,21653,SUPORTE TV UNIVERSAL LCD/LED 10 A 71 SBRUB750
20191122,99L67R01,25355,"TELEVISOR SMART 43"" UN43J5290 SAMSUNG        "
20191122,99L67R01,21653,SUPORTE TV UNIVERSAL LCD/LED 10 A 71 SBRUB750
20191122,9O6N1H01,21653,SUPORTE TV UNIVERSAL LCD/LED 10 A 71 SBRUB750
20191122,9O6N1H01,26243,SUPORTE UNIV. BEDIN BU-25                    
20191122,9O42ST01,25303,"TELEVISOR SMART 32"" TC32FS500B PANASONIC     "
20191122,9O42ST01,21653,SUPORTE TV UNIVERSAL LCD/LED 10 A 71 SBRUB750
20191122,9OKXIX01,26243,SUPORTE UNIV. BEDIN BU-25                    
20191122,9OR8B601,21653,SUPORTE TV UNIVERSAL LCD/LED 10 A 71 SBRUB750
20191122,22200801,25904,"TELEVISOR SMART 50"" UHD BT UN50RU7100 SAMSUNG"
20191122,31561401,21653,SUPORTE TV UNIVERSAL LCD/LED 10 A 71 SBRUB750
20191122,62922201,21653,SUPORTE TV UNIVERSAL LCD/LED 10 A 71 SBRUB750
20191122,9O81Y101,21653,SUPORTE TV UNIVERSAL LCD/LED 10 A 71 SBRUB750
20191122,9O81Y101,26344,"TELEVISOR SMART 50"" P6US ULTRA HD 4K HDR SEMP"
20191122,18952401,25243,PEN DRIVE 16GB PD688 TWIST ROSA MULTILASER   
20191122,9NYZXX01,21653,SUPORTE TV UNIVERSAL LCD/LED 10 A 71 SBRUB750
20191122,9O7JSV01,21653,SUPORTE TV UNIVERSAL LCD/LED 10 A 71 SBRUB750
20191122,9O7JSV01,25997,"TELEVISOR 40"" 40S6500FS HD LED SEMP TCL      "
20191122,9O5CJJ01,25997,"TELEVISOR 40"" 40S6500FS HD LED SEMP TCL      "
20191122,98879001,26243,SUPORTE UNIV. BEDIN BU-25                    
20191122,000S6X01,25303,"TELEVISOR SMART 32"" TC32FS500B PANASONIC     "
20191122,000S6X01,21653,SUPORTE TV UNIVERSAL LCD/LED 10 A 71 SBRUB750
20191122,000YUF01,21653,SUPORTE TV UNIVERSAL LCD/LED 10 A 71 SBRUB750
20191122,000Z9301,21653,SUPORTE TV UNIVERSAL LCD/LED 10 A 71 SBRUB750
20191122,000Z9301,26243,SUPORTE UNIV. BEDIN BU-25                    
20191122,000Z3O01,21653,SUPORTE TV UNIVERSAL LCD/LED 10 A 71 SBRUB750
20191122,000Z6R01,21653,SUPORTE TV UNIVERSAL LCD/LED 10 A 71 SBRUB750
20191121,000YHP01,21653,SUPORTE TV UNIVERSAL LCD/LED 10 A 71 SBRUB750
20191121,000YL501,21653,SUPORTE TV UNIVERSAL LCD/LED 10 A 71 SBRUB750
20191121,18891801,25303,"TELEVISOR SMART 32"" TC32FS500B PANASONIC     "
20191121,07669801,21653,SUPORTE TV UNIVERSAL LCD/LED 10 A 71 SBRUB750
20191121,9NZ0NF01,21653,SUPORTE TV UNIVERSAL LCD/LED 10 A 71 SBRUB750
20191121,9NZ0NF01,24911,"TELEVISOR SMART 43"" S3900FS SEMP TCL         "
20191121,35884001,26007,SMARTPHONE SAMSUNG GAL A30 A305 64GB AZUL    
20191121,08830801,21653,SUPORTE TV UNIVERSAL LCD/LED 10 A 71 SBRUB750
20191121,9O0YA801,14537,PEN DRIVE 16GB PD588 TWIST PRETO             
20191121,47181801,26243,SUPORTE UNIV. BEDIN BU-25                    
20191121,90801201,21653,SUPORTE TV UNIVERSAL LCD/LED 10 A 71 SBRUB750
20191121,9OOIM501,21653,SUPORTE TV UNIVERSAL LCD/LED 10 A 71 SBRUB750
20191121,9ORBNJ01,21653,SUPORTE TV UNIVERSAL LCD/LED 10 A 71 SBRUB750
20191121,9ORBNJ01,25303,"TELEVISOR SMART 32"" TC32FS500B PANASONIC     "
20191121,9OCPF801,20599,ROTEADOR RE160 300 MBPS NOVO (05)            
20191121,90989701,25727,SMARTPHONE SAMSUNG GAL J2 CORE 16GB PRATA    
20191121,9OE7LL01,21653,SUPORTE TV UNIVERSAL LCD/LED 10 A 71 SBRUB750
20191121,99D9U901,21653,SUPORTE TV UNIVERSAL LCD/LED 10 A 71 SBRUB750
20191121,56425901,21653,SUPORTE TV UNIVERSAL LCD/LED 10 A 71 SBRUB750
20191121,9O9UGY01,26243,SUPORTE UNIV. BEDIN BU-25                    
20191121,99GFM101,21653,SUPORTE TV UNIVERSAL LCD/LED 10 A 71 SBRUB750
20191121,99IFLC01,21653,SUPORTE TV UNIVERSAL LCD/LED 10 A 71 SBRUB750
20191121,99KWV401,25780,HOME THEATER HT-12 MONDIAL                   
20191121,99KWV401,26344,"TELEVISOR SMART 50"" P6US ULTRA HD 4K HDR SEMP"
20191121,99KWV401,21653,SUPORTE TV UNIVERSAL LCD/LED 10 A 71 SBRUB750
20191121,99LR4B01,26007,SMARTPHONE SAMSUNG GAL A30 A305 64GB AZUL    
20191121,84126001,21653,SUPORTE TV UNIVERSAL LCD/LED 10 A 71 SBRUB750
20191121,84126001,25997,"TELEVISOR 40"" 40S6500FS HD LED SEMP TCL      "
20191121,99D9HD01,25904,"TELEVISOR SMART 50"" UHD BT UN50RU7100 SAMSUNG"
20191121,99D9HD01,21653,SUPORTE TV UNIVERSAL LCD/LED 10 A 71 SBRUB750
20191121,16011801,25727,SMARTPHONE SAMSUNG GAL J2 CORE 16GB PRATA    
20191121,01960201,21653,SUPORTE TV UNIVERSAL LCD/LED 10 A 71 SBRUB750
20191121,37446701,21653,SUPORTE TV UNIVERSAL LCD/LED 10 A 71 SBRUB750
20191121,21720701,26243,SUPORTE UNIV. BEDIN BU-25                    
20191121,99COBS01,26243,SUPORTE UNIV. BEDIN BU-25                    
20191121,99JW0R01,25998,"TELEVISOR 43"" 43S6500FS FULL HD SEMP TCL     "
20191121,99JW0R01,21653,SUPORTE TV UNIVERSAL LCD/LED 10 A 71 SBRUB750
20191121,51062701,21653,SUPORTE TV UNIVERSAL LCD/LED 10 A 71 SBRUB750
20191121,9NYRUD01,21653,SUPORTE TV UNIVERSAL LCD/LED 10 A 71 SBRUB750
20191121,9O22Q401,21653,SUPORTE TV UNIVERSAL LCD/LED 10 A 71 SBRUB750
20191121,99DA6701,26003,SMARTPHONE SAMSUNG GAL A20  A205 32GB PRETO  
20191121,99DA6701,25303,"TELEVISOR SMART 32"" TC32FS500B PANASONIC     "
20191121,99DA6701,21653,SUPORTE TV UNIVERSAL LCD/LED 10 A 71 SBRUB750
20191121,91401801,21653,SUPORTE TV UNIVERSAL LCD/LED 10 A 71 SBRUB750
20191121,99BJ7R01,25997,"TELEVISOR 40"" 40S6500FS HD LED SEMP TCL      "
20191121,9O6DVB01,21653,SUPORTE TV UNIVERSAL LCD/LED 10 A 71 SBRUB750
20191121,9O713W01,21653,SUPORTE TV UNIVERSAL LCD/LED 10 A 71 SBRUB750
20191121,9OIB1301,21653,SUPORTE TV UNIVERSAL LCD/LED 10 A 71 SBRUB750
20191121,90944601,21653,SUPORTE TV UNIVERSAL LCD/LED 10 A 71 SBRUB750
20191121,9OP5YQ01,21653,SUPORTE TV UNIVERSAL LCD/LED 10 A 71 SBRUB750
20191121,47660701,21653,SUPORTE TV UNIVERSAL LCD/LED 10 A 71 SBRUB750
20191121,9OPBEH01,21653,SUPORTE TV UNIVERSAL LCD/LED 10 A 71 SBRUB750
20191121,14612201,21653,SUPORTE TV UNIVERSAL LCD/LED 10 A 71 SBRUB750
20191121,9OOJCX01,26344,"TELEVISOR SMART 50"" P6US ULTRA HD 4K HDR SEMP"
20191121,57233401,26345,"TELEVISOR SMART 55"" P6US ULTRA HD 4K HDR SEMP"
20191121,9OOMBU01,21653,SUPORTE TV UNIVERSAL LCD/LED 10 A 71 SBRUB750
20191121,9OOMBU01,25303,"TELEVISOR SMART 32"" TC32FS500B PANASONIC     "
20191121,9O4OKG01,21653,SUPORTE TV UNIVERSAL LCD/LED 10 A 71 SBRUB750
20191121,9OG9TB01,21653,SUPORTE TV UNIVERSAL LCD/LED 10 A 71 SBRUB750
20191121,91144001,21653,SUPORTE TV UNIVERSAL LCD/LED 10 A 71 SBRUB750
20191121,89808701,21653,SUPORTE TV UNIVERSAL LCD/LED 10 A 71 SBRUB750
20191121,98130301,21653,SUPORTE TV UNIVERSAL LCD/LED 10 A 71 SBRUB750
20191121,98130301,25997,"TELEVISOR 40"" 40S6500FS HD LED SEMP TCL      "
20191121,99F9KN01,21653,SUPORTE TV UNIVERSAL LCD/LED 10 A 71 SBRUB750
20191121,99DDPI01,25728,SMARTPHONE SAMSUNG GAL J4 CORE 16GB PRETO    
20191121,91373501,21653,SUPORTE TV UNIVERSAL LCD/LED 10 A 71 SBRUB750
20191121,99EED101,21653,SUPORTE TV UNIVERSAL LCD/LED 10 A 71 SBRUB750
20191120,000XJ901,25870,TABLET NB296 M7S LITE 8GB PRETO              
20191120,000XSG01,21653,SUPORTE TV UNIVERSAL LCD/LED 10 A 71 SBRUB750
20191120,000XYF01,21653,SUPORTE TV UNIVERSAL LCD/LED 10 A 71 SBRUB750
20191120,000TOO01,21653,SUPORTE TV UNIVERSAL LCD/LED 10 A 71 SBRUB750
20191120,000XEH01,21653,SUPORTE TV UNIVERSAL LCD/LED 10 A 71 SBRUB750
20191120,9O2A7A01,21653,SUPORTE TV UNIVERSAL LCD/LED 10 A 71 SBRUB750
20191120,84676101,21653,SUPORTE TV UNIVERSAL LCD/LED 10 A 71 SBRUB750
20191120,84676101,25997,"TELEVISOR 40"" 40S6500FS HD LED SEMP TCL      "
20191120,11713601,21653,SUPORTE TV UNIVERSAL LCD/LED 10 A 71 SBRUB750
20191120,9OFUTJ01,21653,SUPORTE TV UNIVERSAL LCD/LED 10 A 71 SBRUB750
20191120,50619601,21653,SUPORTE TV UNIVERSAL LCD/LED 10 A 71 SBRUB750
20191120,9OOIAZ01,21653,SUPORTE TV UNIVERSAL LCD/LED 10 A 71 SBRUB750
20191120,9OOIAZ01,26344,"TELEVISOR SMART 50"" P6US ULTRA HD 4K HDR SEMP"
20191120,14818501,21653,SUPORTE TV UNIVERSAL LCD/LED 10 A 71 SBRUB750
20191120,16012601,25577,SMARTPHONE SAMSUNG GALAXY J4 PLUS 32GB PRETO 
20191120,999PU801,26243,SUPORTE UNIV. BEDIN BU-25                    
20191120,9O3DVP01,21653,SUPORTE TV UNIVERSAL LCD/LED 10 A 71 SBRUB750
20191120,9OEXN801,21653,SUPORTE TV UNIVERSAL LCD/LED 10 A 71 SBRUB750
20191120,25862501,21653,SUPORTE TV UNIVERSAL LCD/LED 10 A 71 SBRUB750
20191120,20478301,21653,SUPORTE TV UNIVERSAL LCD/LED 10 A 71 SBRUB750
20191120,20478301,25997,"TELEVISOR 40"" 40S6500FS HD LED SEMP TCL      "
20191120,9OM4F101,21653,SUPORTE TV UNIVERSAL LCD/LED 10 A 71 SBRUB750
20191120,9ODYZQ01,26243,SUPORTE UNIV. BEDIN BU-25                    
20191120,9ODYZQ01,26243,SUPORTE UNIV. BEDIN BU-25                    
20191120,99LVXS01,25354,"TELEVISOR SMART 32"" UN32J4290 SAMSUNG        "
20191120,99DK3201,25173,SMARTPHONE LG K9 TV LM-X210BMW INDIGO        
20191120,9999ON01,21653,SUPORTE TV UNIVERSAL LCD/LED 10 A 71 SBRUB750
20191120,24139201,26243,SUPORTE UNIV. BEDIN BU-25                    
20191120,99FQDJ01,25730,SMARTPHONE SAMSUNG GAL J4 CORE 16GB AZUL     
20191120,99EC1K01,26243,SUPORTE UNIV. BEDIN BU-25                    
20191120,92955501,21653,SUPORTE TV UNIVERSAL LCD/LED 10 A 71 SBRUB750
20191120,99A3R701,21653,SUPORTE TV UNIVERSAL LCD/LED 10 A 71 SBRUB750
20191120,99DWDK01,21653,SUPORTE TV UNIVERSAL LCD/LED 10 A 71 SBRUB750
20191120,65930401,21653,SUPORTE TV UNIVERSAL LCD/LED 10 A 71 SBRUB750
20191120,92564901,21653,SUPORTE TV UNIVERSAL LCD/LED 10 A 71 SBRUB750
20191120,9O5ROC01,21653,SUPORTE TV UNIVERSAL LCD/LED 10 A 71 SBRUB750
20191120,99LH7H01,26344,"TELEVISOR SMART 50"" P6US ULTRA HD 4K HDR SEMP"
20191120,99LH7H01,21653,SUPORTE TV UNIVERSAL LCD/LED 10 A 71 SBRUB750
20191120,9O22Q401,21653,SUPORTE TV UNIVERSAL LCD/LED 10 A 71 SBRUB750
20191120,99CGD701,21653,SUPORTE TV UNIVERSAL LCD/LED 10 A 71 SBRUB750
20191120,99CGD701,25997,"TELEVISOR 40"" 40S6500FS HD LED SEMP TCL      "
20191120,17027701,26243,SUPORTE UNIV. BEDIN BU-25                    
20191120,9OMMUV01,21653,SUPORTE TV UNIVERSAL LCD/LED 10 A 71 SBRUB750
20191120,21318001,25870,TABLET NB296 M7S LITE 8GB PRETO              
20191120,25438101,21653,SUPORTE TV UNIVERSAL LCD/LED 10 A 71 SBRUB750
20191120,13930701,21653,SUPORTE TV UNIVERSAL LCD/LED 10 A 71 SBRUB750
20191120,99AQ1001,21653,SUPORTE TV UNIVERSAL LCD/LED 10 A 71 SBRUB750
20191120,9OMMUV01,25997,"TELEVISOR 40"" 40S6500FS HD LED SEMP TCL      "
20191120,91752401,26344,"TELEVISOR SMART 50"" P6US ULTRA HD 4K HDR SEMP"
20191120,91752401,21653,SUPORTE TV UNIVERSAL LCD/LED 10 A 71 SBRUB750
20191120,42419301,21653,SUPORTE TV UNIVERSAL LCD/LED 10 A 71 SBRUB750
20191120,20367101,25355,"TELEVISOR SMART 43"" UN43J5290 SAMSUNG        "
20191120,20367101,21653,SUPORTE TV UNIVERSAL LCD/LED 10 A 71 SBRUB750
20191120,20215001,21653,SUPORTE TV UNIVERSAL LCD/LED 10 A 71 SBRUB750
20191120,9ODKMS01,21653,SUPORTE TV UNIVERSAL LCD/LED 10 A 71 SBRUB750
20191120,92428901,21653,SUPORTE TV UNIVERSAL LCD/LED 10 A 71 SBRUB750
20191120,09991601,21653,SUPORTE TV UNIVERSAL LCD/LED 10 A 71 SBRUB750
20191120,9ODW2P01,21653,SUPORTE TV UNIVERSAL LCD/LED 10 A 71 SBRUB750
20191120,40654201,26007,SMARTPHONE SAMSUNG GAL A30 A305 64GB AZUL    
20191120,06590501,21653,SUPORTE TV UNIVERSAL LCD/LED 10 A 71 SBRUB750
20191120,06590501,25355,"TELEVISOR SMART 43"" UN43J5290 SAMSUNG        "
20191120,90066101,26003,SMARTPHONE SAMSUNG GAL A20  A205 32GB PRETO  
20191120,25224601,21653,SUPORTE TV UNIVERSAL LCD/LED 10 A 71 SBRUB750
20191120,25224601,25904,"TELEVISOR SMART 50"" UHD BT UN50RU7100 SAMSUNG"
20191120,99BVL501,26344,"TELEVISOR SMART 50"" P6US ULTRA HD 4K HDR SEMP"
20191120,99BVL501,21653,SUPORTE TV UNIVERSAL LCD/LED 10 A 71 SBRUB750
20191120,9ONWHR01,25997,"TELEVISOR 40"" 40S6500FS HD LED SEMP TCL      "
20191120,9ONWHR01,21653,SUPORTE TV UNIVERSAL LCD/LED 10 A 71 SBRUB750
20191120,99QXRZ01,26344,"TELEVISOR SMART 50"" P6US ULTRA HD 4K HDR SEMP"
20191120,99QXRZ01,21653,SUPORTE TV UNIVERSAL LCD/LED 10 A 71 SBRUB750
20191120,9O13C401,21653,SUPORTE TV UNIVERSAL LCD/LED 10 A 71 SBRUB750
20191120,9O13C401,25996,"TELEVISOR 32"" 32S6500S HD LED SEMP TCL       "
20191120,9O9TEQ01,21653,SUPORTE TV UNIVERSAL LCD/LED 10 A 71 SBRUB750
20191120,9O9H6401,25904,"TELEVISOR SMART 50"" UHD BT UN50RU7100 SAMSUNG"
20191120,9O9H6401,21653,SUPORTE TV UNIVERSAL LCD/LED 10 A 71 SBRUB750
20191120,95781701,21653,SUPORTE TV UNIVERSAL LCD/LED 10 A 71 SBRUB750
20191120,53366701,21653,SUPORTE TV UNIVERSAL LCD/LED 10 A 71 SBRUB750
20191120,53366701,21653,SUPORTE TV UNIVERSAL LCD/LED 10 A 71 SBRUB750
20191120,96706301,21653,SUPORTE TV UNIVERSAL LCD/LED 10 A 71 SBRUB750
20191120,62496001,21653,SUPORTE TV UNIVERSAL LCD/LED 10 A 71 SBRUB750
20191120,72608801,21653,SUPORTE TV UNIVERSAL LCD/LED 10 A 71 SBRUB750
20191120,79552901,21653,SUPORTE TV UNIVERSAL LCD/LED 10 A 71 SBRUB750
20191120,79552901,25303,"TELEVISOR SMART 32"" TC32FS500B PANASONIC     "
20191120,21410301,25726,SMARTPHONE SAMSUNG GAL J2 CORE 16GB PRETO    
20191120,90043901,21653,SUPORTE TV UNIVERSAL LCD/LED 10 A 71 SBRUB750
20191120,53816701,26243,SUPORTE UNIV. BEDIN BU-25                    
20191120,03139101,25997,"TELEVISOR 40"" 40S6500FS HD LED SEMP TCL      "
20191120,03139101,21653,SUPORTE TV UNIVERSAL LCD/LED 10 A 71 SBRUB750
20191119,000WZ401,21653,SUPORTE TV UNIVERSAL LCD/LED 10 A 71 SBRUB750
20191119,000WZ401,25355,"TELEVISOR SMART 43"" UN43J5290 SAMSUNG        "
20191119,000X6101,21653,SUPORTE TV UNIVERSAL LCD/LED 10 A 71 SBRUB750
20191119,000X2901,21653,SUPORTE TV UNIVERSAL LCD/LED 10 A 71 SBRUB750
20191119,000X1G01,21653,SUPORTE TV UNIVERSAL LCD/LED 10 A 71 SBRUB750
20191119,000X1G01,25997,"TELEVISOR 40"" 40S6500FS HD LED SEMP TCL      "
20191119,99FI2V01,25997,"TELEVISOR 40"" 40S6500FS HD LED SEMP TCL      "
20191119,99FI2V01,21653,SUPORTE TV UNIVERSAL LCD/LED 10 A 71 SBRUB750
20191119,94647901,26243,SUPORTE UNIV. BEDIN BU-25                    
20191119,9O2A7A01,23804,CONJ.SC-AKX700LBK SOM 3X1 PANASONIC          
20191119,000WVL01,21653,SUPORTE TV UNIVERSAL LCD/LED 10 A 71 SBRUB750
20191119,000WVL01,25997,"TELEVISOR 40"" 40S6500FS HD LED SEMP TCL      "
20191119,000X1Q01,21653,SUPORTE TV UNIVERSAL LCD/LED 10 A 71 SBRUB750
20191119,000WVG01,21653,SUPORTE TV UNIVERSAL LCD/LED 10 A 71 SBRUB750
20191119,000WVG01,25997,"TELEVISOR 40"" 40S6500FS HD LED SEMP TCL      "
20191119,000XAV01,21653,SUPORTE TV UNIVERSAL LCD/LED 10 A 71 SBRUB750
20191119,000XAV01,25355,"TELEVISOR SMART 43"" UN43J5290 SAMSUNG        "
20191119,62922201,21855,CELULAR BLU JENNY 2.8 T276 DB PRETO-VERMEL   
20191119,9NZH0M01,21653,SUPORTE TV UNIVERSAL LCD/LED 10 A 71 SBRUB750
20191119,9OLHQV01,20966,PEN DRIVE 32GB PD589 TWIST PRETO             
20191119,89983901,21653,SUPORTE TV UNIVERSAL LCD/LED 10 A 71 SBRUB750
20191119,21357501,25728,SMARTPHONE SAMSUNG GAL J4 CORE 16GB PRETO    
20191119,35884001,26013,SMARTPHONE SAMSUNG GAL A50  A505 64GB BRANCO 
20191119,19177101,25303,"TELEVISOR SMART 32"" TC32FS500B PANASONIC     "
20191119,19177101,21653,SUPORTE TV UNIVERSAL LCD/LED 10 A 71 SBRUB750
20191119,99NENT01,21653,SUPORTE TV UNIVERSAL LCD/LED 10 A 71 SBRUB750
20191119,99IOZV01,20966,PEN DRIVE 32GB PD589 TWIST PRETO             
20191119,15759901,21653,SUPORTE TV UNIVERSAL LCD/LED 10 A 71 SBRUB750
20191119,15759901,25997,"TELEVISOR 40"" 40S6500FS HD LED SEMP TCL      "
20191119,34698101,25997,"TELEVISOR 40"" 40S6500FS HD LED SEMP TCL      "
20191119,9O9LXJ01,21653,SUPORTE TV UNIVERSAL LCD/LED 10 A 71 SBRUB750
20191119,38529001,21653,SUPORTE TV UNIVERSAL LCD/LED 10 A 71 SBRUB750
20191119,10896001,21653,SUPORTE TV UNIVERSAL LCD/LED 10 A 71 SBRUB750
20191119,9O00CZ01,21653,SUPORTE TV UNIVERSAL LCD/LED 10 A 71 SBRUB750
20191119,9OGFNU01,25996,"TELEVISOR 32"" 32S6500S HD LED SEMP TCL       "
20191119,9OGFNU01,21653,SUPORTE TV UNIVERSAL LCD/LED 10 A 71 SBRUB750
20191119,9OKYM801,21653,SUPORTE TV UNIVERSAL LCD/LED 10 A 71 SBRUB750
20191119,99K37Y01,14537,PEN DRIVE 16GB PD588 TWIST PRETO             
20191119,99LCTX01,21653,SUPORTE TV UNIVERSAL LCD/LED 10 A 71 SBRUB750
20191119,99LCTX01,25303,"TELEVISOR SMART 32"" TC32FS500B PANASONIC     "
20191119,99L7D501,21653,SUPORTE TV UNIVERSAL LCD/LED 10 A 71 SBRUB750
20191119,9OO4LN01,21653,SUPORTE TV UNIVERSAL LCD/LED 10 A 71 SBRUB750
20191119,9OO4LN01,25303,"TELEVISOR SMART 32"" TC32FS500B PANASONIC     "
20191119,99QGPO01,21653,SUPORTE TV UNIVERSAL LCD/LED 10 A 71 SBRUB750
20191119,9NZ6S701,25173,SMARTPHONE LG K9 TV LM-X210BMW INDIGO        
20191119,21864201,21653,SUPORTE TV UNIVERSAL LCD/LED 10 A 71 SBRUB750
20191119,63926601,25303,"TELEVISOR SMART 32"" TC32FS500B PANASONIC     "
20191119,63926601,21653,SUPORTE TV UNIVERSAL LCD/LED 10 A 71 SBRUB750
20191119,16392401,26247,SMARTPHONE LG K8 PLUS PRETO                  
20191119,99CKEG01,21653,SUPORTE TV UNIVERSAL LCD/LED 10 A 71 SBRUB750
20191119,99E4LO01,21653,SUPORTE TV UNIVERSAL LCD/LED 10 A 71 SBRUB750
20191119,30219801,25303,"TELEVISOR SMART 32"" TC32FS500B PANASONIC     "
20191119,30219801,21653,SUPORTE TV UNIVERSAL LCD/LED 10 A 71 SBRUB750
20191119,20016601,21653,SUPORTE TV UNIVERSAL LCD/LED 10 A 71 SBRUB750
20191119,20016601,25904,"TELEVISOR SMART 50"" UHD BT UN50RU7100 SAMSUNG"
20191119,80012801,26344,"TELEVISOR SMART 50"" P6US ULTRA HD 4K HDR SEMP"
20191119,80012801,21653,SUPORTE TV UNIVERSAL LCD/LED 10 A 71 SBRUB750
20191119,64490701,21653,SUPORTE TV UNIVERSAL LCD/LED 10 A 71 SBRUB750
20191119,64490701,25870,TABLET NB296 M7S LITE 8GB PRETO              
20191119,90841001,21653,SUPORTE TV UNIVERSAL LCD/LED 10 A 71 SBRUB750
20191119,90841001,25997,"TELEVISOR 40"" 40S6500FS HD LED SEMP TCL      "
20191119,29664601,25726,SMARTPHONE SAMSUNG GAL J2 CORE 16GB PRETO    
20191119,99474001,25726,SMARTPHONE SAMSUNG GAL J2 CORE 16GB PRETO    
20191119,9OQU7301,21653,SUPORTE TV UNIVERSAL LCD/LED 10 A 71 SBRUB750
20191119,9OQU7301,26344,"TELEVISOR SMART 50"" P6US ULTRA HD 4K HDR SEMP"
20191119,60923501,21653,SUPORTE TV UNIVERSAL LCD/LED 10 A 71 SBRUB750
20191119,51146901,25303,"TELEVISOR SMART 32"" TC32FS500B PANASONIC     "
20191119,99A9NM01,21821,PEN DRIVE NANO 16GB PD054 PRETO              
20191119,9OPT1X01,25355,"TELEVISOR SMART 43"" UN43J5290 SAMSUNG        "
20191119,9OPUVN01,21653,SUPORTE TV UNIVERSAL LCD/LED 10 A 71 SBRUB750
20191119,9OPYUQ01,21653,SUPORTE TV UNIVERSAL LCD/LED 10 A 71 SBRUB750
20191119,9O7B6Z01,21653,SUPORTE TV UNIVERSAL LCD/LED 10 A 71 SBRUB750
20191119,00592901,21653,SUPORTE TV UNIVERSAL LCD/LED 10 A 71 SBRUB750
20191119,9OM14Q01,23783,RADIO CJ44 ABRALLK LG                        
20191119,08372301,24911,"TELEVISOR SMART 43"" S3900FS SEMP TCL         "
20191119,08372301,21653,SUPORTE TV UNIVERSAL LCD/LED 10 A 71 SBRUB750
20191119,03500701,21653,SUPORTE TV UNIVERSAL LCD/LED 10 A 71 SBRUB750
20191119,99EZXX01,21653,SUPORTE TV UNIVERSAL LCD/LED 10 A 71 SBRUB750
20191119,99DP3901,25193,SMARTPHONE SAMSUNG GAL J6 32GB PRATA         
20191119,15411101,25173,SMARTPHONE LG K9 TV LM-X210BMW INDIGO        
20191119,91044301,21653,SUPORTE TV UNIVERSAL LCD/LED 10 A 71 SBRUB750
20191119,91044301,26243,SUPORTE UNIV. BEDIN BU-25                    
20191119,99BNTC01,21653,SUPORTE TV UNIVERSAL LCD/LED 10 A 71 SBRUB750
20191119,9O1WVW01,21653,SUPORTE TV UNIVERSAL LCD/LED 10 A 71 SBRUB750
20191119,9O19Y201,26344,"TELEVISOR SMART 50"" P6US ULTRA HD 4K HDR SEMP"
20191119,9O19Y201,21653,SUPORTE TV UNIVERSAL LCD/LED 10 A 71 SBRUB750
20191119,9O8C6P01,25172,SMARTPHONE LG K9 TV LM-X210BMW PRETO         
20191119,9OCSRW01,21653,SUPORTE TV UNIVERSAL LCD/LED 10 A 71 SBRUB750
20191119,9ODW2P01,26344,"TELEVISOR SMART 50"" P6US ULTRA HD 4K HDR SEMP"
20191119,22145301,25999,RADIO AUTOMOTIVO P3335 POP 1 4X25WRMS PT     
20191119,99MNON01,25173,SMARTPHONE LG K9 TV LM-X210BMW INDIGO        
20191119,71071001,21653,SUPORTE TV UNIVERSAL LCD/LED 10 A 71 SBRUB750
20191119,99BO3H01,26344,"TELEVISOR SMART 50"" P6US ULTRA HD 4K HDR SEMP"
20191119,99DHIQ01,26344,"TELEVISOR SMART 50"" P6US ULTRA HD 4K HDR SEMP"
20191119,99DHIQ01,21653,SUPORTE TV UNIVERSAL LCD/LED 10 A 71 SBRUB750
20191119,99C75101,21653,SUPORTE TV UNIVERSAL LCD/LED 10 A 71 SBRUB750
20191119,99C75101,25303,"TELEVISOR SMART 32"" TC32FS500B PANASONIC     "
20191118,000WI801,26344,"TELEVISOR SMART 50"" P6US ULTRA HD 4K HDR SEMP"
20191118,000WI801,21653,SUPORTE TV UNIVERSAL LCD/LED 10 A 71 SBRUB750
20191118,000WD401,21653,SUPORTE TV UNIVERSAL LCD/LED 10 A 71 SBRUB750
20191118,000WK201,21653,SUPORTE TV UNIVERSAL LCD/LED 10 A 71 SBRUB750
20191118,000WJ801,25997,"TELEVISOR 40"" 40S6500FS HD LED SEMP TCL      "
20191118,000WCT01,21653,SUPORTE TV UNIVERSAL LCD/LED 10 A 71 SBRUB750
20191118,05287601,25997,"TELEVISOR 40"" 40S6500FS HD LED SEMP TCL      "
20191118,05287601,21653,SUPORTE TV UNIVERSAL LCD/LED 10 A 71 SBRUB750
20191118,000W5Q01,21653,SUPORTE TV UNIVERSAL LCD/LED 10 A 71 SBRUB750
20191118,000W5N01,24716,RECEPTOR MIDIA BOX HDTV B3                   
20191118,000W5N01,21653,SUPORTE TV UNIVERSAL LCD/LED 10 A 71 SBRUB750
20191118,9OR7WW01,25727,SMARTPHONE SAMSUNG GAL J2 CORE 16GB PRATA    
20191118,99613601,25997,"TELEVISOR 40"" 40S6500FS HD LED SEMP TCL      "
20191118,99613601,21653,SUPORTE TV UNIVERSAL LCD/LED 10 A 71 SBRUB750
20191118,99KVGQ01,21653,SUPORTE TV UNIVERSAL LCD/LED 10 A 71 SBRUB750
20191118,96343801,21653,SUPORTE TV UNIVERSAL LCD/LED 10 A 71 SBRUB750
20191118,99EU4Q01,21256,CELULAR BLU TANK II T193 DB PRETO AZUL       
20191118,63951401,21653,SUPORTE TV UNIVERSAL LCD/LED 10 A 71 SBRUB750
20191118,63951401,26386,SMARTPHONE LG K8 PLUS AZUL                   
20191118,9OGI8001,19729,PEN DRIVE 8GB PD587 TWIST PRETO              
20191118,9OGI8001,26424,CAIXA AMPLIFICADA MCO-09 MULTI CONNECT       
20191118,99PP7601,26007,SMARTPHONE SAMSUNG GAL A30 A305 64GB AZUL    
20191118,99LND501,21653,SUPORTE TV UNIVERSAL LCD/LED 10 A 71 SBRUB750
20191118,99BFUB01,21653,SUPORTE TV UNIVERSAL LCD/LED 10 A 71 SBRUB750
20191118,99EBZY01,25983,SMARTPHONE SAMSUNG GAL A10  A105 32GB VERMELH
20191118,99JTHR01,25303,"TELEVISOR SMART 32"" TC32FS500B PANASONIC     "
20191118,13095801,26344,"TELEVISOR SMART 50"" P6US ULTRA HD 4K HDR SEMP"
20191118,13095801,21653,SUPORTE TV UNIVERSAL LCD/LED 10 A 71 SBRUB750
20191118,18707401,21653,SUPORTE TV UNIVERSAL LCD/LED 10 A 71 SBRUB750
20191118,9OPUWL01,25982,SMARTPHONE SAMSUNG GAL A10  A105 32GB AZUL   
20191118,10221401,26243,SUPORTE UNIV. BEDIN BU-25                    
20191118,9O9BJ801,21653,SUPORTE TV UNIVERSAL LCD/LED 10 A 71 SBRUB750
20191118,9O9BJ801,25997,"TELEVISOR 40"" 40S6500FS HD LED SEMP TCL      "
20191118,9OEYW701,21653,SUPORTE TV UNIVERSAL LCD/LED 10 A 71 SBRUB750
20191118,9OEYW701,25355,"TELEVISOR SMART 43"" UN43J5290 SAMSUNG        "
20191118,9OF2WX01,25997,"TELEVISOR 40"" 40S6500FS HD LED SEMP TCL      "
20191118,9OF2WX01,21653,SUPORTE TV UNIVERSAL LCD/LED 10 A 71 SBRUB750
20191118,99IXUO01,21653,SUPORTE TV UNIVERSAL LCD/LED 10 A 71 SBRUB750
20191118,21864201,25669,"TELEVISOR SMART 43"" 43LK5750PSA.BWZ LG       "
20191118,99C94A01,25997,"TELEVISOR 40"" 40S6500FS HD LED SEMP TCL      "
20191118,99C94A01,21653,SUPORTE TV UNIVERSAL LCD/LED 10 A 71 SBRUB750
20191118,13297101,25303,"TELEVISOR SMART 32"" TC32FS500B PANASONIC     "
20191118,92318501,21653,SUPORTE TV UNIVERSAL LCD/LED 10 A 71 SBRUB750
20191118,73666201,25997,"TELEVISOR 40"" 40S6500FS HD LED SEMP TCL      "
20191118,20888301,21653,SUPORTE TV UNIVERSAL LCD/LED 10 A 71 SBRUB750
20191118,99BG6H01,21653,SUPORTE TV UNIVERSAL LCD/LED 10 A 71 SBRUB750
20191118,76283201,25983,SMARTPHONE SAMSUNG GAL A10  A105 32GB VERMELH
20191118,10592001,21653,SUPORTE TV UNIVERSAL LCD/LED 10 A 71 SBRUB750
20191118,99AY2T01,26007,SMARTPHONE SAMSUNG GAL A30 A305 64GB AZUL    
20191118,91457801,21653,SUPORTE TV UNIVERSAL LCD/LED 10 A 71 SBRUB750
20191118,46761401,21653,SUPORTE TV UNIVERSAL LCD/LED 10 A 71 SBRUB750
20191118,99I1DT01,26243,SUPORTE UNIV. BEDIN BU-25                    
20191118,73663801,21653,SUPORTE TV UNIVERSAL LCD/LED 10 A 71 SBRUB750
20191118,73663801,26344,"TELEVISOR SMART 50"" P6US ULTRA HD 4K HDR SEMP"
20191118,20090201,26243,SUPORTE UNIV. BEDIN BU-25                    
20191118,9O5BUI01,21653,SUPORTE TV UNIVERSAL LCD/LED 10 A 71 SBRUB750
20191118,9O713W01,26345,"TELEVISOR SMART 55"" P6US ULTRA HD 4K HDR SEMP"
20191118,45884501,21653,SUPORTE TV UNIVERSAL LCD/LED 10 A 71 SBRUB750
20191118,45884501,25997,"TELEVISOR 40"" 40S6500FS HD LED SEMP TCL      "
20191118,9OLMHH01,26243,SUPORTE UNIV. BEDIN BU-25                    
20191118,06852401,21653,SUPORTE TV UNIVERSAL LCD/LED 10 A 71 SBRUB750
20191118,9O772Y01,26243,SUPORTE UNIV. BEDIN BU-25                    
20191118,65293501,21653,SUPORTE TV UNIVERSAL LCD/LED 10 A 71 SBRUB750
20191118,99H14001,21653,SUPORTE TV UNIVERSAL LCD/LED 10 A 71 SBRUB750
20191118,9O70XN01,21653,SUPORTE TV UNIVERSAL LCD/LED 10 A 71 SBRUB750
20191118,9O860901,26222,CELULAR INFINITY W201 PRETO                  
20191118,99GG4R01,25303,"TELEVISOR SMART 32"" TC32FS500B PANASONIC     "
20191118,96116301,21653,SUPORTE TV UNIVERSAL LCD/LED 10 A 71 SBRUB750
20191118,96116301,25997,"TELEVISOR 40"" 40S6500FS HD LED SEMP TCL      "
20191118,20818001,21653,SUPORTE TV UNIVERSAL LCD/LED 10 A 71 SBRUB750
20191117,9NZQRH01,21653,SUPORTE TV UNIVERSAL LCD/LED 10 A 71 SBRUB750
20191117,9O1T1P01,21653,SUPORTE TV UNIVERSAL LCD/LED 10 A 71 SBRUB750
20191117,71561501,21653,SUPORTE TV UNIVERSAL LCD/LED 10 A 71 SBRUB750
20191117,71561501,25998,"TELEVISOR 43"" 43S6500FS FULL HD SEMP TCL     "
20191117,85707201,26243,SUPORTE UNIV. BEDIN BU-25                    
20191116,000W0501,21653,SUPORTE TV UNIVERSAL LCD/LED 10 A 71 SBRUB750
20191116,000VN501,21653,SUPORTE TV UNIVERSAL LCD/LED 10 A 71 SBRUB750
20191116,000VX501,25727,SMARTPHONE SAMSUNG GAL J2 CORE 16GB PRATA    
20191116,000VAP01,21653,SUPORTE TV UNIVERSAL LCD/LED 10 A 71 SBRUB750
20191116,000VYL01,21653,SUPORTE TV UNIVERSAL LCD/LED 10 A 71 SBRUB750
20191116,000VQR01,25997,"TELEVISOR 40"" 40S6500FS HD LED SEMP TCL      "
20191116,000VQR01,21653,SUPORTE TV UNIVERSAL LCD/LED 10 A 71 SBRUB750
20191116,000VWV01,25303,"TELEVISOR SMART 32"" TC32FS500B PANASONIC     "
20191116,000VVV01,21653,SUPORTE TV UNIVERSAL LCD/LED 10 A 71 SBRUB750
20191116,99F6VB01,25303,"TELEVISOR SMART 32"" TC32FS500B PANASONIC     "
20191116,99F6VB01,21653,SUPORTE TV UNIVERSAL LCD/LED 10 A 71 SBRUB750
20191116,99FECL01,21653,SUPORTE TV UNIVERSAL LCD/LED 10 A 71 SBRUB750
20191116,9OADU101,21653,SUPORTE TV UNIVERSAL LCD/LED 10 A 71 SBRUB750
20191116,9O29NT01,21653,SUPORTE TV UNIVERSAL LCD/LED 10 A 71 SBRUB750
20191116,000VQR01,14537,PEN DRIVE 16GB PD588 TWIST PRETO             
20191116,9OR3LW01,21653,SUPORTE TV UNIVERSAL LCD/LED 10 A 71 SBRUB750
20191116,9OLI9201,21653,SUPORTE TV UNIVERSAL LCD/LED 10 A 71 SBRUB750
20191116,9OLI9201,26344,"TELEVISOR SMART 50"" P6US ULTRA HD 4K HDR SEMP"
20191116,92894801,25983,SMARTPHONE SAMSUNG GAL A10  A105 32GB VERMELH
20191116,21887301,26003,SMARTPHONE SAMSUNG GAL A20  A205 32GB PRETO  
20191116,46547601,25241,PEN DRIVE MC162 2X1 LEITOR USB SD 16GB       
20191116,46547601,20966,PEN DRIVE 32GB PD589 TWIST PRETO             
20191116,9OJKI501,25676,SMARTPHONE MOTOROLA MOTO G7 PLAY XT1952-5 DR 
20191116,9NXFC501,26008,SMARTPHONE SAMSUNG GAL A30  A305 64GB BRANCO 
20191116,9NZKGR01,21653,SUPORTE TV UNIVERSAL LCD/LED 10 A 71 SBRUB750
20191116,33969501,21653,SUPORTE TV UNIVERSAL LCD/LED 10 A 71 SBRUB750
20191116,9ON9NA01,25983,SMARTPHONE SAMSUNG GAL A10  A105 32GB VERMELH
20191116,9O7VZA01,21653,SUPORTE TV UNIVERSAL LCD/LED 10 A 71 SBRUB750
20191116,99CN4I01,21653,SUPORTE TV UNIVERSAL LCD/LED 10 A 71 SBRUB750
20191116,30361801,26243,SUPORTE UNIV. BEDIN BU-25                    
20191116,99ECS901,26243,SUPORTE UNIV. BEDIN BU-25                    
20191116,9OETXZ01,25983,SMARTPHONE SAMSUNG GAL A10  A105 32GB VERMELH
20191116,9O747501,21653,SUPORTE TV UNIVERSAL LCD/LED 10 A 71 SBRUB750
20191116,09630501,21653,SUPORTE TV UNIVERSAL LCD/LED 10 A 71 SBRUB750
20191116,09630501,25303,"TELEVISOR SMART 32"" TC32FS500B PANASONIC     "
20191116,9O8A5101,21653,SUPORTE TV UNIVERSAL LCD/LED 10 A 71 SBRUB750
20191116,99FHAL01,21653,SUPORTE TV UNIVERSAL LCD/LED 10 A 71 SBRUB750
20191116,9O4KQ001,26243,SUPORTE UNIV. BEDIN BU-25                    
20191116,25205401,23375,"TELEVISOR SMART 40"" KDL-40W655D SONY         "
20191116,25205401,21653,SUPORTE TV UNIVERSAL LCD/LED 10 A 71 SBRUB750
20191116,9OR1Z501,21653,SUPORTE TV UNIVERSAL LCD/LED 10 A 71 SBRUB750
20191116,99MOOX01,26006,SMARTPHONE SAMSUNG GAL A30 A305 64GB PRETO   
20191116,21098101,21653,SUPORTE TV UNIVERSAL LCD/LED 10 A 71 SBRUB750
20191116,79497801,26004,SMARTPHONE SAMSUNG GAL A20  A205 32GB AZUL   
20191116,10592001,26344,"TELEVISOR SMART 50"" P6US ULTRA HD 4K HDR SEMP"
20191116,95590101,26344,"TELEVISOR SMART 50"" P6US ULTRA HD 4K HDR SEMP"
20191116,95590101,21653,SUPORTE TV UNIVERSAL LCD/LED 10 A 71 SBRUB750
20191116,25233101,21653,SUPORTE TV UNIVERSAL LCD/LED 10 A 71 SBRUB750
20191116,59894301,21653,SUPORTE TV UNIVERSAL LCD/LED 10 A 71 SBRUB750
20191116,66749001,21653,SUPORTE TV UNIVERSAL LCD/LED 10 A 71 SBRUB750
20191116,9O22Q401,21653,SUPORTE TV UNIVERSAL LCD/LED 10 A 71 SBRUB750
20191116,9OQ5SE01,26344,"TELEVISOR SMART 50"" P6US ULTRA HD 4K HDR SEMP"
20191116,9OQ5SE01,21653,SUPORTE TV UNIVERSAL LCD/LED 10 A 71 SBRUB750
20191116,92150401,25366,TABLET NB728 MINI MS40G PRETO                
20191116,95812401,21653,SUPORTE TV UNIVERSAL LCD/LED 10 A 71 SBRUB750
20191116,99DBEV01,25997,"TELEVISOR 40"" 40S6500FS HD LED SEMP TCL      "
20191116,99DBEV01,21653,SUPORTE TV UNIVERSAL LCD/LED 10 A 71 SBRUB750
20191116,59894301,21653,SUPORTE TV UNIVERSAL LCD/LED 10 A 71 SBRUB750
20191116,9OKQL401,21653,SUPORTE TV UNIVERSAL LCD/LED 10 A 71 SBRUB750
20191116,9OPCD801,26007,SMARTPHONE SAMSUNG GAL A30 A305 64GB AZUL    
20191116,9OKQL401,25303,"TELEVISOR SMART 32"" TC32FS500B PANASONIC     "
20191116,9OM14Q01,25998,"TELEVISOR 43"" 43S6500FS FULL HD SEMP TCL     "
20191116,26898101,21653,SUPORTE TV UNIVERSAL LCD/LED 10 A 71 SBRUB750
20191116,99LQUK01,21653,SUPORTE TV UNIVERSAL LCD/LED 10 A 71 SBRUB750
20191116,99IVPD01,21653,SUPORTE TV UNIVERSAL LCD/LED 10 A 71 SBRUB750
20191116,99IVPD01,26344,"TELEVISOR SMART 50"" P6US ULTRA HD 4K HDR SEMP"
20191116,99DNDW01,25726,SMARTPHONE SAMSUNG GAL J2 CORE 16GB PRETO    
20191116,99DNDW01,21653,SUPORTE TV UNIVERSAL LCD/LED 10 A 71 SBRUB750
20191116,99DNDW01,25354,"TELEVISOR SMART 32"" UN32J4290 SAMSUNG        "
20191116,9O9L3G01,21653,SUPORTE TV UNIVERSAL LCD/LED 10 A 71 SBRUB750
20191116,9O9L3G01,26344,"TELEVISOR SMART 50"" P6US ULTRA HD 4K HDR SEMP"
20191116,99MKQL01,26243,SUPORTE UNIV. BEDIN BU-25                    
20191116,99MKQL01,26243,SUPORTE UNIV. BEDIN BU-25                    
20191116,99MKQL01,26243,SUPORTE UNIV. BEDIN BU-25                    
20191116,99MJEP01,21653,SUPORTE TV UNIVERSAL LCD/LED 10 A 71 SBRUB750
20191116,9O4KC001,21653,SUPORTE TV UNIVERSAL LCD/LED 10 A 71 SBRUB750
20191116,22115401,21653,SUPORTE TV UNIVERSAL LCD/LED 10 A 71 SBRUB750
20191116,22115401,25303,"TELEVISOR SMART 32"" TC32FS500B PANASONIC     "
20191116,76233901,21653,SUPORTE TV UNIVERSAL LCD/LED 10 A 71 SBRUB750
20191116,75282301,21647,DVD D-15 KARAOKE MONDIAL                     
20191116,75282301,21653,SUPORTE TV UNIVERSAL LCD/LED 10 A 71 SBRUB750
20191116,75282301,25303,"TELEVISOR SMART 32"" TC32FS500B PANASONIC     "
20191116,99DUXL01,21653,SUPORTE TV UNIVERSAL LCD/LED 10 A 71 SBRUB750
20191116,90316601,21653,SUPORTE TV UNIVERSAL LCD/LED 10 A 71 SBRUB750
20191115,49342401,21653,SUPORTE TV UNIVERSAL LCD/LED 10 A 71 SBRUB750
20191115,30912901,25303,"TELEVISOR SMART 32"" TC32FS500B PANASONIC     "
20191115,30912901,26243,SUPORTE UNIV. BEDIN BU-25                    
20191115,30912901,21653,SUPORTE TV UNIVERSAL LCD/LED 10 A 71 SBRUB750
20191115,98858401,21653,SUPORTE TV UNIVERSAL LCD/LED 10 A 71 SBRUB750
20191115,99PQ4501,25997,"TELEVISOR 40"" 40S6500FS HD LED SEMP TCL      "
20191115,99PQ4501,21653,SUPORTE TV UNIVERSAL LCD/LED 10 A 71 SBRUB750
20191115,9OKJG601,25303,"TELEVISOR SMART 32"" TC32FS500B PANASONIC     "
20191115,46398601,21653,SUPORTE TV UNIVERSAL LCD/LED 10 A 71 SBRUB750
20191115,9O7UDM01,26344,"TELEVISOR SMART 50"" P6US ULTRA HD 4K HDR SEMP"
20191115,9O7UDM01,21653,SUPORTE TV UNIVERSAL LCD/LED 10 A 71 SBRUB750
20191115,9OBZAO01,26005,SMARTPHONE SAMSUNG GAL A20  A205 32GB VERM   
20191115,9OCO0301,21653,SUPORTE TV UNIVERSAL LCD/LED 10 A 71 SBRUB750
20191115,9ODS5101,21653,SUPORTE TV UNIVERSAL LCD/LED 10 A 71 SBRUB750
20191115,9ODS5101,26222,CELULAR INFINITY W201 PRETO                  
20191115,9ODS5101,22617,CELULAR RIU-I R200 DB PRETO-VERMELHO         
20191115,58232101,25354,"TELEVISOR SMART 32"" UN32J4290 SAMSUNG        "
20191115,58232101,21653,SUPORTE TV UNIVERSAL LCD/LED 10 A 71 SBRUB750
20191114,000UJ901,21653,SUPORTE TV UNIVERSAL LCD/LED 10 A 71 SBRUB750
20191114,000UKR01,21653,SUPORTE TV UNIVERSAL LCD/LED 10 A 71 SBRUB750
20191114,000UKR01,25996,"TELEVISOR 32"" 32S6500S HD LED SEMP TCL       "
20191114,000URF01,25996,"TELEVISOR 32"" 32S6500S HD LED SEMP TCL       "
20191114,000URF01,21653,SUPORTE TV UNIVERSAL LCD/LED 10 A 71 SBRUB750
20191114,000UTE01,21653,SUPORTE TV UNIVERSAL LCD/LED 10 A 71 SBRUB750
20191114,000UN301,21653,SUPORTE TV UNIVERSAL LCD/LED 10 A 71 SBRUB750
20191114,9O5ZDZ01,21653,SUPORTE TV UNIVERSAL LCD/LED 10 A 71 SBRUB750
20191114,9O5ZDZ01,25303,"TELEVISOR SMART 32"" TC32FS500B PANASONIC     "
20191114,48353301,25303,"TELEVISOR SMART 32"" TC32FS500B PANASONIC     "
20191114,48353301,26460,CAIXA DE SOM AMPLIF.TROLLEY 8 POL SP329      
20191114,9O0BON01,21653,SUPORTE TV UNIVERSAL LCD/LED 10 A 71 SBRUB750
20191114,96137101,21653,SUPORTE TV UNIVERSAL LCD/LED 10 A 71 SBRUB750
20191114,9O343C01,26243,SUPORTE UNIV. BEDIN BU-25                    
20191114,95555901,21653,SUPORTE TV UNIVERSAL LCD/LED 10 A 71 SBRUB750
20191114,48353301,21653,SUPORTE TV UNIVERSAL LCD/LED 10 A 71 SBRUB750
20191114,68739601,21653,SUPORTE TV UNIVERSAL LCD/LED 10 A 71 SBRUB750
20191114,47402201,21653,SUPORTE TV UNIVERSAL LCD/LED 10 A 71 SBRUB750
20191114,99BFJW01,26344,"TELEVISOR SMART 50"" P6US ULTRA HD 4K HDR SEMP"
20191114,99BFJW01,21653,SUPORTE TV UNIVERSAL LCD/LED 10 A 71 SBRUB750
20191114,31465201,21653,SUPORTE TV UNIVERSAL LCD/LED 10 A 71 SBRUB750
20191114,99JLA001,26179,"TELEVISOR SMART 32"" S3900S SEMP TCL          "
20191114,74582501,21653,SUPORTE TV UNIVERSAL LCD/LED 10 A 71 SBRUB750
20191114,9OHAA901,26344,"TELEVISOR SMART 50"" P6US ULTRA HD 4K HDR SEMP"
20191114,99HHQ001,21653,SUPORTE TV UNIVERSAL LCD/LED 10 A 71 SBRUB750
20191114,9OCP6G01,21653,SUPORTE TV UNIVERSAL LCD/LED 10 A 71 SBRUB750
20191114,9O7U6U01,21653,SUPORTE TV UNIVERSAL LCD/LED 10 A 71 SBRUB750
20191114,24163701,26243,SUPORTE UNIV. BEDIN BU-25                    
20191114,99FR0Y01,26243,SUPORTE UNIV. BEDIN BU-25                    
20191114,99FR0Y01,21653,SUPORTE TV UNIVERSAL LCD/LED 10 A 71 SBRUB750
20191114,99854001,21653,SUPORTE TV UNIVERSAL LCD/LED 10 A 71 SBRUB750
20191114,9NYSZ501,21653,SUPORTE TV UNIVERSAL LCD/LED 10 A 71 SBRUB750
20191114,9NYSZ501,26243,SUPORTE UNIV. BEDIN BU-25                    
20191114,9OA01Q01,26344,"TELEVISOR SMART 50"" P6US ULTRA HD 4K HDR SEMP"
20191114,53055601,25871,SMARTPHONE LG K12 PLUS PRETO                 
20191114,97820201,21653,SUPORTE TV UNIVERSAL LCD/LED 10 A 71 SBRUB750
20191114,97820201,25354,"TELEVISOR SMART 32"" UN32J4290 SAMSUNG        "
20191114,99BVG101,21653,SUPORTE TV UNIVERSAL LCD/LED 10 A 71 SBRUB750
20191114,99K9UT01,21653,SUPORTE TV UNIVERSAL LCD/LED 10 A 71 SBRUB750
20191114,03955101,21653,SUPORTE TV UNIVERSAL LCD/LED 10 A 71 SBRUB750
20191114,04378301,21653,SUPORTE TV UNIVERSAL LCD/LED 10 A 71 SBRUB750
20191114,04378301,25554,TELEVISOR SMART 32 PTV32N87SA LED PHILCO     
20191114,34096601,26003,SMARTPHONE SAMSUNG GAL A20  A205 32GB PRETO  
20191114,47678301,26243,SUPORTE UNIV. BEDIN BU-25                    
20191114,05280701,25303,"TELEVISOR SMART 32"" TC32FS500B PANASONIC     "
20191114,05280701,21653,SUPORTE TV UNIVERSAL LCD/LED 10 A 71 SBRUB750
20191114,60472001,26243,SUPORTE UNIV. BEDIN BU-25                    
20191114,9OQMTA01,25303,"TELEVISOR SMART 32"" TC32FS500B PANASONIC     "
20191114,9OQMTA01,21653,SUPORTE TV UNIVERSAL LCD/LED 10 A 71 SBRUB750
20191114,9OQUHZ01,21653,SUPORTE TV UNIVERSAL LCD/LED 10 A 71 SBRUB750
20191114,9OOT5W01,26222,CELULAR INFINITY W201 PRETO                  
20191114,99E9EC01,21653,SUPORTE TV UNIVERSAL LCD/LED 10 A 71 SBRUB750
20191114,16954001,26344,"TELEVISOR SMART 50"" P6US ULTRA HD 4K HDR SEMP"
20191114,9O1GQG01,25184,"TELEVISOR SMART 50"" 4K UN50NU7100 SAMSUNG    "
20191114,9O1GQG01,21653,SUPORTE TV UNIVERSAL LCD/LED 10 A 71 SBRUB750
20191114,9O0Q0I01,25870,TABLET NB296 M7S LITE 8GB PRETO              
20191114,16015701,23375,"TELEVISOR SMART 40"" KDL-40W655D SONY         "
20191114,94903801,21653,SUPORTE TV UNIVERSAL LCD/LED 10 A 71 SBRUB750
20191114,9OCEYS01,21653,SUPORTE TV UNIVERSAL LCD/LED 10 A 71 SBRUB750
20191114,9OCEYS01,25355,"TELEVISOR SMART 43"" UN43J5290 SAMSUNG        "
20191114,9O0DK001,21653,SUPORTE TV UNIVERSAL LCD/LED 10 A 71 SBRUB750
20191114,9O8X7M01,21653,SUPORTE TV UNIVERSAL LCD/LED 10 A 71 SBRUB750
20191114,9OF4RE01,21653,SUPORTE TV UNIVERSAL LCD/LED 10 A 71 SBRUB750
20191114,9OF4RE01,25355,"TELEVISOR SMART 43"" UN43J5290 SAMSUNG        "
20191114,9OEDDR01,21821,PEN DRIVE NANO 16GB PD054 PRETO              
20191114,9NYMYJ01,21653,SUPORTE TV UNIVERSAL LCD/LED 10 A 71 SBRUB750
20191114,99FAY401,21653,SUPORTE TV UNIVERSAL LCD/LED 10 A 71 SBRUB750
20191114,45755701,21653,SUPORTE TV UNIVERSAL LCD/LED 10 A 71 SBRUB750
20191114,25996301,23783,RADIO CJ44 ABRALLK LG                        
20191114,29186801,25997,"TELEVISOR 40"" 40S6500FS HD LED SEMP TCL      "
20191114,29186801,21653,SUPORTE TV UNIVERSAL LCD/LED 10 A 71 SBRUB750
20191114,99GC0701,21653,SUPORTE TV UNIVERSAL LCD/LED 10 A 71 SBRUB750
20191114,97703501,21653,SUPORTE TV UNIVERSAL LCD/LED 10 A 71 SBRUB750
20191114,18622301,26243,SUPORTE UNIV. BEDIN BU-25                    
20191114,18622301,26243,SUPORTE UNIV. BEDIN BU-25                    
20191114,20554201,26344,"TELEVISOR SMART 50"" P6US ULTRA HD 4K HDR SEMP"
20191114,99761801,21653,SUPORTE TV UNIVERSAL LCD/LED 10 A 71 SBRUB750
20191114,99761801,25997,"TELEVISOR 40"" 40S6500FS HD LED SEMP TCL      "
20191114,09105201,26243,SUPORTE UNIV. BEDIN BU-25                    
20191113,27427001,21653,SUPORTE TV UNIVERSAL LCD/LED 10 A 71 SBRUB750
20191113,57527601,25996,"TELEVISOR 32"" 32S6500S HD LED SEMP TCL       "
20191113,57527601,21653,SUPORTE TV UNIVERSAL LCD/LED 10 A 71 SBRUB750
20191113,94526101,21653,SUPORTE TV UNIVERSAL LCD/LED 10 A 71 SBRUB750
20191113,01337701,21653,SUPORTE TV UNIVERSAL LCD/LED 10 A 71 SBRUB750
20191113,57802501,21653,SUPORTE TV UNIVERSAL LCD/LED 10 A 71 SBRUB750
20191113,57802501,25996,"TELEVISOR 32"" 32S6500S HD LED SEMP TCL       "
20191113,78974201,23375,"TELEVISOR SMART 40"" KDL-40W655D SONY         "
20191113,78974201,25545,"TELEVISOR SMART 40"" TC40FS600B PANASONIC     "
20191113,78974201,21653,SUPORTE TV UNIVERSAL LCD/LED 10 A 71 SBRUB750
20191113,99CBQW01,21653,SUPORTE TV UNIVERSAL LCD/LED 10 A 71 SBRUB750
20191113,99L28101,21653,SUPORTE TV UNIVERSAL LCD/LED 10 A 71 SBRUB750
20191113,99MFJW01,25996,"TELEVISOR 32"" 32S6500S HD LED SEMP TCL       "
20191113,99MFJW01,21653,SUPORTE TV UNIVERSAL LCD/LED 10 A 71 SBRUB750
20191113,9O105T01,21653,SUPORTE TV UNIVERSAL LCD/LED 10 A 71 SBRUB750
20191113,9O6HVC01,21653,SUPORTE TV UNIVERSAL LCD/LED 10 A 71 SBRUB750
20191113,9OB8V701,22978,CONJ.SC-AKX100LBK PANASONIC                  
20191113,99AMCQ01,25996,"TELEVISOR 32"" 32S6500S HD LED SEMP TCL       "
20191113,99AMCQ01,21653,SUPORTE TV UNIVERSAL LCD/LED 10 A 71 SBRUB750
20191113,9OBA5901,21653,SUPORTE TV UNIVERSAL LCD/LED 10 A 71 SBRUB750
20191113,21719001,25905,"TELEVISOR SMART 55"" UHD BT UN55RU7100 SAMSUNG"
20191113,21719001,21653,SUPORTE TV UNIVERSAL LCD/LED 10 A 71 SBRUB750
20191113,99KWS201,25996,"TELEVISOR 32"" 32S6500S HD LED SEMP TCL       "
20191113,99KWS201,21653,SUPORTE TV UNIVERSAL LCD/LED 10 A 71 SBRUB750
20191113,89867101,25996,"TELEVISOR 32"" 32S6500S HD LED SEMP TCL       "
20191113,89867101,21653,SUPORTE TV UNIVERSAL LCD/LED 10 A 71 SBRUB750
20191113,9O9U6D01,21653,SUPORTE TV UNIVERSAL LCD/LED 10 A 71 SBRUB750
20191113,99K3V501,25173,SMARTPHONE LG K9 TV LM-X210BMW INDIGO        
20191113,9OJ9YL01,25996,"TELEVISOR 32"" 32S6500S HD LED SEMP TCL       "
20191113,9OJ9YL01,21653,SUPORTE TV UNIVERSAL LCD/LED 10 A 71 SBRUB750
20191113,99GYH001,21653,SUPORTE TV UNIVERSAL LCD/LED 10 A 71 SBRUB750
20191113,95151901,25996,"TELEVISOR 32"" 32S6500S HD LED SEMP TCL       "
20191113,95151901,21653,SUPORTE TV UNIVERSAL LCD/LED 10 A 71 SBRUB750
20191113,20090201,21653,SUPORTE TV UNIVERSAL LCD/LED 10 A 71 SBRUB750
20191113,99IU0W01,21653,SUPORTE TV UNIVERSAL LCD/LED 10 A 71 SBRUB750
20191113,99IU0W01,25996,"TELEVISOR 32"" 32S6500S HD LED SEMP TCL       "
20191113,99H1K401,21653,SUPORTE TV UNIVERSAL LCD/LED 10 A 71 SBRUB750
20191113,99H1K401,23375,"TELEVISOR SMART 40"" KDL-40W655D SONY         "
20191113,9OPKAJ01,21653,SUPORTE TV UNIVERSAL LCD/LED 10 A 71 SBRUB750
20191113,99BBAU01,21653,SUPORTE TV UNIVERSAL LCD/LED 10 A 71 SBRUB750
20191113,32303801,21653,SUPORTE TV UNIVERSAL LCD/LED 10 A 71 SBRUB750
20191113,98857701,21653,SUPORTE TV UNIVERSAL LCD/LED 10 A 71 SBRUB750
20191113,99ECFA01,14537,PEN DRIVE 16GB PD588 TWIST PRETO             
20191113,15570601,21653,SUPORTE TV UNIVERSAL LCD/LED 10 A 71 SBRUB750
20191113,86345901,21653,SUPORTE TV UNIVERSAL LCD/LED 10 A 71 SBRUB750
20191113,99K63A01,21653,SUPORTE TV UNIVERSAL LCD/LED 10 A 71 SBRUB750
20191113,99NEFB01,21653,SUPORTE TV UNIVERSAL LCD/LED 10 A 71 SBRUB750
20191113,99NEFB01,25545,"TELEVISOR SMART 40"" TC40FS600B PANASONIC     "
20191113,70728501,26243,SUPORTE UNIV. BEDIN BU-25                    
20191113,9NZU8901,21653,SUPORTE TV UNIVERSAL LCD/LED 10 A 71 SBRUB750
20191113,9OA52U01,25996,"TELEVISOR 32"" 32S6500S HD LED SEMP TCL       "
20191113,9O7U6U01,23376,"TELEVISOR SMART 48"" KDL-48W655D SONY         "
20191113,17095101,21653,SUPORTE TV UNIVERSAL LCD/LED 10 A 71 SBRUB750
20191113,99E6O101,21653,SUPORTE TV UNIVERSAL LCD/LED 10 A 71 SBRUB750
20191113,99B73P01,21653,SUPORTE TV UNIVERSAL LCD/LED 10 A 71 SBRUB750
20191113,00781601,25996,"TELEVISOR 32"" 32S6500S HD LED SEMP TCL       "
20191113,00781601,21653,SUPORTE TV UNIVERSAL LCD/LED 10 A 71 SBRUB750
20191113,9OFWZX01,21653,SUPORTE TV UNIVERSAL LCD/LED 10 A 71 SBRUB750
20191113,9OFWZX01,25996,"TELEVISOR 32"" 32S6500S HD LED SEMP TCL       "
20191113,99DFQN01,25679,SMARTPHONE MOTOROLA MOTO G7 XT1962-4 DB ONIX 
20191113,05027501,21821,PEN DRIVE NANO 16GB PD054 PRETO              
20191113,9NY3JL01,21653,SUPORTE TV UNIVERSAL LCD/LED 10 A 71 SBRUB750
20191113,12541801,21653,SUPORTE TV UNIVERSAL LCD/LED 10 A 71 SBRUB750
20191113,84609401,21653,SUPORTE TV UNIVERSAL LCD/LED 10 A 71 SBRUB750
20191113,000UAB01,21653,SUPORTE TV UNIVERSAL LCD/LED 10 A 71 SBRUB750
20191113,000U9P01,25996,"TELEVISOR 32"" 32S6500S HD LED SEMP TCL       "
20191113,000U9P01,21653,SUPORTE TV UNIVERSAL LCD/LED 10 A 71 SBRUB750
20191113,9OEOC301,21653,SUPORTE TV UNIVERSAL LCD/LED 10 A 71 SBRUB750
20191113,000U1K01,21653,SUPORTE TV UNIVERSAL LCD/LED 10 A 71 SBRUB750
20191112,9OEOC301,25998,"TELEVISOR 43"" 43S6500FS FULL HD SEMP TCL     "
20191112,000TMY01,21653,SUPORTE TV UNIVERSAL LCD/LED 10 A 71 SBRUB750
20191112,000TKF01,21653,SUPORTE TV UNIVERSAL LCD/LED 10 A 71 SBRUB750
20191112,000TKF01,25998,"TELEVISOR 43"" 43S6500FS FULL HD SEMP TCL     "
20191112,9NYAXK01,25675,SMARTPHONE MOTOROLA MOTO G7 PLAY XT1952-5 IND
20191112,000TWS01,21653,SUPORTE TV UNIVERSAL LCD/LED 10 A 71 SBRUB750
20191112,9NY07X01,21653,SUPORTE TV UNIVERSAL LCD/LED 10 A 71 SBRUB750
20191112,9NY07X01,25996,"TELEVISOR 32"" 32S6500S HD LED SEMP TCL       "
20191112,9NZ3PZ01,21653,SUPORTE TV UNIVERSAL LCD/LED 10 A 71 SBRUB750
20191112,99IRSQ01,22978,CONJ.SC-AKX100LBK PANASONIC                  
20191112,99IRSQ01,21653,SUPORTE TV UNIVERSAL LCD/LED 10 A 71 SBRUB750
20191112,99D4NR01,21653,SUPORTE TV UNIVERSAL LCD/LED 10 A 71 SBRUB750
20191112,99D4NR01,25996,"TELEVISOR 32"" 32S6500S HD LED SEMP TCL       "
20191112,9O4RJF01,21653,SUPORTE TV UNIVERSAL LCD/LED 10 A 71 SBRUB750
20191112,9O4RJF01,25997,"TELEVISOR 40"" 40S6500FS HD LED SEMP TCL      "
20191112,99B73P01,26344,"TELEVISOR SMART 50"" P6US ULTRA HD 4K HDR SEMP"
20191112,9O4CUE01,21653,SUPORTE TV UNIVERSAL LCD/LED 10 A 71 SBRUB750
20191112,46666301,21653,SUPORTE TV UNIVERSAL LCD/LED 10 A 71 SBRUB750
20191112,99BIIO01,21653,SUPORTE TV UNIVERSAL LCD/LED 10 A 71 SBRUB750
20191112,9OEBZU01,21653,SUPORTE TV UNIVERSAL LCD/LED 10 A 71 SBRUB750
20191112,99JGIF01,21653,SUPORTE TV UNIVERSAL LCD/LED 10 A 71 SBRUB750
20191112,82171001,21653,SUPORTE TV UNIVERSAL LCD/LED 10 A 71 SBRUB750
20191112,99D1H601,25239,TABLET NB710 MS60 PRETO/PRATA MULTILASER     
20191112,99D19T01,21653,SUPORTE TV UNIVERSAL LCD/LED 10 A 71 SBRUB750
20191112,9NYEYO01,21653,SUPORTE TV UNIVERSAL LCD/LED 10 A 71 SBRUB750
20191112,11191901,21653,SUPORTE TV UNIVERSAL LCD/LED 10 A 71 SBRUB750
20191112,17678701,21653,SUPORTE TV UNIVERSAL LCD/LED 10 A 71 SBRUB750
20191112,9OA01Q01,21653,SUPORTE TV UNIVERSAL LCD/LED 10 A 71 SBRUB750
20191112,9OKVJF01,21653,SUPORTE TV UNIVERSAL LCD/LED 10 A 71 SBRUB750
20191112,9OOOTU01,21653,SUPORTE TV UNIVERSAL LCD/LED 10 A 71 SBRUB750
20191112,99569401,21653,SUPORTE TV UNIVERSAL LCD/LED 10 A 71 SBRUB750
20191112,99F48V01,21653,SUPORTE TV UNIVERSAL LCD/LED 10 A 71 SBRUB750
20191112,99F48V01,25545,"TELEVISOR SMART 40"" TC40FS600B PANASONIC     "
20191112,99JB9Q01,25676,SMARTPHONE MOTOROLA MOTO G7 PLAY XT1952-5 DR 
20191112,99ID5O01,21653,SUPORTE TV UNIVERSAL LCD/LED 10 A 71 SBRUB750
20191112,99K56W01,21653,SUPORTE TV UNIVERSAL LCD/LED 10 A 71 SBRUB750
20191112,9OR6BL01,21653,SUPORTE TV UNIVERSAL LCD/LED 10 A 71 SBRUB750
20191112,9O3OSQ01,21653,SUPORTE TV UNIVERSAL LCD/LED 10 A 71 SBRUB750
20191112,9O3OSQ01,26344,"TELEVISOR SMART 50"" P6US ULTRA HD 4K HDR SEMP"
20191112,9O4YDP01,21653,SUPORTE TV UNIVERSAL LCD/LED 10 A 71 SBRUB750
20191112,9O35RV01,21653,SUPORTE TV UNIVERSAL LCD/LED 10 A 71 SBRUB750
20191112,96633401,25355,"TELEVISOR SMART 43"" UN43J5290 SAMSUNG        "
20191112,96633401,21653,SUPORTE TV UNIVERSAL LCD/LED 10 A 71 SBRUB750
20191112,96633401,24716,RECEPTOR MIDIA BOX HDTV B3                   
20191112,03038301,21653,SUPORTE TV UNIVERSAL LCD/LED 10 A 71 SBRUB750
20191112,99HIKW01,21653,SUPORTE TV UNIVERSAL LCD/LED 10 A 71 SBRUB750
20191112,9OQSB701,21653,SUPORTE TV UNIVERSAL LCD/LED 10 A 71 SBRUB750
20191112,9OQSB701,25996,"TELEVISOR 32"" 32S6500S HD LED SEMP TCL       "
20191112,99IVWR01,21653,SUPORTE TV UNIVERSAL LCD/LED 10 A 71 SBRUB750
20191112,91807501,21653,SUPORTE TV UNIVERSAL LCD/LED 10 A 71 SBRUB750
20191112,99DK6R01,21653,SUPORTE TV UNIVERSAL LCD/LED 10 A 71 SBRUB750
20191112,60145501,25354,"TELEVISOR SMART 32"" UN32J4290 SAMSUNG        "
20191112,27292201,21653,SUPORTE TV UNIVERSAL LCD/LED 10 A 71 SBRUB750
20191112,00594801,21653,SUPORTE TV UNIVERSAL LCD/LED 10 A 71 SBRUB750
20191112,18219701,21653,SUPORTE TV UNIVERSAL LCD/LED 10 A 71 SBRUB750
20191112,70518101,21653,SUPORTE TV UNIVERSAL LCD/LED 10 A 71 SBRUB750
20191112,99ELE501,26243,SUPORTE UNIV. BEDIN BU-25                    
20191112,63837301,21653,SUPORTE TV UNIVERSAL LCD/LED 10 A 71 SBRUB750
20191112,99C2BN01,23376,"TELEVISOR SMART 48"" KDL-48W655D SONY         "
20191112,53277101,21653,SUPORTE TV UNIVERSAL LCD/LED 10 A 71 SBRUB750
20191112,97835601,21653,SUPORTE TV UNIVERSAL LCD/LED 10 A 71 SBRUB750
20191112,79086101,21653,SUPORTE TV UNIVERSAL LCD/LED 10 A 71 SBRUB750
20191112,03991501,25998,"TELEVISOR 43"" 43S6500FS FULL HD SEMP TCL     "
20191112,03991501,21653,SUPORTE TV UNIVERSAL LCD/LED 10 A 71 SBRUB750
20191112,99KNIY01,26243,SUPORTE UNIV. BEDIN BU-25                    
20191112,20881001,21653,SUPORTE TV UNIVERSAL LCD/LED 10 A 71 SBRUB750
20191112,13474401,21653,SUPORTE TV UNIVERSAL LCD/LED 10 A 71 SBRUB750
20191112,48574401,25998,"TELEVISOR 43"" 43S6500FS FULL HD SEMP TCL     "
20191112,48574401,23376,"TELEVISOR SMART 48"" KDL-48W655D SONY         "
20191112,48574401,21653,SUPORTE TV UNIVERSAL LCD/LED 10 A 71 SBRUB750
20191112,17027701,26243,SUPORTE UNIV. BEDIN BU-25                    
20191112,9OLW2G01,21653,SUPORTE TV UNIVERSAL LCD/LED 10 A 71 SBRUB750
20191112,30754201,21653,SUPORTE TV UNIVERSAL LCD/LED 10 A 71 SBRUB750
20191112,30754201,21653,SUPORTE TV UNIVERSAL LCD/LED 10 A 71 SBRUB750
20191112,99IIEY01,21653,SUPORTE TV UNIVERSAL LCD/LED 10 A 71 SBRUB750
20191112,28896201,21653,SUPORTE TV UNIVERSAL LCD/LED 10 A 71 SBRUB750
20191112,28896201,25996,"TELEVISOR 32"" 32S6500S HD LED SEMP TCL       "
20191112,71703801,25245,TABLET NB731 MINI MS50G DOURADO/BRANCO       
20191112,9NYJXS01,25998,"TELEVISOR 43"" 43S6500FS FULL HD SEMP TCL     "
20191112,9NYJXS01,21653,SUPORTE TV UNIVERSAL LCD/LED 10 A 71 SBRUB750
20191112,9O0PHG01,21653,SUPORTE TV UNIVERSAL LCD/LED 10 A 71 SBRUB750
20191112,9O0PHG01,26325,"TELEVISOR SMART 43"" 43S5300 HD BLUET SEMP TCL"
20191112,20589801,21653,SUPORTE TV UNIVERSAL LCD/LED 10 A 71 SBRUB750
20191112,84753201,21653,SUPORTE TV UNIVERSAL LCD/LED 10 A 71 SBRUB750
20191112,23585001,21653,SUPORTE TV UNIVERSAL LCD/LED 10 A 71 SBRUB750
20191112,11790401,21653,SUPORTE TV UNIVERSAL LCD/LED 10 A 71 SBRUB750
20191112,99A3RY01,21653,SUPORTE TV UNIVERSAL LCD/LED 10 A 71 SBRUB750
20191112,99A3RY01,21653,SUPORTE TV UNIVERSAL LCD/LED 10 A 71 SBRUB750
20191112,69017001,21653,SUPORTE TV UNIVERSAL LCD/LED 10 A 71 SBRUB750
20191112,9OH1BV01,25996,"TELEVISOR 32"" 32S6500S HD LED SEMP TCL       "
20191112,9OH1BV01,21653,SUPORTE TV UNIVERSAL LCD/LED 10 A 71 SBRUB750
20191112,99FLMP01,21653,SUPORTE TV UNIVERSAL LCD/LED 10 A 71 SBRUB750
20191112,99FLMP01,25998,"TELEVISOR 43"" 43S6500FS FULL HD SEMP TCL     "
20191112,20554201,25996,"TELEVISOR 32"" 32S6500S HD LED SEMP TCL       "
20191112,20554201,21653,SUPORTE TV UNIVERSAL LCD/LED 10 A 71 SBRUB750
20191111,000T8V01,21653,SUPORTE TV UNIVERSAL LCD/LED 10 A 71 SBRUB750
20191111,000T0R01,21653,SUPORTE TV UNIVERSAL LCD/LED 10 A 71 SBRUB750
20191111,000SZV01,21653,SUPORTE TV UNIVERSAL LCD/LED 10 A 71 SBRUB750
20191111,000T3S01,25996,"TELEVISOR 32"" 32S6500S HD LED SEMP TCL       "
20191111,000T3S01,21653,SUPORTE TV UNIVERSAL LCD/LED 10 A 71 SBRUB750
20191111,000T0101,21653,SUPORTE TV UNIVERSAL LCD/LED 10 A 71 SBRUB750
20191111,000SWC01,21653,SUPORTE TV UNIVERSAL LCD/LED 10 A 71 SBRUB750
20191111,000T2H01,21653,SUPORTE TV UNIVERSAL LCD/LED 10 A 71 SBRUB750
20191111,000T7M01,21653,SUPORTE TV UNIVERSAL LCD/LED 10 A 71 SBRUB750
20191111,84609401,25108,MINI SYSTEM MHC-M60D SONY                    
20191111,99HVSK01,26007,SMARTPHONE SAMSUNG GAL A30 A305 64GB AZUL    
20191111,11339701,25718,"TELEVISOR SMART 50"" 50P65US ULTRA HD 4K      "
20191111,11339701,21653,SUPORTE TV UNIVERSAL LCD/LED 10 A 71 SBRUB750
20191111,99J6EW01,21653,SUPORTE TV UNIVERSAL LCD/LED 10 A 71 SBRUB750
20191111,99HQ9L01,21653,SUPORTE TV UNIVERSAL LCD/LED 10 A 71 SBRUB750
20191111,46881601,25998,"TELEVISOR 43"" 43S6500FS FULL HD SEMP TCL     "
20191111,999PU801,21653,SUPORTE TV UNIVERSAL LCD/LED 10 A 71 SBRUB750
20191111,999PU801,26243,SUPORTE UNIV. BEDIN BU-25                    
20191111,99EU4Q01,21653,SUPORTE TV UNIVERSAL LCD/LED 10 A 71 SBRUB750
20191111,9O0CF701,25997,"TELEVISOR 40"" 40S6500FS HD LED SEMP TCL      "
20191111,99BOVR01,21653,SUPORTE TV UNIVERSAL LCD/LED 10 A 71 SBRUB750
20191111,9O0CF701,25726,SMARTPHONE SAMSUNG GAL J2 CORE 16GB PRETO    
20191111,9O0CF701,21653,SUPORTE TV UNIVERSAL LCD/LED 10 A 71 SBRUB750
20191111,99EF4Q01,23376,"TELEVISOR SMART 48"" KDL-48W655D SONY         "
20191111,99EF4Q01,21653,SUPORTE TV UNIVERSAL LCD/LED 10 A 71 SBRUB750
20191111,90526601,21653,SUPORTE TV UNIVERSAL LCD/LED 10 A 71 SBRUB750
20191111,43530201,26432,AUTO RADIO AR-06 PRETO                       
20191111,99BXFQ01,25727,SMARTPHONE SAMSUNG GAL J2 CORE 16GB PRATA    
20191111,93812001,21653,SUPORTE TV UNIVERSAL LCD/LED 10 A 71 SBRUB750
20191111,17678701,25995,"TELEVISOR 24"" S1300 L1850 HD LED SEMP TCL    "
20191111,99H8GU01,21653,SUPORTE TV UNIVERSAL LCD/LED 10 A 71 SBRUB750
20191111,01270901,21653,SUPORTE TV UNIVERSAL LCD/LED 10 A 71 SBRUB750
20191111,01270901,24716,RECEPTOR MIDIA BOX HDTV B3                   
20191111,9OBX1M01,21653,SUPORTE TV UNIVERSAL LCD/LED 10 A 71 SBRUB750
20191111,99GZAQ01,21653,SUPORTE TV UNIVERSAL LCD/LED 10 A 71 SBRUB750
20191111,99KNK401,21653,SUPORTE TV UNIVERSAL LCD/LED 10 A 71 SBRUB750
20191111,03137401,21653,SUPORTE TV UNIVERSAL LCD/LED 10 A 71 SBRUB750
20191111,9O4FKA01,25884,CAIXA AMPLIFICADA MCO-07 MULTI CONNECT       
20191111,9OBQGY01,25906,"TELEVISOR SMART 65"" UHD BT UN65RU7100 SAMSUNG"
20191111,9OBQGY01,21653,SUPORTE TV UNIVERSAL LCD/LED 10 A 71 SBRUB750
20191111,9OHNQO01,21653,SUPORTE TV UNIVERSAL LCD/LED 10 A 71 SBRUB750
20191111,9OBE6Y01,25996,"TELEVISOR 32"" 32S6500S HD LED SEMP TCL       "
20191111,9OBE6Y01,21653,SUPORTE TV UNIVERSAL LCD/LED 10 A 71 SBRUB750
20191111,9ON97201,21653,SUPORTE TV UNIVERSAL LCD/LED 10 A 71 SBRUB750
20191111,99L7D501,23376,"TELEVISOR SMART 48"" KDL-48W655D SONY         "
20191111,99KCLX01,21653,SUPORTE TV UNIVERSAL LCD/LED 10 A 71 SBRUB750
20191111,99KCLX01,25996,"TELEVISOR 32"" 32S6500S HD LED SEMP TCL       "
20191111,99MYL601,21653,SUPORTE TV UNIVERSAL LCD/LED 10 A 71 SBRUB750
20191111,99BP7Y01,23376,"TELEVISOR SMART 48"" KDL-48W655D SONY         "
20191111,99BP7Y01,21653,SUPORTE TV UNIVERSAL LCD/LED 10 A 71 SBRUB750
20191111,99PM9P01,26003,SMARTPHONE SAMSUNG GAL A20  A205 32GB PRETO  
20191111,99A6HN01,21653,SUPORTE TV UNIVERSAL LCD/LED 10 A 71 SBRUB750
20191111,99A6HN01,21653,SUPORTE TV UNIVERSAL LCD/LED 10 A 71 SBRUB750
20191111,75028801,21653,SUPORTE TV UNIVERSAL LCD/LED 10 A 71 SBRUB750
20191111,99BVG101,14537,PEN DRIVE 16GB PD588 TWIST PRETO             
20191111,99E6SY01,21653,SUPORTE TV UNIVERSAL LCD/LED 10 A 71 SBRUB750
20191111,99E6SY01,25998,"TELEVISOR 43"" 43S6500FS FULL HD SEMP TCL     "
20191111,99IUMC01,21653,SUPORTE TV UNIVERSAL LCD/LED 10 A 71 SBRUB750
20191111,99H2B301,21653,SUPORTE TV UNIVERSAL LCD/LED 10 A 71 SBRUB750
20191111,99IVWR01,23447,REPETIDOR RE051 300MPS WPS MULTILASER        
20191111,99IVWR01,25975,PEN DRIVE SONY MINI METALICO USM16MX 16GB    
20191111,80528401,21653,SUPORTE TV UNIVERSAL LCD/LED 10 A 71 SBRUB750
20191111,59452401,21653,SUPORTE TV UNIVERSAL LCD/LED 10 A 71 SBRUB750
20191111,59452401,24483,"TELEVISOR SMART 49"" 4K KDL-49X705E SONY      "
20191111,20698501,21653,SUPORTE TV UNIVERSAL LCD/LED 10 A 71 SBRUB750
20191111,39345601,25996,"TELEVISOR 32"" 32S6500S HD LED SEMP TCL       "
20191111,39345601,21653,SUPORTE TV UNIVERSAL LCD/LED 10 A 71 SBRUB750
20191111,99DLPS01,21653,SUPORTE TV UNIVERSAL LCD/LED 10 A 71 SBRUB750
20191111,90105001,21653,SUPORTE TV UNIVERSAL LCD/LED 10 A 71 SBRUB750
20191111,53028901,21653,SUPORTE TV UNIVERSAL LCD/LED 10 A 71 SBRUB750
20191111,53028901,24374,"TELEVISOR SMART 43"" 4K 43UJ6565 LG           "
20191111,14770901,21653,SUPORTE TV UNIVERSAL LCD/LED 10 A 71 SBRUB750
20191111,9OPXHT01,21653,SUPORTE TV UNIVERSAL LCD/LED 10 A 71 SBRUB750
20191111,99AV2P01,21653,SUPORTE TV UNIVERSAL LCD/LED 10 A 71 SBRUB750
20191111,99AE8D01,26325,"TELEVISOR SMART 43"" 43S5300 HD BLUET SEMP TCL"
20191111,99AE8D01,21653,SUPORTE TV UNIVERSAL LCD/LED 10 A 71 SBRUB750
20191111,9OP0DD01,21653,SUPORTE TV UNIVERSAL LCD/LED 10 A 71 SBRUB750
20191111,99BG8X01,26324,"TELEVISOR SMART 32"" 32S5300 HD BLUET SEMP TCL"
20191111,17652301,21653,SUPORTE TV UNIVERSAL LCD/LED 10 A 71 SBRUB750
20191111,17652301,21653,SUPORTE TV UNIVERSAL LCD/LED 10 A 71 SBRUB750
20191111,24096801,21653,SUPORTE TV UNIVERSAL LCD/LED 10 A 71 SBRUB750
20191111,24096801,25998,"TELEVISOR 43"" 43S6500FS FULL HD SEMP TCL     "
20191111,9OOJZX01,21653,SUPORTE TV UNIVERSAL LCD/LED 10 A 71 SBRUB750
20191111,15269901,25366,TABLET NB728 MINI MS40G PRETO                
20191111,52751401,21653,SUPORTE TV UNIVERSAL LCD/LED 10 A 71 SBRUB750
20191111,05889201,21653,SUPORTE TV UNIVERSAL LCD/LED 10 A 71 SBRUB750
20191111,03511501,25239,TABLET NB710 MS60 PRETO/PRATA MULTILASER     
20191111,9OO8IQ01,21653,SUPORTE TV UNIVERSAL LCD/LED 10 A 71 SBRUB750
20191111,83358501,21653,SUPORTE TV UNIVERSAL LCD/LED 10 A 71 SBRUB750
20191111,85692201,25998,"TELEVISOR 43"" 43S6500FS FULL HD SEMP TCL     "
20191111,85692201,21653,SUPORTE TV UNIVERSAL LCD/LED 10 A 71 SBRUB750
20191111,9OAZJ201,21653,SUPORTE TV UNIVERSAL LCD/LED 10 A 71 SBRUB750
20191111,9NZB6101,21653,SUPORTE TV UNIVERSAL LCD/LED 10 A 71 SBRUB750
20191111,999T4501,21653,SUPORTE TV UNIVERSAL LCD/LED 10 A 71 SBRUB750
20191111,9O2D7601,21653,SUPORTE TV UNIVERSAL LCD/LED 10 A 71 SBRUB750
20191111,9O8YKM01,21653,SUPORTE TV UNIVERSAL LCD/LED 10 A 71 SBRUB750
20191111,78237401,20599,ROTEADOR RE160 300 MBPS NOVO (05)            
20191110,9OMQRH01,21653,SUPORTE TV UNIVERSAL LCD/LED 10 A 71 SBRUB750
20191110,99GNQZ01,21653,SUPORTE TV UNIVERSAL LCD/LED 10 A 71 SBRUB750
20191110,99GNQZ01,26344,"TELEVISOR SMART 50"" P6US ULTRA HD 4K HDR SEMP"
20191110,99EU4Q01,25545,"TELEVISOR SMART 40"" TC40FS600B PANASONIC     "
20191110,9O0YG501,21653,SUPORTE TV UNIVERSAL LCD/LED 10 A 71 SBRUB750
20191110,76233901,23802,BOOMBOX BX-19 BIVOLT UP DYNAMIC              
20191110,9NZ4XO01,21653,SUPORTE TV UNIVERSAL LCD/LED 10 A 71 SBRUB750
20191109,000S7J01,21653,SUPORTE TV UNIVERSAL LCD/LED 10 A 71 SBRUB750
20191109,000P3J01,21653,SUPORTE TV UNIVERSAL LCD/LED 10 A 71 SBRUB750
20191109,000RZ301,25996,"TELEVISOR 32"" 32S6500S HD LED SEMP TCL       "
20191109,000RZ301,21653,SUPORTE TV UNIVERSAL LCD/LED 10 A 71 SBRUB750
20191109,000SEP01,21653,SUPORTE TV UNIVERSAL LCD/LED 10 A 71 SBRUB750
20191109,9O41XJ01,21653,SUPORTE TV UNIVERSAL LCD/LED 10 A 71 SBRUB750
20191109,9O41XJ01,25998,"TELEVISOR 43"" 43S6500FS FULL HD SEMP TCL     "
20191109,9OE8KB01,21653,SUPORTE TV UNIVERSAL LCD/LED 10 A 71 SBRUB750
20191109,99QD8P01,21653,SUPORTE TV UNIVERSAL LCD/LED 10 A 71 SBRUB750
20191109,9OHAO301,21653,SUPORTE TV UNIVERSAL LCD/LED 10 A 71 SBRUB750
20191109,9OHAO301,25996,"TELEVISOR 32"" 32S6500S HD LED SEMP TCL       "
20191109,9OI55Z01,21653,SUPORTE TV UNIVERSAL LCD/LED 10 A 71 SBRUB750
20191109,9OEXR601,21653,SUPORTE TV UNIVERSAL LCD/LED 10 A 71 SBRUB750
20191109,99GU5101,21653,SUPORTE TV UNIVERSAL LCD/LED 10 A 71 SBRUB750
20191109,9OPHG001,25677,SMARTPHONE MOTOROLA MOTO G7 POWER XT1955-1 AZ
20191109,9OR3LW01,26325,"TELEVISOR SMART 43"" 43S5300 HD BLUET SEMP TCL"
20191109,9ONRWH01,25211,TABLET NB276 M7S 3G PLUS 8GB DOURADO         
20191109,9O40AM01,24716,RECEPTOR MIDIA BOX HDTV B3                   
20191109,9OA2O501,26181,RADIO PORTATIL MULTIBANDA TR849              
20191109,9OA2O501,14537,PEN DRIVE 16GB PD588 TWIST PRETO             
20191109,02362501,21653,SUPORTE TV UNIVERSAL LCD/LED 10 A 71 SBRUB750
20191109,02362501,25996,"TELEVISOR 32"" 32S6500S HD LED SEMP TCL       "
20191109,99LCOD01,21653,SUPORTE TV UNIVERSAL LCD/LED 10 A 71 SBRUB750
20191109,9O5XFP01,25996,"TELEVISOR 32"" 32S6500S HD LED SEMP TCL       "
20191109,49342401,25173,SMARTPHONE LG K9 TV LM-X210BMW INDIGO        
20191109,15331201,21653,SUPORTE TV UNIVERSAL LCD/LED 10 A 71 SBRUB750
20191109,15331201,26243,SUPORTE UNIV. BEDIN BU-25                    
20191109,09171201,21653,SUPORTE TV UNIVERSAL LCD/LED 10 A 71 SBRUB750
20191109,09171201,24716,RECEPTOR MIDIA BOX HDTV B3                   
20191109,09171201,25996,"TELEVISOR 32"" 32S6500S HD LED SEMP TCL       "
20191109,999G2401,21653,SUPORTE TV UNIVERSAL LCD/LED 10 A 71 SBRUB750
20191109,52088701,21653,SUPORTE TV UNIVERSAL LCD/LED 10 A 71 SBRUB750
20191109,22958201,21653,SUPORTE TV UNIVERSAL LCD/LED 10 A 71 SBRUB750
20191109,22958201,26344,"TELEVISOR SMART 50"" P6US ULTRA HD 4K HDR SEMP"
20191109,99ECS901,21653,SUPORTE TV UNIVERSAL LCD/LED 10 A 71 SBRUB750
20191109,24801101,21653,SUPORTE TV UNIVERSAL LCD/LED 10 A 71 SBRUB750
20191109,9OB4UR01,26003,SMARTPHONE SAMSUNG GAL A20  A205 32GB PRETO  
20191109,9OCDG501,21653,SUPORTE TV UNIVERSAL LCD/LED 10 A 71 SBRUB750
20191109,9O9N7L01,21653,SUPORTE TV UNIVERSAL LCD/LED 10 A 71 SBRUB750
20191109,9O7Q8801,21653,SUPORTE TV UNIVERSAL LCD/LED 10 A 71 SBRUB750
20191109,9O686501,25996,"TELEVISOR 32"" 32S6500S HD LED SEMP TCL       "
20191109,9O686501,21653,SUPORTE TV UNIVERSAL LCD/LED 10 A 71 SBRUB750
20191109,9O4VIA01,21653,SUPORTE TV UNIVERSAL LCD/LED 10 A 71 SBRUB750
20191109,9OPZIP01,25704,CAIXA AMPLIFICADA CM-14 MULT CONECT          
20191109,99M9S501,21653,SUPORTE TV UNIVERSAL LCD/LED 10 A 71 SBRUB750
20191109,99LXD401,21653,SUPORTE TV UNIVERSAL LCD/LED 10 A 71 SBRUB750
20191109,99IS2J01,21653,SUPORTE TV UNIVERSAL LCD/LED 10 A 71 SBRUB750
20191109,99HIKW01,21653,SUPORTE TV UNIVERSAL LCD/LED 10 A 71 SBRUB750
20191109,999UJ201,21653,SUPORTE TV UNIVERSAL LCD/LED 10 A 71 SBRUB750
20191109,99A7XS01,21653,SUPORTE TV UNIVERSAL LCD/LED 10 A 71 SBRUB750
20191109,9OQNO401,23375,"TELEVISOR SMART 40"" KDL-40W655D SONY         "
20191109,9OQNO401,21653,SUPORTE TV UNIVERSAL LCD/LED 10 A 71 SBRUB750
20191109,9OQNO401,23376,"TELEVISOR SMART 48"" KDL-48W655D SONY         "
20191109,9OQNO401,21653,SUPORTE TV UNIVERSAL LCD/LED 10 A 71 SBRUB750
20191109,99A70801,21653,SUPORTE TV UNIVERSAL LCD/LED 10 A 71 SBRUB750
20191109,82426701,21653,SUPORTE TV UNIVERSAL LCD/LED 10 A 71 SBRUB750
20191109,99GXSN01,21653,SUPORTE TV UNIVERSAL LCD/LED 10 A 71 SBRUB750
20191109,83685801,21653,SUPORTE TV UNIVERSAL LCD/LED 10 A 71 SBRUB750
20191109,98005101,21653,SUPORTE TV UNIVERSAL LCD/LED 10 A 71 SBRUB750
20191109,99CDXQ01,21653,SUPORTE TV UNIVERSAL LCD/LED 10 A 71 SBRUB750
20191109,99CDXQ01,26344,"TELEVISOR SMART 50"" P6US ULTRA HD 4K HDR SEMP"
20191109,99F0MX01,23375,"TELEVISOR SMART 40"" KDL-40W655D SONY         "
20191109,99F0MX01,21653,SUPORTE TV UNIVERSAL LCD/LED 10 A 71 SBRUB750
20191109,99F0MX01,22978,CONJ.SC-AKX100LBK PANASONIC                  
20191109,99GZXY01,25981,SMARTPHONE SAMSUNG GAL A10  A105 32GB PRETO  
20191109,14075501,21653,SUPORTE TV UNIVERSAL LCD/LED 10 A 71 SBRUB750
20191109,999KZT01,21653,SUPORTE TV UNIVERSAL LCD/LED 10 A 71 SBRUB750
20191109,9OQKXA01,21653,SUPORTE TV UNIVERSAL LCD/LED 10 A 71 SBRUB750
20191109,99DBPB01,21653,SUPORTE TV UNIVERSAL LCD/LED 10 A 71 SBRUB750
20191109,99DBPB01,26344,"TELEVISOR SMART 50"" P6US ULTRA HD 4K HDR SEMP"
20191109,9OPIE101,21653,SUPORTE TV UNIVERSAL LCD/LED 10 A 71 SBRUB750
20191109,9OPIE101,25996,"TELEVISOR 32"" 32S6500S HD LED SEMP TCL       "
20191109,99BDS901,21653,SUPORTE TV UNIVERSAL LCD/LED 10 A 71 SBRUB750
20191109,99MB2E01,26344,"TELEVISOR SMART 50"" P6US ULTRA HD 4K HDR SEMP"
20191109,99MB2E01,21653,SUPORTE TV UNIVERSAL LCD/LED 10 A 71 SBRUB750
20191109,99IIEY01,25996,"TELEVISOR 32"" 32S6500S HD LED SEMP TCL       "
20191109,23742401,21653,SUPORTE TV UNIVERSAL LCD/LED 10 A 71 SBRUB750
20191109,85707201,21653,SUPORTE TV UNIVERSAL LCD/LED 10 A 71 SBRUB750
20191109,99E1P501,21653,SUPORTE TV UNIVERSAL LCD/LED 10 A 71 SBRUB750
20191109,9O1C1A01,26243,SUPORTE UNIV. BEDIN BU-25                    
20191109,13087001,21653,SUPORTE TV UNIVERSAL LCD/LED 10 A 71 SBRUB750
20191109,11549701,21653,SUPORTE TV UNIVERSAL LCD/LED 10 A 71 SBRUB750
20191109,99CUYV01,21653,SUPORTE TV UNIVERSAL LCD/LED 10 A 71 SBRUB750
20191109,99CUYV01,25996,"TELEVISOR 32"" 32S6500S HD LED SEMP TCL       "
20191109,9NXATS01,21653,SUPORTE TV UNIVERSAL LCD/LED 10 A 71 SBRUB750
20191109,9NXATS01,25996,"TELEVISOR 32"" 32S6500S HD LED SEMP TCL       "
20191109,99GOWN01,21653,SUPORTE TV UNIVERSAL LCD/LED 10 A 71 SBRUB750
20191109,71703801,25729,SMARTPHONE SAMSUNG GAL J4 CORE 16GB COBRE    
20191109,99A9ZJ01,21653,SUPORTE TV UNIVERSAL LCD/LED 10 A 71 SBRUB750
20191109,99FB2U01,21653,SUPORTE TV UNIVERSAL LCD/LED 10 A 71 SBRUB750
20191109,99FB2U01,20599,ROTEADOR RE160 300 MBPS NOVO (05)            
20191109,99CL2P01,21653,SUPORTE TV UNIVERSAL LCD/LED 10 A 71 SBRUB750
20191109,9OBIPW01,21653,SUPORTE TV UNIVERSAL LCD/LED 10 A 71 SBRUB750
20191109,40525101,21653,SUPORTE TV UNIVERSAL LCD/LED 10 A 71 SBRUB750
20191109,9OCW6I01,21653,SUPORTE TV UNIVERSAL LCD/LED 10 A 71 SBRUB750
20191109,99MCRE01,25982,SMARTPHONE SAMSUNG GAL A10  A105 32GB AZUL   
20191109,99LYVU01,24045,"TELEVISOR SMART 43"" TC43SV700 PANASONIC      "
20191109,99I3XH01,21653,SUPORTE TV UNIVERSAL LCD/LED 10 A 71 SBRUB750
20191109,43914001,25481,SMARTPHONE LG K9 TV LM-X210BMW DOURADO       
20191109,25228401,21653,SUPORTE TV UNIVERSAL LCD/LED 10 A 71 SBRUB750
20191109,99FSMR01,21653,SUPORTE TV UNIVERSAL LCD/LED 10 A 71 SBRUB750
20191109,48721801,26243,SUPORTE UNIV. BEDIN BU-25                    
20191109,99FKKP01,21653,SUPORTE TV UNIVERSAL LCD/LED 10 A 71 SBRUB750
20191109,53939301,26325,"TELEVISOR SMART 43"" 43S5300 HD BLUET SEMP TCL"
20191109,53939301,21653,SUPORTE TV UNIVERSAL LCD/LED 10 A 71 SBRUB750
20191109,99DOP901,21653,SUPORTE TV UNIVERSAL LCD/LED 10 A 71 SBRUB750
20191109,9OMT6901,21653,SUPORTE TV UNIVERSAL LCD/LED 10 A 71 SBRUB750
20191109,9OMT6901,25355,"TELEVISOR SMART 43"" UN43J5290 SAMSUNG        "
20191108,000RKJ01,21653,SUPORTE TV UNIVERSAL LCD/LED 10 A 71 SBRUB750
20191108,000RS401,21653,SUPORTE TV UNIVERSAL LCD/LED 10 A 71 SBRUB750
20191108,000R6S01,21653,SUPORTE TV UNIVERSAL LCD/LED 10 A 71 SBRUB750
20191108,000R6S01,23375,"TELEVISOR SMART 40"" KDL-40W655D SONY         "
20191108,000R5001,21653,SUPORTE TV UNIVERSAL LCD/LED 10 A 71 SBRUB750
20191108,000RJF01,21653,SUPORTE TV UNIVERSAL LCD/LED 10 A 71 SBRUB750
20191108,000RJF01,25996,"TELEVISOR 32"" 32S6500S HD LED SEMP TCL       "
20191108,000RJP01,25996,"TELEVISOR 32"" 32S6500S HD LED SEMP TCL       "
20191108,000RJP01,21653,SUPORTE TV UNIVERSAL LCD/LED 10 A 71 SBRUB750
20191108,000RQE01,25996,"TELEVISOR 32"" 32S6500S HD LED SEMP TCL       "
20191108,000RIT01,21653,SUPORTE TV UNIVERSAL LCD/LED 10 A 71 SBRUB750
20191108,000R7E01,21653,SUPORTE TV UNIVERSAL LCD/LED 10 A 71 SBRUB750
20191108,000ROD01,25996,"TELEVISOR 32"" 32S6500S HD LED SEMP TCL       "
20191108,000ROD01,21653,SUPORTE TV UNIVERSAL LCD/LED 10 A 71 SBRUB750
20191108,9OQMBA01,21653,SUPORTE TV UNIVERSAL LCD/LED 10 A 71 SBRUB750
20191108,9OQMBA01,25996,"TELEVISOR 32"" 32S6500S HD LED SEMP TCL       "
20191108,000R8001,25545,"TELEVISOR SMART 40"" TC40FS600B PANASONIC     "
20191108,000R7C01,21653,SUPORTE TV UNIVERSAL LCD/LED 10 A 71 SBRUB750
20191108,000R8001,21653,SUPORTE TV UNIVERSAL LCD/LED 10 A 71 SBRUB750
20191108,97734401,21653,SUPORTE TV UNIVERSAL LCD/LED 10 A 71 SBRUB750
20191108,9OQWEI01,21653,SUPORTE TV UNIVERSAL LCD/LED 10 A 71 SBRUB750
20191108,9OL98C01,25172,SMARTPHONE LG K9 TV LM-X210BMW PRETO         
20191108,9OL98C01,21653,SUPORTE TV UNIVERSAL LCD/LED 10 A 71 SBRUB750
20191108,99GXD401,15713,SUPORTE PRETO TV LCD 10 A 55 BR ART SBRP130  
20191108,99GXD401,21653,SUPORTE TV UNIVERSAL LCD/LED 10 A 71 SBRUB750
20191108,999GJG01,21653,SUPORTE TV UNIVERSAL LCD/LED 10 A 71 SBRUB750
20191108,99O7RF01,25545,"TELEVISOR SMART 40"" TC40FS600B PANASONIC     "
20191108,99DFGG01,25996,"TELEVISOR 32"" 32S6500S HD LED SEMP TCL       "
20191108,99DFGG01,21653,SUPORTE TV UNIVERSAL LCD/LED 10 A 71 SBRUB750
20191108,99FWC901,21653,SUPORTE TV UNIVERSAL LCD/LED 10 A 71 SBRUB750
20191108,99FWC901,25996,"TELEVISOR 32"" 32S6500S HD LED SEMP TCL       "
20191108,11207701,21653,SUPORTE TV UNIVERSAL LCD/LED 10 A 71 SBRUB750
20191108,9NYE2401,26344,"TELEVISOR SMART 50"" P6US ULTRA HD 4K HDR SEMP"
20191108,9NYE2401,21653,SUPORTE TV UNIVERSAL LCD/LED 10 A 71 SBRUB750
20191108,9O6FRL01,21653,SUPORTE TV UNIVERSAL LCD/LED 10 A 71 SBRUB750
20191108,9OKA0F01,21653,SUPORTE TV UNIVERSAL LCD/LED 10 A 71 SBRUB750
20191108,9OC8WE01,21653,SUPORTE TV UNIVERSAL LCD/LED 10 A 71 SBRUB750
20191108,99EYCK01,21256,CELULAR BLU TANK II T193 DB PRETO AZUL       
20191108,95684001,21653,SUPORTE TV UNIVERSAL LCD/LED 10 A 71 SBRUB750
20191108,9OC8WE01,25545,"TELEVISOR SMART 40"" TC40FS600B PANASONIC     "
20191108,19243301,21653,SUPORTE TV UNIVERSAL LCD/LED 10 A 71 SBRUB750
20191108,52884501,21653,SUPORTE TV UNIVERSAL LCD/LED 10 A 71 SBRUB750
20191108,9OLBI701,21653,SUPORTE TV UNIVERSAL LCD/LED 10 A 71 SBRUB750
20191108,9OGGGZ01,21653,SUPORTE TV UNIVERSAL LCD/LED 10 A 71 SBRUB750
20191108,9OGGGZ01,25545,"TELEVISOR SMART 40"" TC40FS600B PANASONIC     "
20191108,61234001,21653,SUPORTE TV UNIVERSAL LCD/LED 10 A 71 SBRUB750
20191108,9OQFNZ01,21653,SUPORTE TV UNIVERSAL LCD/LED 10 A 71 SBRUB750
20191108,9O1BJS01,14537,PEN DRIVE 16GB PD588 TWIST PRETO             
20191108,9OA52U01,21653,SUPORTE TV UNIVERSAL LCD/LED 10 A 71 SBRUB750
20191108,99LGFO01,26344,"TELEVISOR SMART 50"" P6US ULTRA HD 4K HDR SEMP"
20191108,99LGFO01,21653,SUPORTE TV UNIVERSAL LCD/LED 10 A 71 SBRUB750
20191108,99O8I101,26460,CAIXA DE SOM AMPLIF.TROLLEY 8 POL SP329      
20191108,99FCFK01,21653,SUPORTE TV UNIVERSAL LCD/LED 10 A 71 SBRUB750
20191108,99BXD401,21653,SUPORTE TV UNIVERSAL LCD/LED 10 A 71 SBRUB750
20191108,99BXD401,25996,"TELEVISOR 32"" 32S6500S HD LED SEMP TCL       "
20191108,99DPHE01,25996,"TELEVISOR 32"" 32S6500S HD LED SEMP TCL       "
20191108,99DPHE01,21653,SUPORTE TV UNIVERSAL LCD/LED 10 A 71 SBRUB750
20191108,99CKD101,21653,SUPORTE TV UNIVERSAL LCD/LED 10 A 71 SBRUB750
20191108,21864201,25173,SMARTPHONE LG K9 TV LM-X210BMW INDIGO        
20191108,99FQW101,21653,SUPORTE TV UNIVERSAL LCD/LED 10 A 71 SBRUB750
20191108,53834201,21653,SUPORTE TV UNIVERSAL LCD/LED 10 A 71 SBRUB750
20191108,99ESIE01,26243,SUPORTE UNIV. BEDIN BU-25                    
20191108,99951901,21653,SUPORTE TV UNIVERSAL LCD/LED 10 A 71 SBRUB750
20191108,95698701,25355,"TELEVISOR SMART 43"" UN43J5290 SAMSUNG        "
20191108,95698701,21653,SUPORTE TV UNIVERSAL LCD/LED 10 A 71 SBRUB750
20191108,16402801,21653,SUPORTE TV UNIVERSAL LCD/LED 10 A 71 SBRUB750
20191108,00431901,25996,"TELEVISOR 32"" 32S6500S HD LED SEMP TCL       "
20191108,99DDNF01,25173,SMARTPHONE LG K9 TV LM-X210BMW INDIGO        
20191108,50525801,21653,SUPORTE TV UNIVERSAL LCD/LED 10 A 71 SBRUB750
20191108,9O2EI801,26243,SUPORTE UNIV. BEDIN BU-25                    
20191108,9O2EI801,14537,PEN DRIVE 16GB PD588 TWIST PRETO             
20191108,99AMBO01,25982,SMARTPHONE SAMSUNG GAL A10  A105 32GB AZUL   
20191108,99CDM701,25996,"TELEVISOR 32"" 32S6500S HD LED SEMP TCL       "
20191108,99CDM701,21653,SUPORTE TV UNIVERSAL LCD/LED 10 A 71 SBRUB750
20191108,14147601,21653,SUPORTE TV UNIVERSAL LCD/LED 10 A 71 SBRUB750
20191108,99ATVZ01,21653,SUPORTE TV UNIVERSAL LCD/LED 10 A 71 SBRUB750
20191108,99ATVZ01,25997,"TELEVISOR 40"" 40S6500FS HD LED SEMP TCL      "
20191108,19796201,25355,"TELEVISOR SMART 43"" UN43J5290 SAMSUNG        "
20191108,98857701,25996,"TELEVISOR 32"" 32S6500S HD LED SEMP TCL       "
20191108,16911401,21653,SUPORTE TV UNIVERSAL LCD/LED 10 A 71 SBRUB750
20191108,9OLRN501,21653,SUPORTE TV UNIVERSAL LCD/LED 10 A 71 SBRUB750
20191108,51146901,21653,SUPORTE TV UNIVERSAL LCD/LED 10 A 71 SBRUB750
20191108,9OPH8G01,21653,SUPORTE TV UNIVERSAL LCD/LED 10 A 71 SBRUB750
20191108,9OPH8G01,25997,"TELEVISOR 40"" 40S6500FS HD LED SEMP TCL      "
20191108,99A73X01,14537,PEN DRIVE 16GB PD588 TWIST PRETO             
20191108,99A73X01,21653,SUPORTE TV UNIVERSAL LCD/LED 10 A 71 SBRUB750
20191108,999EP601,21653,SUPORTE TV UNIVERSAL LCD/LED 10 A 71 SBRUB750
20191108,999JII01,21653,SUPORTE TV UNIVERSAL LCD/LED 10 A 71 SBRUB750
20191108,24628301,21653,SUPORTE TV UNIVERSAL LCD/LED 10 A 71 SBRUB750
20191108,9OK0XF01,26004,SMARTPHONE SAMSUNG GAL A20  A205 32GB AZUL   
20191108,99BTFX01,21653,SUPORTE TV UNIVERSAL LCD/LED 10 A 71 SBRUB750
20191108,9OL28F01,21653,SUPORTE TV UNIVERSAL LCD/LED 10 A 71 SBRUB750
20191108,99285801,21653,SUPORTE TV UNIVERSAL LCD/LED 10 A 71 SBRUB750
20191108,99285801,24335,"TELEVISOR SMART 43"" L43S4900FS SEMP TCL      "
20191108,94103701,21653,SUPORTE TV UNIVERSAL LCD/LED 10 A 71 SBRUB750
20191108,99CD9101,21653,SUPORTE TV UNIVERSAL LCD/LED 10 A 71 SBRUB750
20191108,99CD9101,25996,"TELEVISOR 32"" 32S6500S HD LED SEMP TCL       "
20191108,9OEMWN01,21653,SUPORTE TV UNIVERSAL LCD/LED 10 A 71 SBRUB750
20191108,99F4ZO01,21653,SUPORTE TV UNIVERSAL LCD/LED 10 A 71 SBRUB750
20191108,95031601,21653,SUPORTE TV UNIVERSAL LCD/LED 10 A 71 SBRUB750
20191108,9ODWKS01,21653,SUPORTE TV UNIVERSAL LCD/LED 10 A 71 SBRUB750
20191108,9O7C7U01,21653,SUPORTE TV UNIVERSAL LCD/LED 10 A 71 SBRUB750
20191108,99FAY401,21653,SUPORTE TV UNIVERSAL LCD/LED 10 A 71 SBRUB750
20191108,11137701,21653,SUPORTE TV UNIVERSAL LCD/LED 10 A 71 SBRUB750
20191108,99E7Z601,21653,SUPORTE TV UNIVERSAL LCD/LED 10 A 71 SBRUB750
20191108,14681201,21653,SUPORTE TV UNIVERSAL LCD/LED 10 A 71 SBRUB750
20191108,14681201,25996,"TELEVISOR 32"" 32S6500S HD LED SEMP TCL       "
20191108,53258701,21653,SUPORTE TV UNIVERSAL LCD/LED 10 A 71 SBRUB750
20191108,99D6IK01,25211,TABLET NB276 M7S 3G PLUS 8GB DOURADO         
20191108,72197001,25481,SMARTPHONE LG K9 TV LM-X210BMW DOURADO       
20191108,99DCOT01,21653,SUPORTE TV UNIVERSAL LCD/LED 10 A 71 SBRUB750
20191107,000QIK01,21653,SUPORTE TV UNIVERSAL LCD/LED 10 A 71 SBRUB750
20191107,000QFI01,21653,SUPORTE TV UNIVERSAL LCD/LED 10 A 71 SBRUB750
20191107,000QTZ01,25995,"TELEVISOR 24"" S1300 L1850 HD LED SEMP TCL    "
20191107,000QTZ01,21653,SUPORTE TV UNIVERSAL LCD/LED 10 A 71 SBRUB750
20191107,99HH3P01,21653,SUPORTE TV UNIVERSAL LCD/LED 10 A 71 SBRUB750
20191107,000QOM01,21653,SUPORTE TV UNIVERSAL LCD/LED 10 A 71 SBRUB750
20191107,000QO001,21653,SUPORTE TV UNIVERSAL LCD/LED 10 A 71 SBRUB750
20191107,9OQDW801,21653,SUPORTE TV UNIVERSAL LCD/LED 10 A 71 SBRUB750
20191107,21861601,21653,SUPORTE TV UNIVERSAL LCD/LED 10 A 71 SBRUB750
20191107,04318801,21653,SUPORTE TV UNIVERSAL LCD/LED 10 A 71 SBRUB750
20191107,31712801,21653,SUPORTE TV UNIVERSAL LCD/LED 10 A 71 SBRUB750
20191107,9NY3JL01,21653,SUPORTE TV UNIVERSAL LCD/LED 10 A 71 SBRUB750
20191107,99850401,21653,SUPORTE TV UNIVERSAL LCD/LED 10 A 71 SBRUB750
20191107,99850401,26243,SUPORTE UNIV. BEDIN BU-25                    
20191107,34335301,21653,SUPORTE TV UNIVERSAL LCD/LED 10 A 71 SBRUB750
20191107,55998601,21653,SUPORTE TV UNIVERSAL LCD/LED 10 A 71 SBRUB750
20191107,99G4ED01,21653,SUPORTE TV UNIVERSAL LCD/LED 10 A 71 SBRUB750
20191107,9ONZ4801,21653,SUPORTE TV UNIVERSAL LCD/LED 10 A 71 SBRUB750
20191107,79211901,21653,SUPORTE TV UNIVERSAL LCD/LED 10 A 71 SBRUB750
20191107,99DEM701,21653,SUPORTE TV UNIVERSAL LCD/LED 10 A 71 SBRUB750
20191107,99QFHY01,21653,SUPORTE TV UNIVERSAL LCD/LED 10 A 71 SBRUB750
20191107,9O08DS01,21653,SUPORTE TV UNIVERSAL LCD/LED 10 A 71 SBRUB750
20191107,9O08DS01,25545,"TELEVISOR SMART 40"" TC40FS600B PANASONIC     "
20191107,99KPA901,21653,SUPORTE TV UNIVERSAL LCD/LED 10 A 71 SBRUB750
20191107,12886701,21653,SUPORTE TV UNIVERSAL LCD/LED 10 A 71 SBRUB750
20191107,99ECS901,25997,"TELEVISOR 40"" 40S6500FS HD LED SEMP TCL      "
20191107,99JGIF01,25996,"TELEVISOR 32"" 32S6500S HD LED SEMP TCL       "
20191107,9O6PID01,21653,SUPORTE TV UNIVERSAL LCD/LED 10 A 71 SBRUB750
20191107,39907801,25354,"TELEVISOR SMART 32"" UN32J4290 SAMSUNG        "
20191107,16049501,26007,SMARTPHONE SAMSUNG GAL A30 A305 64GB AZUL    
20191107,99HJXE01,21653,SUPORTE TV UNIVERSAL LCD/LED 10 A 71 SBRUB750
20191107,99L5K501,25545,"TELEVISOR SMART 40"" TC40FS600B PANASONIC     "
20191107,99L5K501,21653,SUPORTE TV UNIVERSAL LCD/LED 10 A 71 SBRUB750
20191107,99MW0401,21653,SUPORTE TV UNIVERSAL LCD/LED 10 A 71 SBRUB750
20191107,9OPZIP01,21653,SUPORTE TV UNIVERSAL LCD/LED 10 A 71 SBRUB750
20191107,71860101,21653,SUPORTE TV UNIVERSAL LCD/LED 10 A 71 SBRUB750
20191107,95888501,21653,SUPORTE TV UNIVERSAL LCD/LED 10 A 71 SBRUB750
20191107,99BRQT01,21653,SUPORTE TV UNIVERSAL LCD/LED 10 A 71 SBRUB750
20191107,39907801,21653,SUPORTE TV UNIVERSAL LCD/LED 10 A 71 SBRUB750
20191107,77483201,21653,SUPORTE TV UNIVERSAL LCD/LED 10 A 71 SBRUB750
20191107,70577101,25996,"TELEVISOR 32"" 32S6500S HD LED SEMP TCL       "
20191107,70577101,21653,SUPORTE TV UNIVERSAL LCD/LED 10 A 71 SBRUB750
20191107,93825401,21653,SUPORTE TV UNIVERSAL LCD/LED 10 A 71 SBRUB750
20191107,75852201,21653,SUPORTE TV UNIVERSAL LCD/LED 10 A 71 SBRUB750
20191107,94893701,21653,SUPORTE TV UNIVERSAL LCD/LED 10 A 71 SBRUB750
20191107,19153701,21653,SUPORTE TV UNIVERSAL LCD/LED 10 A 71 SBRUB750
20191107,19153701,26344,"TELEVISOR SMART 50"" P6US ULTRA HD 4K HDR SEMP"
20191107,99AGVA01,21653,SUPORTE TV UNIVERSAL LCD/LED 10 A 71 SBRUB750
20191107,99AGVA01,25997,"TELEVISOR 40"" 40S6500FS HD LED SEMP TCL      "
20191107,42374001,23376,"TELEVISOR SMART 48"" KDL-48W655D SONY         "
20191107,42374001,21653,SUPORTE TV UNIVERSAL LCD/LED 10 A 71 SBRUB750
20191107,77483201,24911,"TELEVISOR SMART 43"" S3900FS SEMP TCL         "
20191107,9O3NQ801,25996,"TELEVISOR 32"" 32S6500S HD LED SEMP TCL       "
20191107,9O3NQ801,21653,SUPORTE TV UNIVERSAL LCD/LED 10 A 71 SBRUB750
20191107,97658001,25238,TABLET NB711 MS60 DOURADO/BRANCO MULTILASER  
20191107,90375001,21653,SUPORTE TV UNIVERSAL LCD/LED 10 A 71 SBRUB750
20191107,90375001,25996,"TELEVISOR 32"" 32S6500S HD LED SEMP TCL       "
20191107,99DBKD01,25355,"TELEVISOR SMART 43"" UN43J5290 SAMSUNG        "
20191107,46846301,21653,SUPORTE TV UNIVERSAL LCD/LED 10 A 71 SBRUB750
20191107,9OMJQ801,21653,SUPORTE TV UNIVERSAL LCD/LED 10 A 71 SBRUB750
20191107,9OM14Q01,21653,SUPORTE TV UNIVERSAL LCD/LED 10 A 71 SBRUB750
20191107,99B35301,21653,SUPORTE TV UNIVERSAL LCD/LED 10 A 71 SBRUB750
20191107,04360601,21653,SUPORTE TV UNIVERSAL LCD/LED 10 A 71 SBRUB750
20191107,07104201,25996,"TELEVISOR 32"" 32S6500S HD LED SEMP TCL       "
20191107,07104201,21653,SUPORTE TV UNIVERSAL LCD/LED 10 A 71 SBRUB750
20191107,9OJA5F01,25996,"TELEVISOR 32"" 32S6500S HD LED SEMP TCL       "
20191107,99EBZK01,25996,"TELEVISOR 32"" 32S6500S HD LED SEMP TCL       "
20191107,99EBZK01,21653,SUPORTE TV UNIVERSAL LCD/LED 10 A 71 SBRUB750
20191107,90519501,21653,SUPORTE TV UNIVERSAL LCD/LED 10 A 71 SBRUB750
20191107,24251801,21653,SUPORTE TV UNIVERSAL LCD/LED 10 A 71 SBRUB750
20191107,12879601,21653,SUPORTE TV UNIVERSAL LCD/LED 10 A 71 SBRUB750
20191107,12879601,25996,"TELEVISOR 32"" 32S6500S HD LED SEMP TCL       "
20191107,9O0BSY01,25998,"TELEVISOR 43"" 43S6500FS FULL HD SEMP TCL     "
20191107,9O0BSY01,21653,SUPORTE TV UNIVERSAL LCD/LED 10 A 71 SBRUB750
20191107,9O1UL401,21653,SUPORTE TV UNIVERSAL LCD/LED 10 A 71 SBRUB750
20191107,9O1UKU01,21653,SUPORTE TV UNIVERSAL LCD/LED 10 A 71 SBRUB750
20191107,9O7Y7W01,21653,SUPORTE TV UNIVERSAL LCD/LED 10 A 71 SBRUB750
20191107,9O7I3Z01,21653,SUPORTE TV UNIVERSAL LCD/LED 10 A 71 SBRUB750
20191107,9OCVP601,21653,SUPORTE TV UNIVERSAL LCD/LED 10 A 71 SBRUB750
20191107,9OACTK01,21653,SUPORTE TV UNIVERSAL LCD/LED 10 A 71 SBRUB750
20191107,9OAMAQ01,21653,SUPORTE TV UNIVERSAL LCD/LED 10 A 71 SBRUB750
20191107,99ED9201,21653,SUPORTE TV UNIVERSAL LCD/LED 10 A 71 SBRUB750
20191107,99MW4G01,21653,SUPORTE TV UNIVERSAL LCD/LED 10 A 71 SBRUB750
20191107,11331001,21653,SUPORTE TV UNIVERSAL LCD/LED 10 A 71 SBRUB750
20191107,06027401,21653,SUPORTE TV UNIVERSAL LCD/LED 10 A 71 SBRUB750
20191107,06027401,26325,"TELEVISOR SMART 43"" 43S5300 HD BLUET SEMP TCL"
20191107,99ER1T01,21653,SUPORTE TV UNIVERSAL LCD/LED 10 A 71 SBRUB750
20191107,99EZC401,21653,SUPORTE TV UNIVERSAL LCD/LED 10 A 71 SBRUB750
20191107,23609101,21653,SUPORTE TV UNIVERSAL LCD/LED 10 A 71 SBRUB750
20191106,000PZA01,21653,SUPORTE TV UNIVERSAL LCD/LED 10 A 71 SBRUB750
20191106,000PZA01,25546,"TELEVISOR SMART 32"" TC32FS600B PANASONIC     "
20191106,000Q0Y01,21653,SUPORTE TV UNIVERSAL LCD/LED 10 A 71 SBRUB750
20191106,000QAH01,21653,SUPORTE TV UNIVERSAL LCD/LED 10 A 71 SBRUB750
20191106,000PUA01,21653,SUPORTE TV UNIVERSAL LCD/LED 10 A 71 SBRUB750
20191106,9O7BBL01,21653,SUPORTE TV UNIVERSAL LCD/LED 10 A 71 SBRUB750
20191106,000QDB01,21653,SUPORTE TV UNIVERSAL LCD/LED 10 A 71 SBRUB750
20191106,000QDB01,25996,"TELEVISOR 32"" 32S6500S HD LED SEMP TCL       "
20191106,000Q5901,21653,SUPORTE TV UNIVERSAL LCD/LED 10 A 71 SBRUB750
20191106,96112701,21653,SUPORTE TV UNIVERSAL LCD/LED 10 A 71 SBRUB750
20191106,9O3K6G01,21653,SUPORTE TV UNIVERSAL LCD/LED 10 A 71 SBRUB750
20191106,61822101,21653,SUPORTE TV UNIVERSAL LCD/LED 10 A 71 SBRUB750
20191106,34335301,26243,SUPORTE UNIV. BEDIN BU-25                    
20191106,25230601,26005,SMARTPHONE SAMSUNG GAL A20  A205 32GB VERM   
20191106,99KZIK01,21653,SUPORTE TV UNIVERSAL LCD/LED 10 A 71 SBRUB750
20191106,99EMNC01,25727,SMARTPHONE SAMSUNG GAL J2 CORE 16GB PRATA    
20191106,99KDET01,21653,SUPORTE TV UNIVERSAL LCD/LED 10 A 71 SBRUB750
20191106,99C6R801,25982,SMARTPHONE SAMSUNG GAL A10  A105 32GB AZUL   
20191106,9O387H01,25983,SMARTPHONE SAMSUNG GAL A10  A105 32GB VERMELH
20191106,71062701,21653,SUPORTE TV UNIVERSAL LCD/LED 10 A 71 SBRUB750
20191106,9OOAM801,21653,SUPORTE TV UNIVERSAL LCD/LED 10 A 71 SBRUB750
20191106,92603101,21653,SUPORTE TV UNIVERSAL LCD/LED 10 A 71 SBRUB750
20191106,72527501,21653,SUPORTE TV UNIVERSAL LCD/LED 10 A 71 SBRUB750
20191106,24163701,25996,"TELEVISOR 32"" 32S6500S HD LED SEMP TCL       "
20191106,99FDN001,26004,SMARTPHONE SAMSUNG GAL A20  A205 32GB AZUL   
20191106,99K37Y01,21653,SUPORTE TV UNIVERSAL LCD/LED 10 A 71 SBRUB750
20191106,99MCQF01,21653,SUPORTE TV UNIVERSAL LCD/LED 10 A 71 SBRUB750
20191106,9O3EP401,21653,SUPORTE TV UNIVERSAL LCD/LED 10 A 71 SBRUB750
20191106,9O5OD901,21653,SUPORTE TV UNIVERSAL LCD/LED 10 A 71 SBRUB750
20191106,9O5OD901,25996,"TELEVISOR 32"" 32S6500S HD LED SEMP TCL       "
20191106,99BN9P01,21653,SUPORTE TV UNIVERSAL LCD/LED 10 A 71 SBRUB750
20191106,99EXP801,21653,SUPORTE TV UNIVERSAL LCD/LED 10 A 71 SBRUB750
20191106,13297101,21653,SUPORTE TV UNIVERSAL LCD/LED 10 A 71 SBRUB750
20191106,99I72901,21653,SUPORTE TV UNIVERSAL LCD/LED 10 A 71 SBRUB750